scr_path,true_brand,pred_brand,phish,tagBox,siamese_conf,url
apwg_sample_4190/2021-11/2021-11-16/2021-11-16-81737.png,Shopify,,0,tagBox0,0,myshopupdated.com
apwg_sample_4190/2021-10/2021-10-23/2021-10-23-143913.png,Instagram,Instagram,1,tagBox1,0.95367473,oc-caught-healing-pin.trycloudflare.com
apwg_sample_4190/2022-06/2022-06-09/2022-06-09-571681.png,PayPal,PayPal,1,tagBox1,0.90104616,103.157.253.194
apwg_sample_4190/2023-02/2023-02-25/2023-02-25-7497.png,AT&T,AT&T,1,tagBox1,0.97161806,maricruzrvr.wixsite.com
apwg_sample_4190/2021-07/2021-07-27/2021-07-27-16978.png,Itau,,0,tagBox1,0.7990151,302721e7-4e4e-415a-90ef-c32e6f66c17d.id.repl.co
apwg_sample_4190/2021-10/2021-10-09/2021-10-09-173796.png,Facebook,Facebook,1,tagBox1,0.87824166,images-r0y9yp964.salamazerbaycan.az
apwg_sample_4190/2021-08/2021-08-17/2021-08-17-33871.png,VTB Bank,,0,tagBox0,0,193.142.59.224
apwg_sample_4190/2021-09/2021-09-06/2021-09-06-16856.png,LinkedIn,,0,tagBox1,0.8823669,www.linkedin.com
apwg_sample_4190/2021-07/2021-07-20/2021-07-20-3566.png,PayPal,PayPal,1,tagBox1,0.8956331,www.scurelimited-paypal-sign.cloudns.cl
apwg_sample_4190/2021-09/2021-09-21/2021-09-21-234.png,Rabobank,,0,tagBox0,0,mystifying-hodgkin.109-71-253-24.plesk.page
apwg_sample_4190/2022-01/2022-01-05/2022-01-05-8469.png,Internal Revenue Service,IRS,1,tagBox1,0.9261346,web-irs-ein.com
apwg_sample_4190/2022-03/2022-03-03/2022-03-03-75947.png,Chase Bank,,0,tagBox1,0.7576481,sl.al
apwg_sample_4190/2021-08/2021-08-15/2021-08-15-34392.png,Credit Agricole,Credit Agricole S.A,1,tagBox1,0.9574828,censor.be
apwg_sample_4190/2021-09/2021-09-23/2021-09-23-20265.png,Chase Bank,,0,tagBox1,0.76557255,vacunatearg.mineolo.com
apwg_sample_4190/2021-10/2021-10-13/2021-10-13-26716.png,Microsoft,Microsoft,1,tagBox1,0.90440595,radiomanantial.cl
apwg_sample_4190/2022-06/2022-06-23/2022-06-23-41260.png,Santander Bank,Grupo Santander,1,tagBox1,0.9380722,cancellation-device-support.com
apwg_sample_4190/2021-09/2021-09-16/2021-09-16-1113.png,Amazon,Amazon,1,tagBox1,0.9526491,giorkle.com
apwg_sample_4190/2022-01/2022-01-15/2022-01-15-9941.png,Microsoft,Microsoft,1,tagBox1,0.8558549,ryanicolehoward.com
apwg_sample_4190/2021-09/2021-09-12/2021-09-12-30706.png,Facebook,Facebook,1,tagBox1,0.94408906,cfhuyatakola23.cf
apwg_sample_4190/2021-09/2021-09-03/2021-09-03-14783.png,VTB Bank,,0,tagBox0,0,185.46.8.71
apwg_sample_4190/2021-08/2021-08-29/2021-08-29-53668.png,Credit Agricole,Credit Agricole S.A,1,tagBox1,0.9633681,rebeccakontus.ee
apwg_sample_4190/2021-09/2021-09-03/2021-09-03-15314.png,Netflix,,0,tagBox0,0,fishermanager.com
apwg_sample_4190/2021-07/2021-07-27/2021-07-27-16733.png,DHL,DHL Airways,1,tagBox1,0.9448675,millestroincua.com
apwg_sample_4190/2023-07/2023-07-27/2023-07-27-35504.png,DHL,,0,tagBox1,0.79718,link.sbstck.com
apwg_sample_4190/2021-08/2021-08-15/2021-08-15-34861.png,Banco Pichincha,GMX Mail,1,tagBox1,0.8465992,hotelciudadsenoras.com
apwg_sample_4190/2021-07/2021-07-18/2021-07-18-14771.png,Halifax,Halifax Bank of Scotland Plc,1,tagBox1,0.8781843,www.lioyds-fraud-alert.com
apwg_sample_4190/2021-08/2021-08-20/2021-08-20-36500.png,Facebook,,0,tagBox1,0.6157641,128.199.174.138
apwg_sample_4190/2021-09/2021-09-27/2021-09-27-22904.png,Santander Bank,Grupo Santander,1,tagBox1,0.8706508,laraapi.technopremium.com
apwg_sample_4190/2023-05/2023-05-23/2023-05-23-27714.png,Apple,Apple,1,tagBox1,0.9122806,cleaningspot.co.uk
apwg_sample_4190/2021-08/2021-08-05/2021-08-05-17691.png,Ecco,,0,tagBox1,0.60936356,www.palladiumfrance.com
apwg_sample_4190/2022-03/2022-03-31/2022-03-31-46954.png,Adobe,Adobe,1,tagBox1,0.9154392,selincourse.buzz
apwg_sample_4190/2022-06/2022-06-24/2022-06-24-184916.png,Adobe,Adobe,1,tagBox1,0.9113275,demo.webnappmaker.in
apwg_sample_4190/2022-04/2022-04-20/2022-04-20-73697.png,Microsoft,Microsoft,1,tagBox1,0.9245534,madstsvvdfocxxxm-6079492.jcloud.kz
apwg_sample_4190/2021-08/2021-08-16/2021-08-16-11122.png,Ozon,,0,tagBox1,0.78939295,0-z-o.pp.ru
apwg_sample_4190/2021-10/2021-10-27/2021-10-27-64209.png,Chase Bank,,0,tagBox1,0.43490943,anasps.ibbca.com.br
apwg_sample_4190/2021-07/2021-07-21/2021-07-21-3867.png,PayPal,PayPal,1,tagBox1,0.94468486,t9y.me
apwg_sample_4190/2021-07/2021-07-20/2021-07-20-3537.png,DHL,DHL Airways,1,tagBox1,0.9171656,benendydododldldldjdjdjdjjdjdj.web.app
apwg_sample_4190/2021-07/2021-07-20/2021-07-20-462.png,Facebook,Facebook,1,tagBox1,0.9407767,view.genial.ly
apwg_sample_4190/2021-07/2021-07-20/2021-07-20-1184.png,Webmail,,0,tagBox1,0.90814364,webmail.login-imaps.info
apwg_sample_4190/2021-07/2021-07-22/2021-07-22-18305.png,Webmail,,0,tagBox1,0.6989474,cpanel.king-moroco.com
apwg_sample_4190/2021-07/2021-07-19/2021-07-19-24769.png,PayPal,PayPal,1,tagBox1,0.90104616,techhampton.com
apwg_sample_4190/2022-07/2022-07-15/2022-07-15-5140.png,OneDrive,Microsoft,1,tagBox1,0.87825847,higoldblackart.com
apwg_sample_4190/2021-07/2021-07-20/2021-07-20-3120.png,Facebook,Facebook,1,tagBox1,0.9407767,view.genial.ly
apwg_sample_4190/2021-09/2021-09-08/2021-09-08-30128.png,AOL,,0,tagBox1,0.76712036,wiijrifejfwiqjjwj.weebly.com
apwg_sample_4190/2021-07/2021-07-19/2021-07-19-24551.png,Webmail,,0,tagBox1,0.6989474,cpanel.remodelacion-construccion.com
apwg_sample_4190/2021-07/2021-07-22/2021-07-22-19116.png,Webmail,,0,tagBox1,0.6989474,cpanel.com-localiser.in
apwg_sample_4190/2021-07/2021-07-20/2021-07-20-882.png,Facebook,Facebook,1,tagBox1,0.9407767,view.genial.ly
apwg_sample_4190/2021-11/2021-11-01/2021-11-01-111796.png,Orange,,0,tagBox1,0.78464746,condescending-chaplygin.23-94-50-242.plesk.page
apwg_sample_4190/2021-08/2021-08-04/2021-08-04-47661.png,Twitter,,0,tagBox0,0,api.prooffactor.com
apwg_sample_4190/2021-07/2021-07-19/2021-07-19-22961.png,Facebook,Facebook,1,tagBox1,0.9407767,s.bitool.co
apwg_sample_4190/2021-07/2021-07-30/2021-07-30-21826.png,ING Group,ING,1,tagBox1,0.93794405,verifica-ingarancio-titolare.com
apwg_sample_4190/2021-10/2021-10-12/2021-10-12-51034.png,Intesa Sanpaolo,,0,tagBox1,0.7454394,assistenza-invio-xme.com
apwg_sample_4190/2021-09/2021-09-15/2021-09-15-28102.png,Lloyds Bank,Lloyds TSB Group,1,tagBox1,0.88216376,www.securelogin-unauthorised.com
apwg_sample_4190/2021-09/2021-09-08/2021-09-08-30039.png,ING Group,ING,1,tagBox1,0.91331387,rollingbeagles.com
apwg_sample_4190/2021-07/2021-07-17/2021-07-17-13304.png,Credit Agricole,Credit Agricole S.A,1,tagBox1,0.9637302,bdfbndfbdfjh.com
apwg_sample_4190/2021-07/2021-07-20/2021-07-20-1944.png,Facebook,Facebook,1,tagBox1,0.92124414,3km.us
apwg_sample_4190/2021-10/2021-10-13/2021-10-13-25860.png,Piraeus Bank,,0,tagBox0,0,www.perezyperezltda.cl
apwg_sample_4190/2021-08/2021-08-11/2021-08-11-28343.png,Timeweb,,0,tagBox1,0.68005764,cf66260.tmweb.ru
apwg_sample_4190/2021-08/2021-08-14/2021-08-14-41838.png,Credit Agricole,Credit Agricole S.A,1,tagBox1,0.9633681,pedantic-murdock.5-196-220-112.plesk.page
apwg_sample_4190/2022-01/2022-01-17/2022-01-17-8620.png,Apple,Apple,1,tagBox1,0.92899394,shudahsajtih-dhaksaywaebhenersyadf432523.duckdns.org
apwg_sample_4190/2021-08/2021-08-09/2021-08-09-38465.png,Microsoft,Microsoft,1,tagBox1,0.9331064,columbusway.net
apwg_sample_4190/2021-11/2021-11-29/2021-11-29-116113.png,Yahoo,Yahoo!,1,tagBox1,0.9543619,daftar-indihome.com
apwg_sample_4190/2022-03/2022-03-30/2022-03-30-19544.png,Microsoft,Microsoft,1,tagBox1,0.9307643,setwan.natunakab.go.id
apwg_sample_4190/2021-10/2021-10-17/2021-10-17-196791.png,Chase Bank,,0,tagBox0,0,viz.hopto.org
apwg_sample_4190/2022-06/2022-06-17/2022-06-17-395140.png,Facebook,Facebook,1,tagBox1,0.91886985,cnnvideo4k.usite.pro
apwg_sample_4190/2022-09/2022-09-27/2022-09-27-233596.png,Microsoft,Microsoft,1,tagBox1,0.8870597,storageapi.fleek.co
apwg_sample_4190/2021-07/2021-07-20/2021-07-20-2258.png,Piraeus Bank,,0,tagBox0,0,mail.winbanksms.com
apwg_sample_4190/2022-10/2022-10-09/2022-10-09-228457.png,DHL,DHL Airways,1,tagBox1,0.96116436,hopeful-volhard.20-3-248-177.plesk.page
apwg_sample_4190/2021-07/2021-07-15/2021-07-15-20818.png,VTB Bank,,0,tagBox0,0,ru-1000rub-vtb.ru
apwg_sample_4190/2021-10/2021-10-21/2021-10-21-182065.png,Timeweb,,0,tagBox1,0.8016591,ci46878.tmweb.ru
apwg_sample_4190/2022-08/2022-08-18/2022-08-18-388757.png,DHL,DHL Airways,1,tagBox1,0.9399395,unasf.conflavoro.it
apwg_sample_4190/2022-04/2022-04-27/2022-04-27-459669.png,BT Group,,0,tagBox1,0.67558587,xbvkjfsdhsgrsgnronvdgd.weebly.com
apwg_sample_4190/2022-08/2022-08-28/2022-08-28-48302.png,Regions Financial Corporation,,0,tagBox1,0.7525217,reg-ions-co.preview-domain.com
apwg_sample_4190/2022-09/2022-09-22/2022-09-22-175362.png,E-Mail Provider,,0,tagBox1,0.7598521,caszim.co.zw
apwg_sample_4190/2022-12/2022-12-30/2022-12-30-66103.png,E-Mail Provider,,0,tagBox0,0,customcrepcity.co.uk
apwg_sample_4190/2022-05/2022-05-06/2022-05-06-208137.png,Chase Bank,,0,tagBox1,0.76290745,lechicbysheena.com
apwg_sample_4190/2022-05/2022-05-10/2022-05-10-77657.png,Microsoft,Microsoft,1,tagBox1,0.9016667,supp-2-jgskd.ondigitalocean.app
apwg_sample_4190/2021-10/2021-10-15/2021-10-15-215281.png,Namecheap,,0,tagBox1,0.79357344,he1d5vtssay3f9cz0k9.teamcarnage.net
apwg_sample_4190/2021-08/2021-08-07/2021-08-07-26676.png,Societe Generale Group,Societe Generale,1,tagBox1,0.86429447,www.cutt.ly
apwg_sample_4190/2021-08/2021-08-03/2021-08-03-18840.png,Banco Pichincha,,0,tagBox1,0.69980264,fn.tc
apwg_sample_4190/2021-08/2021-08-09/2021-08-09-38698.png,International Card Services,International Card Services B.V,1,tagBox1,0.9762503,intern-onderhoud.web8617.cweb02.gamingweb.de
apwg_sample_4190/2021-11/2021-11-09/2021-11-09-157540.png,Adobe,Adobe,1,tagBox1,0.9154392,satyasurya.net
apwg_sample_4190/2021-08/2021-08-06/2021-08-06-220.png,Rabobank,,0,tagBox1,0.80008674,heffingsbedrag-protocol.xyz
apwg_sample_4190/2022-10/2022-10-02/2022-10-02-1242352.png,PayPal,PayPal,1,tagBox1,0.8956331,logicpalm.com
apwg_sample_4190/2021-11/2021-11-09/2021-11-09-158632.png,eBay,1&1 Ionos,1,tagBox1,0.83685756,downsp.org
apwg_sample_4190/2022-12/2022-12-02/2022-12-02-288743.png,Microsoft,Microsoft,1,tagBox1,0.92777437,bafybeidyty7eyn3h32iajghuu54v4k22r5ejocs35krkifb5kkxdgvlbc4.ipfs.dweb.link
apwg_sample_4190/2022-01/2022-01-13/2022-01-13-6797.png,Microsoft,Microsoft,1,tagBox1,0.8558549,mp18.co.uk
apwg_sample_4190/2021-08/2021-08-03/2021-08-03-19469.png,Microsoft,Microsoft,1,tagBox1,0.9439415,eertt1.xyz
apwg_sample_4190/2022-05/2022-05-02/2022-05-02-84413.png,Microsoft,Microsoft,1,tagBox1,0.8827565,comunidadefeitto.com.br
apwg_sample_4190/2021-11/2021-11-20/2021-11-20-94571.png,PayPal,PayPal,1,tagBox1,0.8956331,paypal-intl-service-security.enaoioqi.com
apwg_sample_4190/2021-08/2021-08-05/2021-08-05-17572.png,PostNL,,0,tagBox1,0.7025584,heffingrestant-protocol.xyz
apwg_sample_4190/2022-07/2022-07-26/2022-07-26-116652.png,Microsoft,OurTime Dating,1,tagBox1,0.8349451,phracandheating.com
apwg_sample_4190/2022-07/2022-07-20/2022-07-20-114187.png,Adobe,Adobe,1,tagBox1,0.9247017,assromontstrv.buzz
apwg_sample_4190/2021-08/2021-08-20/2021-08-20-37354.png,Piraeus Bank,,0,tagBox0,0,information-winbankgr.com
apwg_sample_4190/2021-10/2021-10-10/2021-10-10-223267.png,Netflix,Netflix,1,tagBox1,0.8922368,vps73110.inmotionhosting.com
apwg_sample_4190/2021-07/2021-07-24/2021-07-24-10347.png,DHL,DHL Airways,1,tagBox1,0.93398505,glamur.co.il
apwg_sample_4190/2021-10/2021-10-12/2021-10-12-49004.png,Facebook,Facebook,1,tagBox1,0.8971511,inspirememory.com
apwg_sample_4190/2021-08/2021-08-19/2021-08-19-21793.png,ABN AMRO Bank,,0,tagBox1,0.7436036,login-digid.interesting-johnson.188-166-110-128.plesk.page
apwg_sample_4190/2022-01/2022-01-24/2022-01-24-2593.png,Facebook,Facebook,1,tagBox1,0.85423124,cutt.ly
apwg_sample_4190/2023-05/2023-05-16/2023-05-16-65499.png,NTT Docomo,,0,tagBox0,0,docomo-bakuage-selection.com
apwg_sample_4190/2022-11/2022-11-11/2022-11-11-45547.png,PayPal,PayPal,1,tagBox1,0.9401034,www.tcct.be
apwg_sample_4190/2021-10/2021-10-20/2021-10-20-146094.png,DHL,DHL Airways,1,tagBox1,0.9569899,mydhl.express.dhl-express-au.improset.fr
apwg_sample_4190/2021-07/2021-07-22/2021-07-22-18510.png,AT&T,AT&T,1,tagBox1,0.93320465,123loginservices.weebly.com
apwg_sample_4190/2021-11/2021-11-09/2021-11-09-156594.png,Microsoft,Microsoft,1,tagBox1,0.923952,login-live-com.office365.apps.maxsolutions.com.au
apwg_sample_4190/2022-05/2022-05-08/2022-05-08-21475.png,Namecheap,,0,tagBox1,0.7107749,www.eticaretkurulum.com
apwg_sample_4190/2021-10/2021-10-13/2021-10-13-33580.png,"Rackspace Technology, Inc.",Rackspace,1,tagBox1,0.8962904,owiagbn.wmsistseg.com.br
apwg_sample_4190/2021-07/2021-07-27/2021-07-27-16407.png,Facebook,Facebook,1,tagBox1,0.93257856,marketplace-item252876762.com
apwg_sample_4190/2022-01/2022-01-21/2022-01-21-35552.png,Wells Fargo Bank,Wells Fargo & Company,1,tagBox1,0.924294,mail.69-49-245-141.cprapid.com
apwg_sample_4190/2022-11/2022-11-17/2022-11-17-18532.png,AT&T,AT&T,1,tagBox1,0.9716511,att.accenture-us.network
apwg_sample_4190/2023-04/2023-04-26/2023-04-26-38538.png,Adobe,Microsoft,1,tagBox1,0.918213,14-0050-0-gf93hf0qsnjc0pg34-0w9jec-395-9gfb.obs.ap-southeast-3.myhuaweicloud.com
apwg_sample_4190/2021-11/2021-11-09/2021-11-09-158195.png,Microsoft,Microsoft,1,tagBox1,0.9267012,pa-batusangkar.go.id
apwg_sample_4190/2021-11/2021-11-27/2021-11-27-49458.png,Tesco Bank,Microsoft,1,tagBox1,0.92592263,doctorjairogcasas.com
apwg_sample_4190/2021-08/2021-08-09/2021-08-09-39237.png,PayPal,PayPal,1,tagBox1,0.8956331,verify-billing-auth.pld03.co
apwg_sample_4190/2021-08/2021-08-07/2021-08-07-25934.png,TSB Bank,,0,tagBox1,0.70777345,tsb.co.uk-idchk.live
apwg_sample_4190/2021-07/2021-07-30/2021-07-30-22219.png,Canadian Imperial Bank of Commerce,,0,tagBox1,0.82197225,member.cashback-freedommobi1737.com
apwg_sample_4190/2021-07/2021-07-29/2021-07-29-5521.png,Banca d'Italia,,0,tagBox1,0.7388413,appinforma.com
apwg_sample_4190/2022-11/2022-11-20/2022-11-20-225155.png,Microsoft,Microsoft,1,tagBox1,0.9352242,apophissecurity.biz
apwg_sample_4190/2021-08/2021-08-14/2021-08-14-43343.png,Tangerine Bank,Orange,1,tagBox1,0.8360687,10000tbowers.goodluckseeker.com
apwg_sample_4190/2021-08/2021-08-05/2021-08-05-16981.png,DHL,,0,tagBox0,0,vtsosnvmebdc3v3zvgwqszuzphp.web.app
apwg_sample_4190/2021-11/2021-11-15/2021-11-15-181917.png,PayPal,PayPal,1,tagBox1,0.9012269,bit.do
apwg_sample_4190/2022-04/2022-04-04/2022-04-04-181189.png,Santander Bank,Grupo Santander,1,tagBox1,0.9380722,resolve-attempt-isssue.com
apwg_sample_4190/2022-07/2022-07-19/2022-07-19-85130.png,Outlook,Microsoft,1,tagBox1,0.8914538,mail.glenaquapool.com
apwg_sample_4190/2021-08/2021-08-12/2021-08-12-6640.png,DHL,DHL Airways,1,tagBox1,0.9443183,c1.adform.net
apwg_sample_4190/2022-06/2022-06-08/2022-06-08-668945.png,AT&T,AT&T,1,tagBox1,0.95976925,att-online-verification65.yolasite.com
apwg_sample_4190/2021-12/2021-12-22/2021-12-22-32891.png,Apple,Apple,1,tagBox1,0.92899394,www.applec-co-jp.9azc.info
apwg_sample_4190/2021-10/2021-10-29/2021-10-29-137049.png,Bank of Nova Scotia,Grupo Santander,1,tagBox1,0.833167,sbi.mx
apwg_sample_4190/2023-07/2023-07-07/2023-07-07-104509.png,Microsoft,Microsoft,1,tagBox1,0.926793,tonychance.com
apwg_sample_4190/2021-10/2021-10-16/2021-10-16-12071.png,Facebook,Facebook,1,tagBox1,0.86728317,yuerojiig.jimdofree.com
apwg_sample_4190/2021-12/2021-12-07/2021-12-07-38791.png,PayPal,PayPal,1,tagBox1,0.8956331,l.wl.co
apwg_sample_4190/2021-09/2021-09-21/2021-09-21-127.png,Swiss Post,,0,tagBox1,0.6376154,www.store.boomini.com
apwg_sample_4190/2022-09/2022-09-09/2022-09-09-131680.png,M&T Bank Corporation,M & T Bank Coporation,1,tagBox1,0.97533506,aflora.eco.br
apwg_sample_4190/2021-12/2021-12-29/2021-12-29-62758.png,PayPal,PayPal,1,tagBox1,0.90104616,mystorycongreekfun.000webhostapp.com
apwg_sample_4190/2022-05/2022-05-29/2022-05-29-118974.png,Facebook,Facebook,1,tagBox1,0.91576254,dargdgs.blogspot.co.at
apwg_sample_4190/2021-10/2021-10-18/2021-10-18-104216.png,Amazon,Amazon,1,tagBox1,0.9830228,abouttheupdate.upyouramazononline.club
apwg_sample_4190/2022-05/2022-05-28/2022-05-28-6825.png,MKB Bank,,0,tagBox0,0,perfectdocumentservice.com
apwg_sample_4190/2021-10/2021-10-04/2021-10-04-171222.png,Banca d'Italia,,0,tagBox1,0.7388413,portale.web.bancaitalia.nexi.e-desk.biz
apwg_sample_4190/2022-04/2022-04-13/2022-04-13-563044.png,Microsoft,Microsoft,1,tagBox1,0.91822207,pitch-box.com
apwg_sample_4190/2022-10/2022-10-05/2022-10-05-1004824.png,Rabobank,,0,tagBox0,0,pensive-taussig.109-71-253-24.plesk.page
apwg_sample_4190/2022-09/2022-09-13/2022-09-13-92614.png,Namecheap,,0,tagBox1,0.6998868,podcastlivewire.com
apwg_sample_4190/2022-05/2022-05-26/2022-05-26-88236.png,Microsoft,Microsoft,1,tagBox1,0.93949455,hospitalityequipment.co
apwg_sample_4190/2021-08/2021-08-28/2021-08-28-10446.png,Piraeus Bank,,0,tagBox0,0,assist-piraeusbankgr.com
apwg_sample_4190/2023-06/2023-06-09/2023-06-09-58218.png,Microsoft,Microsoft,1,tagBox1,0.8985004,devoncarlstrom.com
apwg_sample_4190/2021-08/2021-08-02/2021-08-02-41010.png,Tangerine Bank,Orange,1,tagBox1,0.8360687,6045510000.com
apwg_sample_4190/2022-05/2022-05-13/2022-05-13-51603.png,Microsoft,Microsoft,1,tagBox1,0.92173624,ilchicagolombard.com
apwg_sample_4190/2021-10/2021-10-29/2021-10-29-137343.png,Netflix,Netflix,1,tagBox1,0.9087206,vetflix-96f2c2.ingress-baronn.easywp.com
apwg_sample_4190/2022-02/2022-02-04/2022-02-04-12037.png,Microsoft,Microsoft,1,tagBox1,0.8987764,squad-lyrics-mlb-closely.trycloudflare.com
apwg_sample_4190/2021-07/2021-07-29/2021-07-29-7839.png,DHL,DHL Airways,1,tagBox1,0.9518105,www.radioclubesagui.com.br
apwg_sample_4190/2022-05/2022-05-03/2022-05-03-13344.png,Tangerine Bank,,0,tagBox1,0.65889114,47.90.250.166
apwg_sample_4190/2022-09/2022-09-29/2022-09-29-195260.png,DHL,DHL Airways,1,tagBox1,0.88349795,trc-sd.com
apwg_sample_4190/2023-05/2023-05-15/2023-05-15-128163.png,iCloud,,0,tagBox0,0,www.icluod.appleidsz.com
apwg_sample_4190/2022-07/2022-07-22/2022-07-22-88402.png,Wells Fargo Bank,,0,tagBox1,0.7964799,consult-now.ca
apwg_sample_4190/2021-08/2021-08-09/2021-08-09-38945.png,PayPal,PayPal,1,tagBox1,0.8956331,4c0db546.ithemeshosting.com.php73-40.lan3-1.websitetestlink.com
apwg_sample_4190/2021-07/2021-07-24/2021-07-24-10258.png,Apple,Apple,1,tagBox1,0.94645035,www.support.apple.com.log-location.live
apwg_sample_4190/2021-08/2021-08-04/2021-08-04-46121.png,Intesa Sanpaolo,,0,tagBox0,0,security-info-2021-lntesa.com
apwg_sample_4190/2023-01/2023-01-31/2023-01-31-204091.png,PayPal,PayPal,1,tagBox1,0.9231345,pazpal.top
apwg_sample_4190/2022-04/2022-04-22/2022-04-22-584253.png,Namecheap,,0,tagBox1,0.67255485,diversifiedl.com
apwg_sample_4190/2022-12/2022-12-31/2022-12-31-50244.png,E-Mail Provider,,0,tagBox0,0,seilux.com.ar
apwg_sample_4190/2022-08/2022-08-30/2022-08-30-214025.png,AOL,,0,tagBox1,0.78492975,aolcustomerservice001.yolasite.com
apwg_sample_4190/2022-07/2022-07-14/2022-07-14-109129.png,AT&T,AT&T,1,tagBox1,0.96307564,u27980267.ct.sendgrid.net
apwg_sample_4190/2022-10/2022-10-05/2022-10-05-952670.png,Instagram,,0,tagBox1,0.758417,business-feedbackcustomers.xyz
apwg_sample_4190/2022-01/2022-01-15/2022-01-15-10717.png,AOL,AOL,1,tagBox1,0.88208133,eudhaolsdf.weebly.com
apwg_sample_4190/2022-02/2022-02-16/2022-02-16-3109.png,PayPal,PayPal,1,tagBox1,0.91374993,paypal-limt-payment.com
apwg_sample_4190/2022-02/2022-02-22/2022-02-22-30872.png,Microsoft 365,,0,tagBox1,0.76033956,shaepointtit.weebly.com
apwg_sample_4190/2021-07/2021-07-18/2021-07-18-15754.png,ING Group,ING,1,tagBox1,0.9421979,ideai-betalingsplatform.xyz
apwg_sample_4190/2022-11/2022-11-07/2022-11-07-257991.png,Netflix,Netflix,1,tagBox1,0.9073876,test.unri.ac.id
apwg_sample_4190/2021-08/2021-08-12/2021-08-12-5047.png,VTB Bank,,0,tagBox0,0,vtb-promo2021.com
apwg_sample_4190/2022-01/2022-01-13/2022-01-13-6948.png,"Rakuten Group, Inc.",Rakuten,1,tagBox1,0.97667587,www2.rakutan.co.jploginvcx8dsa.nanonews.cn
apwg_sample_4190/2021-08/2021-08-18/2021-08-18-9461.png,Facebook,Facebook,1,tagBox1,0.9368117,egeggege.000webhostapp.com
apwg_sample_4190/2021-11/2021-11-02/2021-11-02-34343.png,La Banque Postale,La Banque postale,1,tagBox1,0.919559,nyl.as
apwg_sample_4190/2022-06/2022-06-26/2022-06-26-257094.png,Facebook,Facebook,1,tagBox1,0.9273943,somentes-filhotes.ml
apwg_sample_4190/2021-08/2021-08-28/2021-08-28-10442.png,Facebook,Facebook,1,tagBox1,0.8695353,fbcom-5mkldu1h97.streamsteam.ca
apwg_sample_4190/2021-10/2021-10-10/2021-10-10-222529.png,Santander Bank,Grupo Santander,1,tagBox1,0.9380722,santander.net-2021.review
apwg_sample_4190/2021-07/2021-07-28/2021-07-28-25722.png,PayPal,PayPal,1,tagBox1,0.91692257,cpokh5g7wc7hrbywy2qqh6ouqy-adwhj77lcyoafdy-www-paypal-com.translate.goog
apwg_sample_4190/2022-07/2022-07-04/2022-07-04-99117.png,Netflix,Netflix,1,tagBox1,0.85646176,billingupdator.duckdns.org
apwg_sample_4190/2023-02/2023-02-17/2023-02-17-45318.png,United States Postal Service,nordea,1,tagBox1,0.8486416,track-ussps.com
apwg_sample_4190/2022-07/2022-07-05/2022-07-05-19169.png,DHL,DHL Airways,1,tagBox1,0.94653296,94aed046629625446.temporary.link
apwg_sample_4190/2021-07/2021-07-27/2021-07-27-17307.png,POSB Bank,,0,tagBox0,0,mail.tciss.in
apwg_sample_4190/2021-08/2021-08-04/2021-08-04-47046.png,VTB Bank,,0,tagBox0,0,dlya-privituh-5000.ru
apwg_sample_4190/2022-10/2022-10-25/2022-10-25-1016784.png,DHL,DHL Airways,1,tagBox1,0.85381234,www.caryndrake.com
apwg_sample_4190/2022-06/2022-06-30/2022-06-30-619021.png,LinkedIn,LinkedIn Corporation,1,tagBox1,0.94108665,quimicaolivos.com.ar
apwg_sample_4190/2022-07/2022-07-13/2022-07-13-724.png,LinkedIn,LinkedIn Corporation,1,tagBox1,0.89095193,laughs.live
apwg_sample_4190/2021-12/2021-12-24/2021-12-24-63973.png,Microsoft,Microsoft,1,tagBox1,0.9276904,loginauthcontrol.bizcomet.xyz
apwg_sample_4190/2021-11/2021-11-19/2021-11-19-169355.png,Paxful,,0,tagBox0,0,idealproblemsolver.net
apwg_sample_4190/2022-01/2022-01-06/2022-01-06-36706.png,Microsoft,Microsoft,1,tagBox1,0.9389159,sreico.com
apwg_sample_4190/2021-10/2021-10-21/2021-10-21-183688.png,Orange,,0,tagBox1,0.6988147,facture-enligne.duckdns.org
apwg_sample_4190/2021-07/2021-07-15/2021-07-15-20049.png,Banco Falabella,,0,tagBox1,0.7047978,crm-clientes-enlinea.web.app
apwg_sample_4190/2021-07/2021-07-15/2021-07-15-20768.png,DHL,,0,tagBox0,0,bm6u6h16amasqklbfvqyhklkkllokl.web.app
apwg_sample_4190/2021-07/2021-07-15/2021-07-15-20732.png,UniCredit,,0,tagBox1,0.7076949,www.union-transakt.com
apwg_sample_4190/2021-07/2021-07-17/2021-07-17-13262.png,eBay,eBay,1,tagBox1,0.9642033,sign.in.eday.co.uk.ws.eayis.api.dllsigninusingssl.kahn9uwhfetvjgcjlabs1pqpnkz9cl.sslupcheckup.xyz
apwg_sample_4190/2022-09/2022-09-07/2022-09-07-200931.png,DHL,DHL Airways,1,tagBox1,0.96116436,VQR.MX
apwg_sample_4190/2021-10/2021-10-19/2021-10-19-57146.png,Wells Fargo Bank,Wells Fargo & Company,1,tagBox1,0.95083386,voltagestabilizersindia.com
apwg_sample_4190/2021-08/2021-08-23/2021-08-23-27522.png,DHL,DHL Airways,1,tagBox1,0.9513982,bprmodernternate.com
apwg_sample_4190/2022-11/2022-11-04/2022-11-04-202404.png,Deutsche Bank AG,Deutsche Bank AG,1,tagBox1,0.94307184,clinicadentalbernalycampuzano.com
apwg_sample_4190/2021-07/2021-07-18/2021-07-18-15592.png,DHL,DHL Airways,1,tagBox1,0.9633806,mail.infinityeighttrading.com
apwg_sample_4190/2021-10/2021-10-30/2021-10-30-133943.png,Wells Fargo Bank,Wells Fargo & Company,1,tagBox1,0.91962016,www.180-235-148-105.cprapid.com
apwg_sample_4190/2021-10/2021-10-05/2021-10-05-180723.png,DHL,DHL Airways,1,tagBox1,0.9443834,bellawines.com.br
apwg_sample_4190/2022-03/2022-03-28/2022-03-28-68823.png,AT&T,AT&T,1,tagBox1,0.9293636,bdsub.princeit.us
apwg_sample_4190/2021-10/2021-10-15/2021-10-15-211161.png,Outlook,Microsoft,1,tagBox1,0.8914538,ten-reminder-proudly-hill.trycloudflare.com
apwg_sample_4190/2021-10/2021-10-30/2021-10-30-132863.png,ING Group,ING,1,tagBox1,0.9421979,s.id
apwg_sample_4190/2022-09/2022-09-05/2022-09-05-152832.png,Namecheap,,0,tagBox1,0.79190034,palmmars.com
apwg_sample_4190/2021-10/2021-10-14/2021-10-14-79010.png,Banco Pichincha,,0,tagBox1,0.73509955,insigneweingre.000webhostapp.com
apwg_sample_4190/2022-06/2022-06-21/2022-06-21-313617.png,MKB Bank,,0,tagBox0,0,www.toku-shou.jp
apwg_sample_4190/2022-06/2022-06-16/2022-06-16-469123.png,Namecheap,,0,tagBox1,0.65827334,myciti9-verified.org
apwg_sample_4190/2023-04/2023-04-08/2023-04-08-22044.png,Interac,,0,tagBox0,0,thesecretgardenofmusic.com
apwg_sample_4190/2022-11/2022-11-01/2022-11-01-187382.png,Namecheap,,0,tagBox1,0.61376894,wwvporlalpersonas.bch.cl.corecc.in
apwg_sample_4190/2022-02/2022-02-10/2022-02-10-27757.png,Netflix,,0,tagBox1,0.79819965,lntesa4vhost196521.lowhost.ru
apwg_sample_4190/2022-01/2022-01-27/2022-01-27-11841.png,PayPal,PayPal,1,tagBox1,0.89544505,www.paypalsecure.mcbroadbandbd.com
apwg_sample_4190/2021-09/2021-09-28/2021-09-28-3647.png,DHL,DHL Airways,1,tagBox1,0.9224168,mail.shikarymotors.com
apwg_sample_4190/2022-06/2022-06-20/2022-06-20-10727.png,Commonwealth Bank of Australia,,0,tagBox1,0.8014418,commwealsecurred2022.ipq.co
apwg_sample_4190/2021-08/2021-08-07/2021-08-07-24625.png,Badoo,,0,tagBox1,0.79459476,compwildcomtopasha.ml
apwg_sample_4190/2021-09/2021-09-13/2021-09-13-27319.png,Microsoft,Microsoft,1,tagBox1,0.9042069,hemptov.com
apwg_sample_4190/2021-10/2021-10-18/2021-10-18-105170.png,Wells Fargo Bank,,0,tagBox1,0.6600592,flexo.hostinglabs.net
apwg_sample_4190/2022-12/2022-12-05/2022-12-05-155135.png,Apple,,0,tagBox1,0.60607827,apple-ios-38.top
apwg_sample_4190/2022-02/2022-02-07/2022-02-07-4038.png,DHL,DHL Airways,1,tagBox1,0.9461319,easyport.in
apwg_sample_4190/2021-12/2021-12-19/2021-12-19-36682.png,iCloud,,0,tagBox0,0,apple-sign-ln-ios.vip
apwg_sample_4190/2022-01/2022-01-24/2022-01-24-3618.png,Facebook,Facebook,1,tagBox1,0.900965,logoogin.000webhostapp.com
apwg_sample_4190/2021-10/2021-10-01/2021-10-01-166727.png,Wells Fargo Bank,Wells Fargo & Company,1,tagBox1,0.9279651,skygeeforu.xyz
apwg_sample_4190/2022-06/2022-06-20/2022-06-20-11420.png,Apple,,0,tagBox1,0.70257556,inf0rmations-ver1fication-order-apps-785319421.opensaesauea.com
apwg_sample_4190/2021-07/2021-07-27/2021-07-27-16762.png,Yahoo,Yahoo!,1,tagBox1,0.83725893,account.dompreluok.xyz
apwg_sample_4190/2021-07/2021-07-28/2021-07-28-25512.png,Apple,,0,tagBox1,0.64721227,sandalci.com.tr
apwg_sample_4190/2022-11/2022-11-23/2022-11-23-105869.png,Piraeus Bank,,0,tagBox0,0,winbank-suspended-gr.info
apwg_sample_4190/2021-10/2021-10-15/2021-10-15-214538.png,Microsoft 365,Microsoft,1,tagBox1,0.88664526,endhumantrafficking-al.idramedia.net
apwg_sample_4190/2021-11/2021-11-16/2021-11-16-81757.png,DHL,DHL Airways,1,tagBox1,0.9431448,mail.plantmeet.com
apwg_sample_4190/2021-08/2021-08-23/2021-08-23-27512.png,DHL,DHL Airways,1,tagBox1,0.9588692,584708.selcdn.ru
apwg_sample_4190/2022-02/2022-02-10/2022-02-10-29615.png,AT&T,,0,tagBox1,0.76764625,maillahsydb873833993webmaillahsydb908177283.weebly.com
apwg_sample_4190/2022-09/2022-09-25/2022-09-25-206493.png,Facebook,Facebook,1,tagBox1,0.9319982,aled2022.alwaysdata.net
apwg_sample_4190/2022-06/2022-06-06/2022-06-06-596425.png,Facebook,Facebook,1,tagBox1,0.9468359,site-7750905-8276-7754.mystrikingly.com
apwg_sample_4190/2023-05/2023-05-26/2023-05-26-35300.png,LinkedIn,LinkedIn Corporation,1,tagBox1,0.84608436,g2netting.com.au
apwg_sample_4190/2022-04/2022-04-01/2022-04-01-76095.png,Amazon,Amazon,1,tagBox1,0.9830228,about.newamazonagain.xyz
apwg_sample_4190/2021-09/2021-09-16/2021-09-16-1821.png,BT Group,BT Group plc,1,tagBox1,0.8509009,qdjfjks.weebly.com
apwg_sample_4190/2021-10/2021-10-28/2021-10-28-135012.png,Intesa Sanpaolo,M & T Bank Coporation,1,tagBox1,0.8610328,nellasuaattenzionegentile.minogue.it
apwg_sample_4190/2021-07/2021-07-22/2021-07-22-18116.png,Dyson,,0,tagBox0,0,dyshop.live
apwg_sample_4190/2022-01/2022-01-31/2022-01-31-15601.png,La Banque Postale,La Banque postale,1,tagBox1,0.9258359,rpogroup.in
apwg_sample_4190/2021-11/2021-11-18/2021-11-18-89983.png,PayPal,PayPal,1,tagBox1,0.8956331,www.investinet.net
apwg_sample_4190/2022-06/2022-06-03/2022-06-03-467455.png,DHL,DHL Airways,1,tagBox1,0.958259,mashinno.com
apwg_sample_4190/2021-10/2021-10-09/2021-10-09-173447.png,Paxful,,0,tagBox1,0.6577105,mail.crptsecuty.xyz
apwg_sample_4190/2021-09/2021-09-02/2021-09-02-15647.png,PayPal,PayPal,1,tagBox1,0.90139496,www.paypal-assest.tk
apwg_sample_4190/2022-11/2022-11-17/2022-11-17-16967.png,DHL,DHL Airways,1,tagBox1,0.94653296,han.gl
apwg_sample_4190/2021-10/2021-10-23/2021-10-23-143984.png,Apple,Apple,1,tagBox1,0.9075395,www.appleusd.live
apwg_sample_4190/2021-10/2021-10-28/2021-10-28-136528.png,PayPal,PayPal,1,tagBox1,0.91379225,67.158.195.61
apwg_sample_4190/2022-06/2022-06-29/2022-06-29-406942.png,Adobe,Adobe,1,tagBox1,0.8928745,petersenhealthcare-e-care-docs.ga
apwg_sample_4190/2022-11/2022-11-29/2022-11-29-195253.png,ING Group,ING,1,tagBox1,0.94799215,konesnsrceescom.com
apwg_sample_4190/2021-07/2021-07-30/2021-07-30-21628.png,Lloyds Bank,Lloyds TSB Group,1,tagBox1,0.875273,lloyds.device-client-history.com
apwg_sample_4190/2022-09/2022-09-06/2022-09-06-220207.png,OneDrive,Microsoft,1,tagBox1,0.88064176,spc.edu.in
apwg_sample_4190/2021-08/2021-08-13/2021-08-13-49596.png,Crypto.com,,0,tagBox1,0.7225344,free-balance-tokenwallet.000webhostapp.com
apwg_sample_4190/2021-11/2021-11-08/2021-11-08-141360.png,Leboncoin,Allegro,1,tagBox1,0.8423753,reglemtcartebcoin.000webhostapp.com
apwg_sample_4190/2022-01/2022-01-11/2022-01-11-29544.png,LinkedIn,LinkedIn Corporation,1,tagBox1,0.91554374,solucoesgsa.com.br
apwg_sample_4190/2021-10/2021-10-12/2021-10-12-45653.png,AOL,Verizon Wireless,1,tagBox1,0.937555,wvwapprsvp.weebly.com
apwg_sample_4190/2021-11/2021-11-01/2021-11-01-111555.png,Square Bank,,0,tagBox0,0,jeanninegarrett.net
apwg_sample_4190/2021-11/2021-11-19/2021-11-19-170269.png,Leboncoin,Allegro,1,tagBox1,0.8423753,tracabilitefluxbcoin.000webhostapp.com
apwg_sample_4190/2021-10/2021-10-01/2021-10-01-159839.png,Piraeus Bank,,0,tagBox0,0,mentormepakistan.com
apwg_sample_4190/2021-10/2021-10-03/2021-10-03-129267.png,LogowithButton,,0,tagBox0,0,linktr.ee
apwg_sample_4190/2021-10/2021-10-30/2021-10-30-133977.png,Chase Bank,Chase Personal Banking,1,tagBox1,0.8884892,www.yosari.com
apwg_sample_4190/2022-02/2022-02-07/2022-02-07-4513.png,eBay,eBay,1,tagBox1,0.96092623,tinyurl.com
apwg_sample_4190/2021-07/2021-07-28/2021-07-28-25157.png,Microsoft,Microsoft,1,tagBox1,0.94142264,login.microsftonlinee.com
apwg_sample_4190/2021-11/2021-11-23/2021-11-23-30642.png,Microsoft,Microsoft,1,tagBox1,0.9266669,africansecrets.ca
apwg_sample_4190/2021-09/2021-09-14/2021-09-14-22299.png,OneDrive,Microsoft,1,tagBox1,0.91765875,irn-inc.com
apwg_sample_4190/2021-12/2021-12-11/2021-12-11-37140.png,Leboncoin,Allegro,1,tagBox1,0.8423753,relatifvirmntfrance.000webhostapp.com
apwg_sample_4190/2022-12/2022-12-16/2022-12-16-12698.png,DHL,DHL Airways,1,tagBox1,0.86062926,egyeneshe.com
apwg_sample_4190/2022-02/2022-02-24/2022-02-24-13098.png,Facebook,Facebook,1,tagBox1,0.8847625,securitycheckprotect.000webhostapp.com
apwg_sample_4190/2021-09/2021-09-05/2021-09-05-28837.png,Trust Wallet,,0,tagBox1,0.7240425,crypto-rewardclaimz.tk
apwg_sample_4190/2021-10/2021-10-14/2021-10-14-89037.png,Trust Wallet,,0,tagBox1,0.6590402,claimbnbrwrdapp.000webhostapp.com
apwg_sample_4190/2021-09/2021-09-09/2021-09-09-14153.png,Amazon,Amazon,1,tagBox1,0.9240959,domaindecorations.top
apwg_sample_4190/2021-11/2021-11-11/2021-11-11-176600.png,Santander Bank,Grupo Santander,1,tagBox1,0.94369715,www.earn-my-time.com
apwg_sample_4190/2021-12/2021-12-20/2021-12-20-35952.png,Xclusivey,,0,tagBox1,0.7186851,v0jy64m5r9j02zec16wktapxo.lowcarbfoods.org.uk
apwg_sample_4190/2022-01/2022-01-19/2022-01-19-32019.png,Rabobank,Visa International Service Association,1,tagBox1,0.8329609,sounddirections.co.uk
apwg_sample_4190/2022-01/2022-01-08/2022-01-08-31390.png,Sumitomo Mitsui Banking Corporation,SMBC,1,tagBox1,0.94987464,jhdd.fjcslad.cn
apwg_sample_4190/2022-04/2022-04-21/2022-04-21-379767.png,ABN AMRO Bank,,0,tagBox0,0,forum-proxl.xyz
apwg_sample_4190/2021-08/2021-08-13/2021-08-13-49249.png,DHL,DHL Airways,1,tagBox1,0.9590278,prestas-service.com
apwg_sample_4190/2022-05/2022-05-03/2022-05-03-10819.png,Canadian Imperial Bank of Commerce,Canadian Imperial Bank of Commerce,1,tagBox1,0.9462902,47.90.250.166
apwg_sample_4190/2022-05/2022-05-22/2022-05-22-50806.png,E-Mail Provider,,0,tagBox1,0.7336745,sfo3.digitaloceanspaces.com
apwg_sample_4190/2022-12/2022-12-16/2022-12-16-12542.png,Santander Bank,Grupo Santander,1,tagBox1,0.8706508,clubtpr.com
apwg_sample_4190/2021-10/2021-10-31/2021-10-31-142155.png,Wells Fargo Bank,,0,tagBox1,0.6818297,splendidradio.com
apwg_sample_4190/2021-08/2021-08-19/2021-08-19-21349.png,Ecco,,0,tagBox1,0.62835634,www.palladiumscarpe.com
apwg_sample_4190/2021-08/2021-08-06/2021-08-06-926.png,Ecco,,0,tagBox0,0,www.huntersouthafrica.co.za
apwg_sample_4190/2021-08/2021-08-04/2021-08-04-46548.png,Ecco,,0,tagBox0,0,www.vansnewyorkus.com
apwg_sample_4190/2021-08/2021-08-04/2021-08-04-46583.png,eBay,eBay,1,tagBox1,0.93470967,pixelstudio.be
apwg_sample_4190/2021-08/2021-08-10/2021-08-10-15581.png,Ecco,,0,tagBox1,0.5775706,palladiumschweiz.com
apwg_sample_4190/2022-11/2022-11-02/2022-11-02-185538.png,Netflix,Netflix,1,tagBox1,0.8922368,cocoyell.com
apwg_sample_4190/2022-08/2022-08-20/2022-08-20-75227.png,BNP Paribas,BNP Paribas,1,tagBox1,0.8902246,ebfortis-be.firebaseapp.com
apwg_sample_4190/2021-08/2021-08-10/2021-08-10-12647.png,Ecco,,0,tagBox0,0,www.riekergreece.com
apwg_sample_4190/2021-08/2021-08-10/2021-08-10-15421.png,Aeromexico,,0,tagBox1,0.64707255,online.colreservas.com
apwg_sample_4190/2021-08/2021-08-02/2021-08-02-40081.png,LoginPage,,0,tagBox1,0.70574373,nsavs36-ld-c.verizonwireless.com
apwg_sample_4190/2021-08/2021-08-10/2021-08-10-14791.png,Ecco,,0,tagBox0,0,www.riekermexico.com
apwg_sample_4190/2021-08/2021-08-12/2021-08-12-5505.png,PayPal,PayPal,1,tagBox1,0.90104616,eservicecare.000webhostapp.com
apwg_sample_4190/2021-11/2021-11-20/2021-11-20-93390.png,Yahoo,AOL,1,tagBox1,0.85426146,veriftyaccountnow.weebly.com
apwg_sample_4190/2021-10/2021-10-08/2021-10-08-148221.png,LogowithButton,,0,tagBox1,0.7359718,linktr.ee
apwg_sample_4190/2021-10/2021-10-25/2021-10-25-178808.png,PayPal,PayPal,1,tagBox1,0.90104616,ppylognum203124.000webhostapp.com
apwg_sample_4190/2022-09/2022-09-02/2022-09-02-142964.png,ANZ Bank,,0,tagBox0,0,www.bhumipublishing.com
apwg_sample_4190/2021-09/2021-09-06/2021-09-06-17866.png,WhatsApp,WhatsApp,1,tagBox1,0.83886737,l.wl.co
apwg_sample_4190/2022-02/2022-02-01/2022-02-01-26327.png,BT Group,BT Group plc,1,tagBox1,0.8602122,btaccesslogin.weebly.com
apwg_sample_4190/2021-09/2021-09-01/2021-09-01-10441.png,Tesco Bank,,0,tagBox1,0.7645871,thricame.com
apwg_sample_4190/2022-03/2022-03-31/2022-03-31-41269.png,eBay,eBay,1,tagBox1,0.9641228,mar-tec.co.za
apwg_sample_4190/2021-09/2021-09-26/2021-09-26-32401.png,Ozon,,0,tagBox1,0.75071204,www.qk-shop.net.ru
apwg_sample_4190/2021-11/2021-11-15/2021-11-15-186477.png,Adobe,Adobe,1,tagBox1,0.9167907,owefh.bezugsp.workers.dev
apwg_sample_4190/2021-10/2021-10-27/2021-10-27-64056.png,Namecheap,,0,tagBox1,0.6752743,review-payments.org
apwg_sample_4190/2022-05/2022-05-09/2022-05-09-96110.png,Microsoft,Microsoft,1,tagBox1,0.91404426,alghanimia.com
apwg_sample_4190/2022-01/2022-01-22/2022-01-22-16502.png,Facebook,,0,tagBox1,0.74349916,2hfgjfg.pagedemo.co
apwg_sample_4190/2021-10/2021-10-31/2021-10-31-142784.png,PayPal,PayPal,1,tagBox1,0.900047,sgcloud1.sgwebserver.com
apwg_sample_4190/2021-08/2021-08-24/2021-08-24-2098.png,TD Bank,TD Bank Group,1,tagBox1,0.87879205,germano.it
apwg_sample_4190/2022-01/2022-01-04/2022-01-04-30956.png,Deutsche Post,,0,tagBox1,0.6489487,manjaddaaqiqah.com
apwg_sample_4190/2021-08/2021-08-29/2021-08-29-53643.png,Namecheap,,0,tagBox1,0.75859815,to-paypal.com.pppaypal.com
apwg_sample_4190/2022-10/2022-10-25/2022-10-25-1034028.png,E-Mail Provider,,0,tagBox1,0.77915645,www.tsatcr.com
apwg_sample_4190/2021-10/2021-10-11/2021-10-11-110577.png,PayPal,PayPal,1,tagBox1,0.8720374,miragsatouchisale.zapto.org
apwg_sample_4190/2022-03/2022-03-03/2022-03-03-75731.png,Chase Bank,,0,tagBox1,0.7589481,dieuhoadidong.info
apwg_sample_4190/2022-06/2022-06-06/2022-06-06-592818.png,Microsoft 365,Microsoft,1,tagBox1,0.87812865,server023-softillion.co.za
apwg_sample_4190/2021-10/2021-10-05/2021-10-05-181694.png,Microsoft,Microsoft,1,tagBox1,0.93087566,lawphantng.com
apwg_sample_4190/2022-08/2022-08-19/2022-08-19-124783.png,Alibaba,Alibaba,1,tagBox1,0.9465426,giovana.iphone.net.br
apwg_sample_4190/2022-05/2022-05-17/2022-05-17-110564.png,Chase Bank,,0,tagBox1,0.7589481,www.gstunion.com
apwg_sample_4190/2022-01/2022-01-27/2022-01-27-11417.png,Facebook,Daum,1,tagBox1,0.8944273,www.cursodemediacioncivilymercantil.com
apwg_sample_4190/2022-01/2022-01-14/2022-01-14-3853.png,Microsoft,Microsoft,1,tagBox1,0.9285209,onlinemarijuanaedibles.com
apwg_sample_4190/2021-09/2021-09-01/2021-09-01-9498.png,Amazon,,0,tagBox0,0,tk-help.work
apwg_sample_4190/2021-09/2021-09-01/2021-09-01-9595.png,Microsoft,Microsoft,1,tagBox1,0.93007433,docsharex-authorize.firebaseapp.com
apwg_sample_4190/2022-07/2022-07-06/2022-07-06-20549.png,American Express,American Express,1,tagBox1,0.8808769,charles.p.lee.baluequipamentos.com.br
apwg_sample_4190/2021-12/2021-12-16/2021-12-16-90772.png,Wells Fargo Bank,,0,tagBox1,0.79574805,www.amantideilibri.it
apwg_sample_4190/2022-03/2022-03-21/2022-03-21-12667.png,Microsoft,Microsoft,1,tagBox1,0.9129163,notificattions.com
apwg_sample_4190/2021-08/2021-08-31/2021-08-31-2426.png,Microsoft,Microsoft,1,tagBox1,0.9289708,hopempls.org
apwg_sample_4190/2022-02/2022-02-09/2022-02-09-22044.png,Instagram,Instagram,1,tagBox1,0.9143239,iridescent-parallel-manta.glitch.me
apwg_sample_4190/2021-09/2021-09-25/2021-09-25-31268.png,ATB Financial,Magalu,1,tagBox1,0.84364605,infotecseg.com.br
apwg_sample_4190/2022-10/2022-10-22/2022-10-22-432420.png,Bank of America,Bank of America,1,tagBox1,0.93903434,pumpkintoolsecuador.com
apwg_sample_4190/2021-10/2021-10-22/2021-10-22-62530.png,M&T Bank Corporation,M & T Bank Coporation,1,tagBox1,0.9727421,systemmangementots.serveirc.com
apwg_sample_4190/2022-08/2022-08-31/2022-08-31-455459.png,Etisalat Services Holding,Etisalat,1,tagBox1,0.949738,www.etisalat.security.eacg.co.tz
apwg_sample_4190/2021-11/2021-11-18/2021-11-18-89819.png,LinkedIn,,0,tagBox1,0.94096243,www.linkedin.com
apwg_sample_4190/2022-10/2022-10-26/2022-10-26-532507.png,Microsoft,Microsoft,1,tagBox1,0.9057343,2009nn8gsjp370e9npdhnbm3jnp4gjdo832ls5e571nr5i0srt3mtu0.siasky.net
apwg_sample_4190/2021-09/2021-09-02/2021-09-02-16257.png,Adobe,,0,tagBox1,0.71313345,tg.competition.com.br
apwg_sample_4190/2023-07/2023-07-25/2023-07-25-72655.png,Microsoft,Microsoft,1,tagBox1,0.91932154,sharedfolder.kaudiaestate.com
apwg_sample_4190/2021-09/2021-09-19/2021-09-19-35682.png,Charles Schwab,,0,tagBox0,0,nailartoutlet.com
apwg_sample_4190/2022-11/2022-11-01/2022-11-01-189278.png,Microsoft,Microsoft,1,tagBox1,0.90493906,34g0f9k-wedjfvmc-3we9rjnf-wdnebv-wn-ej9w0-dw.obs.na-mexico-1.myhuaweicloud.com
apwg_sample_4190/2023-02/2023-02-01/2023-02-01-129216.png,Microsoft,Microsoft,1,tagBox1,0.9109093,www.simeona.ml
apwg_sample_4190/2021-11/2021-11-08/2021-11-08-143023.png,Sumitomo Mitsui Banking Corporation,SMBC,1,tagBox1,0.95667744,srnbc-card.com.2j4tr8.cn
apwg_sample_4190/2022-02/2022-02-07/2022-02-07-3988.png,Square Bank,,0,tagBox0,0,findincarein.com
apwg_sample_4190/2022-05/2022-05-25/2022-05-25-114404.png,Netflix,,0,tagBox1,0.7288618,emergencymc.com
apwg_sample_4190/2022-04/2022-04-16/2022-04-16-119500.png,Shopify,,0,tagBox1,0.6624476,eventosconciertosbailes.mx
apwg_sample_4190/2022-10/2022-10-11/2022-10-11-327718.png,Microsoft,Microsoft,1,tagBox1,0.9124788,storageapi.fleek.co
apwg_sample_4190/2022-01/2022-01-15/2022-01-15-10908.png,Adobe,Adobe,1,tagBox1,0.93845737,pasadenaisdd.life
apwg_sample_4190/2022-01/2022-01-12/2022-01-12-24879.png,Manulife Bank,M & T Bank Coporation,1,tagBox1,0.93798685,8.215.27.52
apwg_sample_4190/2023-07/2023-07-27/2023-07-27-36217.png,Facebook,Facebook,1,tagBox1,0.94316065,ptrrd5252225ssss.duckdns.org
apwg_sample_4190/2021-09/2021-09-28/2021-09-28-4304.png,Facebook,Facebook,1,tagBox1,0.9368117,solok.app-beatty-fbmmsnbdnm.xhabkydxqu-xmz4qz7kp42o.p.runcloud.link
apwg_sample_4190/2022-01/2022-01-20/2022-01-20-1386.png,Microsoft,Microsoft,1,tagBox1,0.9173387,artandsouldreamscoffee.org
apwg_sample_4190/2022-09/2022-09-13/2022-09-13-90918.png,OneDrive,Microsoft,1,tagBox1,0.89120924,kaluma.com.py
apwg_sample_4190/2021-08/2021-08-14/2021-08-14-42168.png,PayPal,PayPal,1,tagBox1,0.9050921,submemberslogissupportaccout.asdrety.com
apwg_sample_4190/2023-01/2023-01-13/2023-01-13-77827.png,Wells Fargo Bank,,0,tagBox1,0.6818297,www.metadplc.com
apwg_sample_4190/2021-08/2021-08-19/2021-08-19-22852.png,Microsoft,Microsoft,1,tagBox1,0.92697203,informationaccesscenter.com
apwg_sample_4190/2021-11/2021-11-15/2021-11-15-187120.png,Microsoft,Microsoft,1,tagBox1,0.9374586,9jhv3inomw.0721.gencmert.com
apwg_sample_4190/2022-11/2022-11-10/2022-11-10-164683.png,Facebook,Facebook,1,tagBox1,0.8623023,fbvote-international-program--contest-pratita.000webhostapp.com
apwg_sample_4190/2023-07/2023-07-03/2023-07-03-114893.png,Instagram,Instagram,1,tagBox1,0.95367473,ganibhai4322.000webhostapp.com
apwg_sample_4190/2022-02/2022-02-03/2022-02-03-35379.png,Amazon,Amazon,1,tagBox1,0.93432647,lawnandsnowmainte.com
apwg_sample_4190/2022-09/2022-09-14/2022-09-14-161003.png,Outlook,Microsoft,1,tagBox1,0.8914538,saloongkum.lpru.ac.th
apwg_sample_4190/2021-10/2021-10-18/2021-10-18-103344.png,Itau,Itau Unibanco S.A,1,tagBox1,0.93943274,smsatendimentoapp.com
apwg_sample_4190/2022-01/2022-01-17/2022-01-17-8927.png,Instagram,Instagram,1,tagBox1,0.95367473,baitedoutuk.com
apwg_sample_4190/2022-04/2022-04-13/2022-04-13-554980.png,Facebook,Facebook,1,tagBox1,0.94997406,www.portal-miejski.pl
apwg_sample_4190/2021-08/2021-08-14/2021-08-14-41855.png,Microsoft 365,Microsoft,1,tagBox1,0.88597023,otoj4.codesandbox.io
apwg_sample_4190/2022-03/2022-03-29/2022-03-29-681.png,Square Bank,,0,tagBox0,0,breakbright-scoresfillup.net
apwg_sample_4190/2021-09/2021-09-28/2021-09-28-3423.png,Microsoft,Microsoft,1,tagBox1,0.9124788,fate-jeweled-sawfish.glitch.me
apwg_sample_4190/2021-08/2021-08-30/2021-08-30-3508.png,Facebook,Facebook,1,tagBox1,0.9368117,visit-look.000webhostapp.com
apwg_sample_4190/2021-11/2021-11-10/2021-11-10-98946.png,Trust Wallet,,0,tagBox1,0.6422608,trustcryptowallet-erc71.000webhostapp.com
apwg_sample_4190/2021-08/2021-08-29/2021-08-29-53339.png,Namecheap,,0,tagBox1,0.7343707,old.ww1.callpaypal.com
apwg_sample_4190/2022-06/2022-06-30/2022-06-30-612857.png,Microsoft,Microsoft,1,tagBox1,0.9438946,unim.in
apwg_sample_4190/2021-09/2021-09-24/2021-09-24-38876.png,RuneScape,RuneScape,1,tagBox1,0.86714613,services.runescape.com-vzla.ru
apwg_sample_4190/2022-07/2022-07-27/2022-07-27-103562.png,Microsoft,Microsoft,1,tagBox1,0.9124788,dmoho-uiaaa-aaaad-qdfxa-cai.raw.ic0.app
apwg_sample_4190/2023-01/2023-01-17/2023-01-17-236849.png,Wells Fargo Bank,,0,tagBox1,0.78571266,utensilmanufacturer.com
apwg_sample_4190/2023-07/2023-07-12/2023-07-12-39504.png,Instagram,Instagram,1,tagBox1,0.95367473,adadads.000webhostapp.com
apwg_sample_4190/2022-05/2022-05-09/2022-05-09-95892.png,Yahoo,Yahoo!,1,tagBox1,0.91615653,spacesecure.tk
apwg_sample_4190/2022-07/2022-07-06/2022-07-06-21650.png,CaixaBank,CaixaBank,1,tagBox1,0.8920911,a.mycloud.kz
apwg_sample_4190/2021-10/2021-10-12/2021-10-12-36127.png,Microsoft,Microsoft,1,tagBox1,0.90614426,edgeworkflow11.azurefd.net
apwg_sample_4190/2022-08/2022-08-04/2022-08-04-382964.png,Outlook,Microsoft,1,tagBox1,0.8639972,white-boat-1544.on.fleek.co
apwg_sample_4190/2022-06/2022-06-01/2022-06-01-275445.png,Adobe,Adobe,1,tagBox1,0.9305124,upriseaustin.com
apwg_sample_4190/2023-06/2023-06-06/2023-06-06-179865.png,AT&T,AT&T,1,tagBox1,0.9824389,attsecfaq2b.weeblysite.com
apwg_sample_4190/2021-08/2021-08-30/2021-08-30-3738.png,Bank of America,Bank of America,1,tagBox1,0.9705181,mail.securevpn.co.uk
apwg_sample_4190/2022-02/2022-02-03/2022-02-03-35335.png,Alaska USA Federal Credit Union,Alaska USA Federal Credit Union,1,tagBox1,0.9581375,www.lvas.co.in
apwg_sample_4190/2021-10/2021-10-08/2021-10-08-147412.png,ANZ Bank,,0,tagBox0,0,www.mundosdiagonales.com
apwg_sample_4190/2022-10/2022-10-11/2022-10-11-315802.png,Instagram,Instagram,1,tagBox1,0.9597709,www36.photos-secret.com
apwg_sample_4190/2022-08/2022-08-12/2022-08-12-470674.png,Alibaba,Alibaba,1,tagBox1,0.9465426,fgeurope.digitalwise-hq.gr
apwg_sample_4190/2023-01/2023-01-27/2023-01-27-286440.png,Wells Fargo Bank,,0,tagBox1,0.7943093,citizenbank.sgateswa.com
apwg_sample_4190/2021-10/2021-10-04/2021-10-04-171238.png,Microsoft,Microsoft,1,tagBox1,0.8970427,lvas.co.in
apwg_sample_4190/2021-08/2021-08-09/2021-08-09-37774.png,Lufthansa,1&1 Ionos,1,tagBox1,0.8335117,lhgroupairlines.com
apwg_sample_4190/2021-08/2021-08-09/2021-08-09-39884.png,Lufthansa,,0,tagBox0,0,confirmation.experts-promotion.com
apwg_sample_4190/2022-09/2022-09-02/2022-09-02-142739.png,Instagram,Instagram,1,tagBox1,0.9543927,instagram-login-baittourss.blogspot.ae
apwg_sample_4190/2021-08/2021-08-19/2021-08-19-23172.png,Ecco,,0,tagBox1,0.61021966,palladiumschoen.com
apwg_sample_4190/2022-07/2022-07-14/2022-07-14-109390.png,Facebook,Facebook,1,tagBox1,0.92705476,newsnewcnn4k.hs-sites-eu1.com
apwg_sample_4190/2021-08/2021-08-12/2021-08-12-5189.png,Ecco,,0,tagBox1,0.63889444,www.palladiumschoen.com
apwg_sample_4190/2021-08/2021-08-12/2021-08-12-7288.png,Aeroflot,,0,tagBox1,0.7259631,skyscannner.xyz
apwg_sample_4190/2021-08/2021-08-13/2021-08-13-48626.png,BBVA Mexico,,0,tagBox0,0,bbva-es-personal-particulare006.duckdns.org
apwg_sample_4190/2021-11/2021-11-10/2021-11-10-101208.png,Tesco Bank,Google,1,tagBox1,0.9832369,mail.adorablemaltipoo.com
apwg_sample_4190/2021-10/2021-10-29/2021-10-29-137061.png,Netflix,Netflix,1,tagBox1,0.89525926,apple-map-icloud.com
apwg_sample_4190/2021-08/2021-08-11/2021-08-11-29936.png,BSPB,Discover,1,tagBox1,0.8321781,online-bspb.com
apwg_sample_4190/2023-03/2023-03-03/2023-03-03-27749.png,Instagram,Instagram,1,tagBox1,0.9216613,tunisia-com-topic-choir.trycloudflare.com
apwg_sample_4190/2022-06/2022-06-03/2022-06-03-467999.png,DHL,DHL Airways,1,tagBox1,0.9461319,livinstonecollegegroup.com
apwg_sample_4190/2021-09/2021-09-08/2021-09-08-30024.png,Microsoft,Microsoft,1,tagBox1,0.8779373,survcor.co.za
apwg_sample_4190/2021-11/2021-11-12/2021-11-12-138755.png,OneDrive,Microsoft,1,tagBox1,0.90678054,thesozone.net
apwg_sample_4190/2022-01/2022-01-25/2022-01-25-22657.png,Facebook,,0,tagBox1,0.78548646,freefirefockfacetexer.000webhostapp.com
apwg_sample_4190/2021-08/2021-08-17/2021-08-17-33811.png,Swiss Post,PostFinance,1,tagBox1,0.8884972,feliciakillian.com
apwg_sample_4190/2022-02/2022-02-18/2022-02-18-22846.png,Instagram,Instagram,1,tagBox1,0.9086707,sherry6.000webhostapp.com
apwg_sample_4190/2021-08/2021-08-17/2021-08-17-34061.png,Ecco,,0,tagBox0,0,www.vejabelgium.com
apwg_sample_4190/2021-08/2021-08-18/2021-08-18-7975.png,Aeroflot,,0,tagBox1,0.7259631,avia-skidka.xyz
apwg_sample_4190/2023-02/2023-02-01/2023-02-01-127092.png,DHL,DHL Airways,1,tagBox1,0.9664909,aibudgets.com
apwg_sample_4190/2021-12/2021-12-29/2021-12-29-62529.png,Namecheap,,0,tagBox1,0.82859063,ww25.paypalmoneyadder.com
apwg_sample_4190/2022-10/2022-10-06/2022-10-06-1221171.png,Paxful,,0,tagBox0,0,paxful-mains.pro
apwg_sample_4190/2022-02/2022-02-28/2022-02-28-17693.png,Twitter,,0,tagBox1,0.71086276,twitter.com
apwg_sample_4190/2021-10/2021-10-29/2021-10-29-138458.png,Wells Fargo Bank,Wells Fargo & Company,1,tagBox1,0.9160599,mail.itenet.com.hk
apwg_sample_4190/2021-10/2021-10-29/2021-10-29-137461.png,Microsoft,Microsoft,1,tagBox1,0.92592263,pouitree.com
apwg_sample_4190/2021-11/2021-11-13/2021-11-13-149661.png,Haitong Securities,,0,tagBox0,0,cheng.rukou.site
apwg_sample_4190/2022-06/2022-06-28/2022-06-28-526492.png,OneDrive,Microsoft,1,tagBox1,0.8986827,project8b-770b7.firebaseapp.com
apwg_sample_4190/2021-11/2021-11-02/2021-11-02-33060.png,Wells Fargo Bank,,0,tagBox1,0.71015644,saporidicasa.ro
apwg_sample_4190/2023-07/2023-07-27/2023-07-27-36928.png,Instagram,Instagram,1,tagBox1,0.9372282,appealbusinessforms.zc.al
apwg_sample_4190/2022-03/2022-03-28/2022-03-28-67632.png,Microsoft,Microsoft,1,tagBox1,0.9057343,stmcommunications.net
apwg_sample_4190/2022-10/2022-10-13/2022-10-13-465927.png,Facebook,Facebook,1,tagBox1,0.8816742,a5000-10501900.000webhostapp.com
apwg_sample_4190/2021-10/2021-10-09/2021-10-09-173695.png,Itau,Itau Unibanco S.A,1,tagBox1,0.89527726,training-business.com
apwg_sample_4190/2022-05/2022-05-26/2022-05-26-88830.png,Microsoft,Microsoft,1,tagBox1,0.90051734,fllh.com.sa
apwg_sample_4190/2021-08/2021-08-21/2021-08-21-32252.png,Lufthansa,,0,tagBox1,0.7778698,pxm02.sat.pixels-lhgroup.com
apwg_sample_4190/2021-08/2021-08-14/2021-08-14-41633.png,Standard Bank,,0,tagBox0,0,rebrand.ly
apwg_sample_4190/2023-02/2023-02-11/2023-02-11-100727.png,Intesa Sanpaolo,,0,tagBox1,0.71467894,arnsupershop.in
apwg_sample_4190/2022-10/2022-10-12/2022-10-12-945419.png,Yahoo,,0,tagBox1,0.81518763,yahoomail-103055.weeblysite.com
apwg_sample_4190/2021-10/2021-10-26/2021-10-26-2585.png,Apple,,0,tagBox1,0.7815452,www.internetservicetech.com
apwg_sample_4190/2022-09/2022-09-22/2022-09-22-174734.png,Wells Fargo Bank,Wells Fargo & Company,1,tagBox1,0.8961383,campingreinaisabel.com
apwg_sample_4190/2022-02/2022-02-06/2022-02-06-37359.png,PayPal,PayPal,1,tagBox1,0.8988142,globalingreschatappdigital.com
apwg_sample_4190/2021-10/2021-10-21/2021-10-21-182784.png,Facebook,Facebook,1,tagBox1,0.94489676,www.server269727.nazwa.pl
apwg_sample_4190/2023-03/2023-03-12/2023-03-12-19892.png,Facebook,Magalu,1,tagBox1,0.8514464,johnatanchagas.github.io
apwg_sample_4190/2022-01/2022-01-16/2022-01-16-12972.png,Facebook,Facebook,1,tagBox1,0.84936273,piouspham.000webhostapp.com
apwg_sample_4190/2021-08/2021-08-29/2021-08-29-53471.png,PayPal,PayPal,1,tagBox1,0.8997802,powerplusnews.tv
apwg_sample_4190/2021-10/2021-10-13/2021-10-13-20219.png,Facebook,Facebook,1,tagBox1,0.93665737,www.serwer2107757.home.pl
apwg_sample_4190/2021-09/2021-09-19/2021-09-19-35565.png,Microsoft,Microsoft,1,tagBox1,0.92592263,istarkorea.de
apwg_sample_4190/2021-10/2021-10-29/2021-10-29-137652.png,Facebook,,0,tagBox0,0,gh5489hg98hsfasd.tk
apwg_sample_4190/2022-04/2022-04-02/2022-04-02-172120.png,Changeip,,0,tagBox1,0.82446,nnuanisviral.my03.com
apwg_sample_4190/2021-11/2021-11-27/2021-11-27-48193.png,Changeip,,0,tagBox1,0.72539485,www.secure-citi15.serveuser.com
apwg_sample_4190/2021-12/2021-12-19/2021-12-19-36849.png,Facebook,Facebook,1,tagBox1,0.94156194,analhq.webwave.dev
apwg_sample_4190/2021-09/2021-09-06/2021-09-06-16830.png,Namecheap,,0,tagBox0,0,www.paypalcabs.com
apwg_sample_4190/2021-08/2021-08-21/2021-08-21-31889.png,Ecco,,0,tagBox0,0,www.hunterbootsphilippines.org
apwg_sample_4190/2022-02/2022-02-01/2022-02-01-27582.png,Microsoft,Microsoft,1,tagBox1,0.91349757,www.jaredlevy.ca
apwg_sample_4190/2021-09/2021-09-29/2021-09-29-5819.png,VTB Bank,,0,tagBox0,0,mail.vtb-bonus2021.online
apwg_sample_4190/2022-10/2022-10-09/2022-10-09-181268.png,Facebook,Facebook,1,tagBox1,0.9333567,cutt.ly
apwg_sample_4190/2022-02/2022-02-01/2022-02-01-27236.png,BECU,,0,tagBox1,0.7551722,shop.groupbyv.com
apwg_sample_4190/2021-09/2021-09-27/2021-09-27-25024.png,Microsoft,Microsoft,1,tagBox1,0.8558549,www.armorall.ca
apwg_sample_4190/2022-03/2022-03-15/2022-03-15-8174.png,LinkedIn,LinkedIn Corporation,1,tagBox1,0.869138,www.bimb.dealzgreat.com
apwg_sample_4190/2022-04/2022-04-13/2022-04-13-572318.png,Microsoft,OurTime Dating,1,tagBox1,0.8349451,gvlredheadedrealtor.info
apwg_sample_4190/2023-01/2023-01-29/2023-01-29-152643.png,Facebook,Facebook,1,tagBox1,0.9452911,sanatateportalmedicamentesentialevot1.tmpdevelopers.com
apwg_sample_4190/2022-12/2022-12-18/2022-12-18-121417.png,PayPal,PayPal,1,tagBox1,0.90924996,sincomision.000webhostapp.com
apwg_sample_4190/2022-09/2022-09-12/2022-09-12-248094.png,ABN AMRO Bank,,0,tagBox1,0.764608,linkfree.me
apwg_sample_4190/2022-01/2022-01-12/2022-01-12-24392.png,MKB Bank,,0,tagBox0,0,www.expocid.mx
apwg_sample_4190/2022-01/2022-01-07/2022-01-07-28665.png,Swiss Post,PostFinance,1,tagBox1,0.86901313,chilyspo.duckdns.org
apwg_sample_4190/2021-08/2021-08-22/2021-08-22-53126.png,PayPal,PayPal,1,tagBox1,0.8998295,paypei.co
apwg_sample_4190/2021-11/2021-11-13/2021-11-13-149920.png,StarHub,,0,tagBox1,0.7771834,server847592.nazwa.pl
apwg_sample_4190/2021-12/2021-12-13/2021-12-13-5054.png,PayPal,PayPal,1,tagBox1,0.90104616,paypal-secured-verification.lhr.rocks
apwg_sample_4190/2021-08/2021-08-05/2021-08-05-16082.png,eBay,eBay,1,tagBox1,0.94982666,bluewingsclothing.com
apwg_sample_4190/2022-04/2022-04-28/2022-04-28-148407.png,DHL,DHL Airways,1,tagBox1,0.9664191,trabalhonoauto.com
apwg_sample_4190/2023-07/2023-07-10/2023-07-10-6663.png,Credit Agricole,Credit Agricole S.A,1,tagBox1,0.9340405,0f2cff2.wcomhost.com
apwg_sample_4190/2023-03/2023-03-31/2023-03-31-20216.png,Yahoo,Yahoo!,1,tagBox1,0.8553196,ula873.keap-link003.com
apwg_sample_4190/2022-05/2022-05-28/2022-05-28-6332.png,Credit Agricole,Credit Agricole S.A,1,tagBox1,0.9633681,primaire.bestcours.net
apwg_sample_4190/2022-02/2022-02-14/2022-02-14-35787.png,OneDrive,Microsoft,1,tagBox1,0.88648725,minidreams.com.br
apwg_sample_4190/2022-06/2022-06-28/2022-06-28-537411.png,AT&T,AT&T,1,tagBox1,0.96746075,safmei.com.br
apwg_sample_4190/2022-10/2022-10-23/2022-10-23-593160.png,Facebook,,0,tagBox1,0.7410684,faceb0k-l00g1ndisini.qr-cs.com
apwg_sample_4190/2022-07/2022-07-26/2022-07-26-114776.png,Facebook,,0,tagBox1,0.7821821,kamlna.com
apwg_sample_4190/2022-10/2022-10-31/2022-10-31-1332414.png,Microsoft,,0,tagBox0,0,www.onlineservicetec.com
apwg_sample_4190/2021-08/2021-08-19/2021-08-19-23007.png,PayPal,PayPal,1,tagBox1,0.8913353,seconpaypa.web.app
apwg_sample_4190/2022-11/2022-11-03/2022-11-03-214773.png,"Rackspace Technology, Inc.",Amazon,1,tagBox1,0.83379275,ipfs.io
apwg_sample_4190/2021-08/2021-08-19/2021-08-19-23097.png,Google,Google,1,tagBox1,0.97142226,mail.servicegoogle.com
apwg_sample_4190/2021-11/2021-11-14/2021-11-14-153269.png,DHL,DHL Airways,1,tagBox1,0.94653296,maplevalleycontracting.ca
apwg_sample_4190/2022-01/2022-01-26/2022-01-26-26846.png,GoDaddy,,0,tagBox1,0.850003,www.afternic.com
apwg_sample_4190/2021-09/2021-09-09/2021-09-09-13590.png,Facebook,Facebook,1,tagBox1,0.9504874,mail.realestate-post719223.com
apwg_sample_4190/2023-01/2023-01-22/2023-01-22-31151.png,Facebook,,0,tagBox1,0.8868936,www.sfweedapp.com.usrfiles.com
apwg_sample_4190/2021-08/2021-08-19/2021-08-19-23350.png,Trust Wallet,,0,tagBox1,0.73025477,smarttwt-getreward.000webhostapp.com
apwg_sample_4190/2021-08/2021-08-20/2021-08-20-36894.png,DenizBank,,0,tagBox1,0.6241457,www-denizbank-yenilenensubemiz2021giris.com
apwg_sample_4190/2021-11/2021-11-22/2021-11-22-163574.png,Societe Generale Group,,0,tagBox1,0.8148371,cp82673.tmweb.ru
apwg_sample_4190/2022-07/2022-07-08/2022-07-08-122425.png,Facebook,Facebook,1,tagBox1,0.88087684,infya.com
apwg_sample_4190/2022-01/2022-01-26/2022-01-26-26286.png,Microsoft,Microsoft,1,tagBox1,0.92389274,login.microsoftonline.us.office.rp1.abangaritest.govshn.net
apwg_sample_4190/2022-08/2022-08-25/2022-08-25-264527.png,Zimbra,TalkTalk Communications,1,tagBox1,0.8863774,atlbikelady.com
apwg_sample_4190/2021-10/2021-10-15/2021-10-15-204617.png,Facebook,Facebook,1,tagBox1,0.94156194,mkuioes.easy.co
apwg_sample_4190/2021-10/2021-10-13/2021-10-13-26519.png,Amazon,Amazon,1,tagBox1,0.9526491,deliveryamazon.us.logitel.com.au
apwg_sample_4190/2021-11/2021-11-11/2021-11-11-176801.png,Raiffeisen Bank,Raiffeisen Bank S.A.,1,tagBox1,0.9734275,www.corvilla.id
apwg_sample_4190/2022-06/2022-06-29/2022-06-29-416833.png,Microsoft,Microsoft,1,tagBox1,0.926109,domakj.ga
apwg_sample_4190/2022-08/2022-08-08/2022-08-08-477734.png,Apple,,0,tagBox0,0,appleidsecurelogin-com.preview-domain.com
apwg_sample_4190/2022-10/2022-10-06/2022-10-06-1219075.png,Societe Generale Group,,0,tagBox1,0.7954008,verif-auth24.info
apwg_sample_4190/2021-10/2021-10-25/2021-10-25-178242.png,Wells Fargo Bank,,0,tagBox1,0.78644514,restoreonline.duckdns.org
apwg_sample_4190/2022-04/2022-04-13/2022-04-13-553224.png,Adobe,Adobe,1,tagBox1,0.8943238,firstjetcourier.com
apwg_sample_4190/2022-06/2022-06-30/2022-06-30-626896.png,Outlook,Microsoft,1,tagBox1,0.92796105,owaa1006.firebaseapp.com
apwg_sample_4190/2022-08/2022-08-06/2022-08-06-457690.png,WalletConnect,,0,tagBox0,0,wallets-connect.co
apwg_sample_4190/2023-02/2023-02-10/2023-02-10-138831.png,Facebook,Facebook,1,tagBox1,0.8623023,calzoleria1946.deradev.it
apwg_sample_4190/2021-08/2021-08-11/2021-08-11-29428.png,Timeweb,,0,tagBox1,0.6882931,cf66260.tmweb.ru
apwg_sample_4190/2021-10/2021-10-28/2021-10-28-136567.png,Facebook,Facebook,1,tagBox1,0.8623023,web-facebook-comgroups1669631013099787members.accesscapital.uk
apwg_sample_4190/2021-09/2021-09-27/2021-09-27-23297.png,LinkedIn,LinkedIn Corporation,1,tagBox1,0.85403347,hpps.com
apwg_sample_4190/2022-06/2022-06-23/2022-06-23-17761.png,Facebook,Facebook,1,tagBox1,0.8966841,videmp46383.blogspot.co.il
apwg_sample_4190/2021-10/2021-10-19/2021-10-19-57237.png,Intuit,,0,tagBox1,0.53296447,jcbsc.org
apwg_sample_4190/2021-11/2021-11-12/2021-11-12-137006.png,Wells Fargo Bank,,0,tagBox1,0.66754466,www.goiavidros.com.br
apwg_sample_4190/2021-09/2021-09-10/2021-09-10-8631.png,Microsoft,,0,tagBox0,0,eservicebits.com
apwg_sample_4190/2021-11/2021-11-18/2021-11-18-90723.png,Belarusbank,,0,tagBox0,0,ch46728.tmweb.ru
apwg_sample_4190/2021-12/2021-12-24/2021-12-24-64181.png,PayPal,PayPal,1,tagBox1,0.89276904,paypaaccou.temp.swtest.ru
apwg_sample_4190/2021-10/2021-10-20/2021-10-20-145253.png,Wells Fargo Bank,,0,tagBox1,0.68814754,center-info-notice.com
apwg_sample_4190/2023-01/2023-01-12/2023-01-12-173484.png,Navy Federal Credit Union,Navy Federal Credit Union,1,tagBox1,0.9524028,auspicious-surf-busby.glitch.me
apwg_sample_4190/2022-07/2022-07-20/2022-07-20-112911.png,Facebook,Facebook,1,tagBox1,0.92666215,cutt.ly
apwg_sample_4190/2023-06/2023-06-23/2023-06-23-110164.png,Facebook,,0,tagBox1,0.8868936,www.filesusr.com
apwg_sample_4190/2021-11/2021-11-30/2021-11-30-65178.png,Netflix,Netflix,1,tagBox1,0.9038806,browser-97a1da.ingress-baronn.easywp.com
apwg_sample_4190/2021-10/2021-10-13/2021-10-13-27071.png,Yahoo,Yahoo!,1,tagBox1,0.9040113,f002.backblazeb2.com
apwg_sample_4190/2021-10/2021-10-26/2021-10-26-254.png,DHL,DHL Airways,1,tagBox1,0.9664191,realignyourlife.org
apwg_sample_4190/2022-03/2022-03-08/2022-03-08-74543.png,Microsoft,Microsoft,1,tagBox1,0.9372835,pointmobs.com
apwg_sample_4190/2023-02/2023-02-06/2023-02-06-108995.png,Microsoft,Microsoft,1,tagBox1,0.92292464,azure-microsoft-account-securitusa.clicketcloud.com
apwg_sample_4190/2022-04/2022-04-21/2022-04-21-380568.png,Microsoft,Microsoft,1,tagBox1,0.9214398,keeppassword.us-east-1.linodeobjects.com
apwg_sample_4190/2021-11/2021-11-09/2021-11-09-161553.png,LinkedIn,LinkedIn Corporation,1,tagBox1,0.8518007,willertec.co.ke
apwg_sample_4190/2021-09/2021-09-30/2021-09-30-33122.png,Netflix,Netflix,1,tagBox1,0.9323484,dev-chasecheck.pantheonsite.io
apwg_sample_4190/2021-08/2021-08-15/2021-08-15-34509.png,YouTube,youtube,1,tagBox1,0.91269267,lania00a.blogspot.com
apwg_sample_4190/2022-07/2022-07-28/2022-07-28-6696.png,Facebook,Facebook,1,tagBox1,0.9264252,rafiprojectreels.online
apwg_sample_4190/2021-08/2021-08-20/2021-08-20-37350.png,Lufthansa,Facebook,1,tagBox1,0.84656453,www.ppb-infolounge.de
apwg_sample_4190/2022-05/2022-05-01/2022-05-01-64710.png,Microsoft,Microsoft,1,tagBox1,0.92484146,new-shareage.hheskenya.org
apwg_sample_4190/2021-11/2021-11-20/2021-11-20-92549.png,Amazon,Amazon,1,tagBox1,0.948357,amazon-serviceid84250.chickenkiller.com
apwg_sample_4190/2021-11/2021-11-03/2021-11-03-87263.png,Leboncoin,Allegro,1,tagBox1,0.8423753,paimentfluxcoifr.000webhostapp.com
apwg_sample_4190/2022-03/2022-03-10/2022-03-10-59921.png,Microsoft,Microsoft,1,tagBox1,0.926109,forjoinusth.sgp1.digitaloceanspaces.com
apwg_sample_4190/2021-11/2021-11-09/2021-11-09-160018.png,Google Drive,,0,tagBox1,0.65548575,mail.avemariasecondaryschool.com
apwg_sample_4190/2022-09/2022-09-14/2022-09-14-161312.png,Military Bank,,0,tagBox1,0.630529,congvidientupay.com
apwg_sample_4190/2022-04/2022-04-20/2022-04-20-75653.png,AT&T,AT&T,1,tagBox1,0.96746075,bit.do
apwg_sample_4190/2021-12/2021-12-14/2021-12-14-3566.png,Microsoft,Microsoft,1,tagBox1,0.9348724,sgp1.digitaloceanspaces.com
apwg_sample_4190/2022-03/2022-03-28/2022-03-28-66971.png,E-Mail Provider,,0,tagBox1,0.71664786,unifacema.edu.br
apwg_sample_4190/2022-08/2022-08-12/2022-08-12-471445.png,International Card Services,,0,tagBox0,0,icscards.nl.online-identificatie.vizagsmiles.com
apwg_sample_4190/2021-10/2021-10-30/2021-10-30-134149.png,Wells Fargo Bank,Wells Fargo & Company,1,tagBox1,0.8961383,www.tdollarsecurity101.duckdns.org
apwg_sample_4190/2021-08/2021-08-13/2021-08-13-49419.png,Lufthansa,,0,tagBox0,0,iatp.com
apwg_sample_4190/2021-08/2021-08-13/2021-08-13-49500.png,DenizBank,,0,tagBox0,0,mail.denizdenhediyeler.com
apwg_sample_4190/2021-09/2021-09-23/2021-09-23-20084.png,Wells Fargo Bank,,0,tagBox1,0.78571266,safariumrohhaji.com
apwg_sample_4190/2023-03/2023-03-07/2023-03-07-17574.png,Microsoft,shoptet,1,tagBox1,0.84855396,digitalananda.online
apwg_sample_4190/2023-01/2023-01-17/2023-01-17-235636.png,HSBC,HSBC Bank,1,tagBox1,0.98662996,144.126.204.122
apwg_sample_4190/2022-09/2022-09-30/2022-09-30-31625.png,Facebook,Facebook,1,tagBox1,0.9053735,mipatroncarwash.com
apwg_sample_4190/2021-12/2021-12-08/2021-12-08-38501.png,Deutsche Post,,0,tagBox0,0,deutschepost-tracking-9ab217.ingress-florina.easywp.com
apwg_sample_4190/2022-04/2022-04-05/2022-04-05-64863.png,Netflix,,0,tagBox1,0.6713903,colegiock.com.br
apwg_sample_4190/2021-08/2021-08-13/2021-08-13-48902.png,Microsoft,Microsoft,1,tagBox1,0.9371144,738010879.ujsd.jumperctin.com
apwg_sample_4190/2021-12/2021-12-14/2021-12-14-3146.png,Microsoft,Microsoft,1,tagBox1,0.859505,www.juoliveiraorganizer.com.br
apwg_sample_4190/2021-11/2021-11-01/2021-11-01-112587.png,Microsoft,OurTime Dating,1,tagBox1,0.8349451,pipersandler.co
apwg_sample_4190/2022-02/2022-02-05/2022-02-05-9915.png,Roundcube,,0,tagBox1,0.9083601,applelost.com
apwg_sample_4190/2021-08/2021-08-26/2021-08-26-52304.png,Wells Fargo Bank,,0,tagBox1,0.7969334,firebasestorage.googleapis.com
apwg_sample_4190/2022-05/2022-05-08/2022-05-08-24551.png,Wells Fargo Bank,,0,tagBox1,0.8210703,ufssfrt.info
apwg_sample_4190/2021-11/2021-11-18/2021-11-18-91909.png,Wells Fargo Bank,,0,tagBox1,0.78943,demo.talenz.biz
apwg_sample_4190/2021-10/2021-10-21/2021-10-21-183735.png,Wells Fargo Bank,Wells Fargo & Company,1,tagBox1,0.924294,taqaddom.ps
apwg_sample_4190/2021-09/2021-09-16/2021-09-16-2091.png,BDO Unibank,,0,tagBox0,0,wiarchive.com
apwg_sample_4190/2022-07/2022-07-26/2022-07-26-114760.png,LinkedIn,LinkedIn Corporation,1,tagBox1,0.86603,www.ascargopackers.com
apwg_sample_4190/2022-02/2022-02-03/2022-02-03-35360.png,Microsoft,Microsoft,1,tagBox1,0.924125,pooptionary.info
apwg_sample_4190/2021-09/2021-09-21/2021-09-21-26.png,Sparkasse,Sparkasse Bank,1,tagBox1,0.92503494,sparkasse-hebo.biz
apwg_sample_4190/2021-10/2021-10-06/2021-10-06-225713.png,Wells Fargo Bank,,0,tagBox1,0.7702698,financialnewsamerica.com
apwg_sample_4190/2021-09/2021-09-19/2021-09-19-35818.png,BMO Bank,Bank of Montreal,1,tagBox1,0.9648396,195.133.40.150.clients.dts.su
apwg_sample_4190/2022-06/2022-06-28/2022-06-28-542931.png,Instagram,Instagram,1,tagBox1,0.92977947,instagram-telif-itiraz.herokuapp.com
apwg_sample_4190/2021-11/2021-11-10/2021-11-10-102229.png,Wells Fargo Bank,sharp,1,tagBox1,0.849272,mail.147-182-131-234.cprapid.com
apwg_sample_4190/2022-07/2022-07-06/2022-07-06-21595.png,Microsoft,,0,tagBox0,0,opebanwo.com
apwg_sample_4190/2021-09/2021-09-14/2021-09-14-21771.png,Orange,Orange,1,tagBox1,0.8718884,jtechnet.com.br
apwg_sample_4190/2021-09/2021-09-14/2021-09-14-22415.png,LCL,lcl,1,tagBox1,0.92948866,deutsche-waerme.de
apwg_sample_4190/2021-11/2021-11-09/2021-11-09-158965.png,Microsoft,Microsoft,1,tagBox1,0.9253149,f002.backblazeb2.com
apwg_sample_4190/2021-11/2021-11-15/2021-11-15-184443.png,Credit Agricole,Credit Agricole S.A,1,tagBox1,0.96597147,www.dsindigo.com
apwg_sample_4190/2022-05/2022-05-04/2022-05-04-37267.png,Vietcombank,,0,tagBox0,0,1472583689.top
apwg_sample_4190/2022-02/2022-02-23/2022-02-23-6284.png,Facebook,Facebook,1,tagBox1,0.8941618,site-6469980-4952-4540.mystrikingly.com
apwg_sample_4190/2021-10/2021-10-14/2021-10-14-78924.png,Netflix,,0,tagBox1,0.6620979,verfy-netflx.squirly.info
apwg_sample_4190/2021-11/2021-11-10/2021-11-10-98853.png,Outlook,Microsoft,1,tagBox1,0.8914538,dealmanshop.com
apwg_sample_4190/2021-11/2021-11-18/2021-11-18-91777.png,Credit Agricole,Credit Agricole S.A,1,tagBox1,0.94899,support898.tmweb.ru
apwg_sample_4190/2021-10/2021-10-18/2021-10-18-105414.png,Wells Fargo Bank,,0,tagBox1,0.6818297,onlinewellsfargoverification.cloudns.nz
apwg_sample_4190/2022-06/2022-06-09/2022-06-09-573361.png,Google,Google,1,tagBox1,0.9729901,ssl.google.noreply-supports.com
apwg_sample_4190/2022-03/2022-03-29/2022-03-29-274.png,Microsoft,Microsoft,1,tagBox1,0.926109,homebasedlaundry.co.za
apwg_sample_4190/2021-09/2021-09-17/2021-09-17-11918.png,Piraeus Bank,,0,tagBox0,0,novusinternationalfze.com
apwg_sample_4190/2021-09/2021-09-20/2021-09-20-18858.png,Sumitomo Mitsui Banking Corporation,,0,tagBox1,0.68235874,www.scmcd-cuad.cascrzcrd.com
apwg_sample_4190/2023-07/2023-07-11/2023-07-11-118141.png,Microsoft,Microsoft,1,tagBox1,0.9458089,pub-ca9e8d36c537415790b11f7f367a3191.r2.dev
apwg_sample_4190/2021-10/2021-10-25/2021-10-25-178179.png,BBVA Mexico,,0,tagBox0,0,web-banca-privada-cuenta-online-institucion-es.https443.org
apwg_sample_4190/2022-04/2022-04-15/2022-04-15-526929.png,Sparkasse,Sparkasse Bank,1,tagBox1,0.94739884,smartforce-etesting.com
apwg_sample_4190/2023-01/2023-01-17/2023-01-17-237443.png,Facebook,Facebook,1,tagBox1,0.8623023,quemados.filesusr.com
apwg_sample_4190/2021-09/2021-09-16/2021-09-16-1095.png,Google,Google,1,tagBox1,0.97041404,google-phishing-page.lenxixbooster.repl.co
apwg_sample_4190/2022-07/2022-07-06/2022-07-06-21018.png,Outlook,,0,tagBox1,0.77433777,www.yiopmg.com
apwg_sample_4190/2022-02/2022-02-10/2022-02-10-27824.png,Chronopost International,Chronopost International,1,tagBox1,0.98195505,chronopostweb.net
apwg_sample_4190/2023-05/2023-05-25/2023-05-25-49414.png,Wells Fargo Bank,,0,tagBox1,0.7640953,luanrosario.adv.br
apwg_sample_4190/2021-09/2021-09-15/2021-09-15-27717.png,GOV.UK,,0,tagBox1,0.83560103,www.jsncg.com
apwg_sample_4190/2021-09/2021-09-18/2021-09-18-10665.png,E-Mail Provider,,0,tagBox0,0,smilingmail.ca
apwg_sample_4190/2022-10/2022-10-17/2022-10-17-655506.png,E-Mail Provider,,0,tagBox1,0.58353305,cos-lcpwpdoq4.ml
apwg_sample_4190/2022-08/2022-08-02/2022-08-02-42409.png,E-Mail Provider,,0,tagBox1,0.76000524,vps67241.inmotionhosting.com
apwg_sample_4190/2023-04/2023-04-28/2023-04-28-12870.png,Outlook,Microsoft,1,tagBox1,0.8914538,cloudflare-ipfs.com
apwg_sample_4190/2021-11/2021-11-24/2021-11-24-1395.png,PayPal,PayPal,1,tagBox1,0.8918138,celestebellier.000webhostapp.com
apwg_sample_4190/2021-12/2021-12-18/2021-12-18-33971.png,Orange,Orange,1,tagBox1,0.9363526,louiswarner.duckdns.org
apwg_sample_4190/2022-06/2022-06-15/2022-06-15-291069.png,Microsoft,Microsoft,1,tagBox1,0.90305865,withinkingdom.info
apwg_sample_4190/2022-05/2022-05-10/2022-05-10-76449.png,Amazon,Amazon,1,tagBox1,0.94257903,trs.ihreprizemarkt.com
apwg_sample_4190/2022-01/2022-01-26/2022-01-26-26931.png,Microsoft,Microsoft,1,tagBox1,0.9058451,freewill-ministries.info
apwg_sample_4190/2023-06/2023-06-09/2023-06-09-56097.png,Microsoft,Microsoft,1,tagBox1,0.8680079,corporate-lawyers-1318334846.cos.na-ashburn.myqcloud.com
apwg_sample_4190/2021-09/2021-09-30/2021-09-30-32474.png,E-Mail Provider,Magalu,1,tagBox1,0.88562185,opsxpert.com
apwg_sample_4190/2021-10/2021-10-22/2021-10-22-62855.png,Alaska USA Federal Credit Union,Alaska USA Federal Credit Union,1,tagBox1,0.9126,iunradio.com
apwg_sample_4190/2021-10/2021-10-15/2021-10-15-210204.png,Microsoft,Microsoft,1,tagBox1,0.92697203,live.rawfednews.com
apwg_sample_4190/2021-09/2021-09-29/2021-09-29-6055.png,Credit Agricole,Credit Agricole S.A,1,tagBox1,0.9603889,xojed34717.temp.swtest.ru
apwg_sample_4190/2021-09/2021-09-25/2021-09-25-31718.png,Chase Bank,,0,tagBox1,0.43490943,chase-idverify-097.duckdns.org
apwg_sample_4190/2021-09/2021-09-29/2021-09-29-7281.png,Wells Fargo Bank,,0,tagBox1,0.7171255,omegasys567temscorp.ru
apwg_sample_4190/2021-09/2021-09-28/2021-09-28-2340.png,Booking,,0,tagBox1,0.7836619,booking-conf.pl-id95248936.xyz
apwg_sample_4190/2022-02/2022-02-07/2022-02-07-5372.png,iCloud,,0,tagBox0,0,154.204.57.192
apwg_sample_4190/2021-11/2021-11-02/2021-11-02-32748.png,Citibank,,0,tagBox0,0,agriculturefault.com
apwg_sample_4190/2022-02/2022-02-22/2022-02-22-30819.png,Adobe,Microsoft,1,tagBox1,0.8778622,salesvilleproperties.com
apwg_sample_4190/2021-10/2021-10-07/2021-10-07-59527.png,DHL,DHL Airways,1,tagBox1,0.95840526,evowheel.com
apwg_sample_4190/2021-10/2021-10-05/2021-10-05-180750.png,Cardano,,0,tagBox1,0.7602513,www.ure.ipts-money.xyz
apwg_sample_4190/2022-01/2022-01-18/2022-01-18-39824.png,Outlook,Microsoft,1,tagBox1,0.8914538,jbzqxoscpn.web.app
apwg_sample_4190/2021-09/2021-09-29/2021-09-29-6324.png,Huntington Bank,Huntington Bank,1,tagBox1,0.8853191,compressive.co.uk
apwg_sample_4190/2023-07/2023-07-31/2023-07-31-10457.png,Microsoft,Microsoft,1,tagBox1,0.88834506,www.137-184-215-164.cprapid.com
apwg_sample_4190/2021-09/2021-09-28/2021-09-28-4054.png,Apple,,0,tagBox1,0.70257556,www.qtendencias.com
apwg_sample_4190/2021-09/2021-09-27/2021-09-27-23051.png,Chase Bank,,0,tagBox1,0.7991124,chase-vf.com
apwg_sample_4190/2021-09/2021-09-28/2021-09-28-2428.png,Adobe,Adobe,1,tagBox1,0.91547287,cassidyartz.com
apwg_sample_4190/2022-01/2022-01-22/2022-01-22-16238.png,Microsoft,Microsoft,1,tagBox1,0.9313003,docsharex-authorize.web.app
apwg_sample_4190/2023-03/2023-03-07/2023-03-07-15992.png,Wells Fargo Bank,,0,tagBox1,0.76919955,sgbrsistemas.com.br
apwg_sample_4190/2021-10/2021-10-11/2021-10-11-120312.png,LinkedIn,LinkedIn Corporation,1,tagBox1,0.85403347,excelministries.org
apwg_sample_4190/2021-10/2021-10-04/2021-10-04-169550.png,Microsoft,Microsoft,1,tagBox1,0.923952,hkvvy.csb.app
apwg_sample_4190/2021-12/2021-12-22/2021-12-22-32932.png,Alibaba,Alibaba,1,tagBox1,0.92479634,radiorenascer.com.br
apwg_sample_4190/2021-11/2021-11-15/2021-11-15-182736.png,SiteGround,,0,tagBox1,0.73471946,www.inventorbasiclogi.shop
apwg_sample_4190/2021-12/2021-12-14/2021-12-14-3534.png,LinkedIn,LinkedIn Corporation,1,tagBox1,0.86603,mantul.com
apwg_sample_4190/2021-09/2021-09-28/2021-09-28-4044.png,Amazon,Amazon,1,tagBox1,0.9830228,arnaozn.lilml.com
apwg_sample_4190/2021-10/2021-10-11/2021-10-11-124670.png,LinkedIn,LinkedIn Corporation,1,tagBox1,0.85403347,sethinglast.nerdpol.ovh
apwg_sample_4190/2021-10/2021-10-27/2021-10-27-63780.png,Microsoft,Microsoft,1,tagBox1,0.9317415,vcxb-sdjmndscx-courteous-lizard-gm.mybluemix.net
apwg_sample_4190/2022-06/2022-06-24/2022-06-24-203291.png,Wells Fargo Bank,,0,tagBox1,0.7969334,www.suniproject.org
apwg_sample_4190/2021-10/2021-10-03/2021-10-03-130710.png,Amazon,Amazon,1,tagBox1,0.97640336,amazon.co.jp.c11186.top
apwg_sample_4190/2021-10/2021-10-19/2021-10-19-55660.png,Wells Fargo Bank,sharp,1,tagBox1,0.8547519,mail.192-3-117-166.cprapid.com
apwg_sample_4190/2021-09/2021-09-30/2021-09-30-33468.png,Microsoft,Microsoft,1,tagBox1,0.8558549,shoprevo.com
apwg_sample_4190/2021-09/2021-09-27/2021-09-27-23975.png,Adobe,,0,tagBox0,0,hueids.vn
apwg_sample_4190/2022-05/2022-05-05/2022-05-05-46954.png,Apple,Apple,1,tagBox1,0.83244187,sydneycharterservices.com
apwg_sample_4190/2021-10/2021-10-03/2021-10-03-131402.png,Facebook,Facebook,1,tagBox1,0.93665737,fkty24.pl
apwg_sample_4190/2021-09/2021-09-30/2021-09-30-32699.png,DHL,DHL Airways,1,tagBox1,0.96710145,api002.backblazeb2.com
apwg_sample_4190/2022-08/2022-08-18/2022-08-18-390554.png,Wells Fargo Bank,,0,tagBox1,0.77968353,inxdex-dasshboard-com.preview-domain.com
apwg_sample_4190/2021-10/2021-10-11/2021-10-11-120094.png,Amazon,Amazon,1,tagBox1,0.9526491,deliveryamazon.us.logitel.com.au
apwg_sample_4190/2021-12/2021-12-21/2021-12-21-63939.png,DHL,Microsoft,1,tagBox1,0.8891825,multijrconsultoria.com.br
apwg_sample_4190/2021-12/2021-12-22/2021-12-22-33411.png,Banca MPS,mdpd,1,tagBox1,0.9689162,members.africanamericangrants.org
apwg_sample_4190/2021-09/2021-09-14/2021-09-14-22012.png,Microsoft,Microsoft,1,tagBox1,0.92136985,kangseungjeun.com
apwg_sample_4190/2021-10/2021-10-05/2021-10-05-181097.png,Amazon,Amazon,1,tagBox1,0.948357,qrco.de
apwg_sample_4190/2022-01/2022-01-07/2022-01-07-29042.png,Wells Fargo Bank,,0,tagBox1,0.80980766,ash1337dfgf.co
apwg_sample_4190/2021-10/2021-10-18/2021-10-18-98771.png,Microsoft,Microsoft,1,tagBox1,0.92173624,mute-pond-2e52.pieterc5.workers.dev
apwg_sample_4190/2022-10/2022-10-05/2022-10-05-982434.png,Adobe,Adobe,1,tagBox1,0.93653184,providenetwork.com
apwg_sample_4190/2022-01/2022-01-31/2022-01-31-15410.png,Outlook,Microsoft,1,tagBox1,0.8914538,storageapi.fleek.co
apwg_sample_4190/2021-10/2021-10-13/2021-10-13-25926.png,Chase Bank,,0,tagBox1,0.7982389,anasps.ibbca.com.br
apwg_sample_4190/2022-01/2022-01-06/2022-01-06-36837.png,Shaw Communications,Banca Sella,1,tagBox1,0.8305532,www.cabsiler.com
apwg_sample_4190/2022-02/2022-02-01/2022-02-01-26189.png,Netflix,Netflix,1,tagBox1,0.9387909,anandpiyush1521.github.io
apwg_sample_4190/2021-09/2021-09-26/2021-09-26-32123.png,Wells Fargo Bank,Wells Fargo & Company,1,tagBox1,0.91962016,www.chef-shehata.us
apwg_sample_4190/2021-10/2021-10-05/2021-10-05-180700.png,International Card Services,International Card Services B.V,1,tagBox1,0.9762503,sharp-goldwasser.109-71-253-24.plesk.page
apwg_sample_4190/2021-11/2021-11-12/2021-11-12-140815.png,Huntington Bank,Huntington Bank,1,tagBox1,0.889051,hintight.duckdns.org
apwg_sample_4190/2021-09/2021-09-29/2021-09-29-4582.png,Apple,Apple,1,tagBox1,0.847507,www.findmy-iphone.biz
apwg_sample_4190/2021-09/2021-09-29/2021-09-29-5766.png,Chase Bank,,0,tagBox0,0,dabondental.ph
apwg_sample_4190/2022-07/2022-07-26/2022-07-26-115382.png,Wells Fargo Bank,,0,tagBox1,0.781579,leadexcess.com
apwg_sample_4190/2022-05/2022-05-21/2022-05-21-85163.png,Chase Bank,,0,tagBox1,0.7910471,samarawickramaexporters.com
apwg_sample_4190/2022-12/2022-12-09/2022-12-09-350362.png,WeTransfer,,0,tagBox1,0.7016606,nerdgang89.github.io
apwg_sample_4190/2021-10/2021-10-21/2021-10-21-182948.png,Tesla,,0,tagBox1,0.7683432,muskevent.2xevent.repl.co
apwg_sample_4190/2022-04/2022-04-21/2022-04-21-381579.png,au,,0,tagBox0,0,mail.au-paywallet.com
apwg_sample_4190/2022-10/2022-10-05/2022-10-05-1000004.png,Chase Bank,,0,tagBox1,0.73124033,mstd.mx
apwg_sample_4190/2022-10/2022-10-11/2022-10-11-340494.png,Wells Fargo Bank,,0,tagBox1,0.79213405,hayatatateyama.com
apwg_sample_4190/2021-09/2021-09-29/2021-09-29-4948.png,Microsoft,Microsoft,1,tagBox1,0.91405547,drgrahamwong.com
apwg_sample_4190/2022-07/2022-07-03/2022-07-03-124055.png,Netflix,Netflix,1,tagBox1,0.9707067,poland-ultram-dinner-region.trycloudflare.com
apwg_sample_4190/2022-04/2022-04-12/2022-04-12-156310.png,Microsoft,Microsoft,1,tagBox1,0.9190151,ygialuj.dns.army
apwg_sample_4190/2022-07/2022-07-23/2022-07-23-15933.png,Apple,Apple,1,tagBox1,0.90307987,sgntpwunqjals-prchseoqpausnw.duckdns.org
apwg_sample_4190/2021-09/2021-09-29/2021-09-29-5761.png,Wells Fargo Bank,Wells Fargo & Company,1,tagBox1,0.91962016,www.trueplayers.in
apwg_sample_4190/2021-10/2021-10-12/2021-10-12-35983.png,DHL,DHL Airways,1,tagBox1,0.9625995,www.machaulingerie.com
apwg_sample_4190/2023-06/2023-06-13/2023-06-13-12671.png,Microsoft,Microsoft,1,tagBox1,0.9153941,contractorfloorsealers.com
apwg_sample_4190/2022-09/2022-09-23/2022-09-23-47117.png,Wells Fargo Bank,,0,tagBox1,0.6600592,console.waselerp.com
apwg_sample_4190/2022-03/2022-03-28/2022-03-28-70935.png,OneDrive,Microsoft,1,tagBox1,0.9178488,www.scmedicalcenter.net
apwg_sample_4190/2022-10/2022-10-18/2022-10-18-1327621.png,Mail Center,Bank of Scotland,1,tagBox1,0.835289,storageapi.fleek.co
apwg_sample_4190/2022-09/2022-09-01/2022-09-01-203065.png,Microsoft,Microsoft,1,tagBox1,0.923952,bafybeicmuhsi5fhtejmcomjtzietdr5fniuctnfcsmu7n6hfkan4jfwyku.ipfs.cf-ipfs.com
apwg_sample_4190/2022-02/2022-02-15/2022-02-15-24339.png,Facebook,Facebook,1,tagBox1,0.84789705,business-appeal-form18278-2111.web.app
apwg_sample_4190/2021-09/2021-09-23/2021-09-23-21230.png,Wells Fargo Bank,Wells Fargo & Company,1,tagBox1,0.91962016,217.151.153.188
apwg_sample_4190/2022-02/2022-02-04/2022-02-04-11539.png,Instagram,Instagram,1,tagBox1,0.9153039,instagram-me.blogspot.al
apwg_sample_4190/2022-01/2022-01-11/2022-01-11-29838.png,Meridian Credit Union,Meridian Credit Union,1,tagBox1,0.91402596,8.215.32.173
apwg_sample_4190/2022-08/2022-08-31/2022-08-31-456677.png,WhatsApp,WhatsApp,1,tagBox1,0.8418053,bb53-116-206-14-20.ngrok.io
apwg_sample_4190/2022-02/2022-02-14/2022-02-14-36505.png,PayPal,PayPal,1,tagBox1,0.8998295,l.wl.co
apwg_sample_4190/2022-05/2022-05-26/2022-05-26-88286.png,Wells Fargo Bank,,0,tagBox1,0.7966034,mail.winesong.org
apwg_sample_4190/2023-01/2023-01-02/2023-01-02-73824.png,Wells Fargo Bank,Bank of America,1,tagBox1,0.83545834,34.168.4.82
apwg_sample_4190/2023-04/2023-04-18/2023-04-18-56302.png,Microsoft,Microsoft,1,tagBox1,0.9228579,bafybeie2l2jhw24jlhm6nkrihd7ifvfyipjgmbyamechzatkvsv2qke6lu.ipfs.dweb.link
apwg_sample_4190/2021-10/2021-10-22/2021-10-22-62865.png,Chase Bank,,0,tagBox1,0.77312994,137.184.176.186
apwg_sample_4190/2022-08/2022-08-11/2022-08-11-369697.png,Microsoft,Microsoft,1,tagBox1,0.923952,login.microsoftonline.com.office.o365-testrp.iijtestdemo.myshn.net
apwg_sample_4190/2021-11/2021-11-09/2021-11-09-157055.png,Huntington Bank,Huntington Bank,1,tagBox1,0.88405114,realesta2342temarketl.ru
apwg_sample_4190/2021-09/2021-09-09/2021-09-09-13346.png,Chase Bank,Chase Personal Banking,1,tagBox1,0.84834146,tcpipserver.net
apwg_sample_4190/2022-05/2022-05-06/2022-05-06-198058.png,M&T Bank Corporation,M & T Bank Coporation,1,tagBox1,0.9653435,netflix.tl-bau.hr
apwg_sample_4190/2021-11/2021-11-10/2021-11-10-102372.png,WeTransfer,,0,tagBox1,0.75528204,synchro-erp.com
apwg_sample_4190/2021-09/2021-09-23/2021-09-23-20724.png,Chase Bank,,0,tagBox1,0.77329695,c4sseauth.duckdns.org
apwg_sample_4190/2021-09/2021-09-08/2021-09-08-30170.png,Chase Bank,,0,tagBox1,0.7589481,lachenberg.com
apwg_sample_4190/2021-10/2021-10-26/2021-10-26-2038.png,SharePoint,Microsoft,1,tagBox1,0.9142382,halved-amusing-jackal.glitch.me
apwg_sample_4190/2022-10/2022-10-14/2022-10-14-160139.png,Microsoft,Microsoft,1,tagBox1,0.9428115,bergertransfer-my.sharepoint.com
apwg_sample_4190/2022-03/2022-03-31/2022-03-31-53241.png,Microsoft,,0,tagBox0,0,mail.pusatmakanan.com
apwg_sample_4190/2022-02/2022-02-07/2022-02-07-4881.png,Permanent TSB,,0,tagBox1,0.6312586,ptsb-onlineupdate.com
apwg_sample_4190/2021-10/2021-10-11/2021-10-11-122799.png,LinkedIn,LinkedIn Corporation,1,tagBox1,0.8518007,shef-kitchen.com
apwg_sample_4190/2021-11/2021-11-14/2021-11-14-152917.png,Orange,Orange,1,tagBox1,0.93980163,unitus.mk.ua
apwg_sample_4190/2021-10/2021-10-19/2021-10-19-56787.png,Dropbox,,0,tagBox0,0,nirati.in
apwg_sample_4190/2023-07/2023-07-10/2023-07-10-2139.png,Microsoft,Microsoft,1,tagBox1,0.90731966,newskinandcare.com
apwg_sample_4190/2023-05/2023-05-15/2023-05-15-121942.png,Microsoft,Microsoft,1,tagBox1,0.9120157,pub-76f3c6b706914e5fbef629ba3dd600e5.r2.dev
apwg_sample_4190/2023-07/2023-07-31/2023-07-31-16374.png,Outlook,Microsoft,1,tagBox1,0.8914538,www.anandisvmic.com
apwg_sample_4190/2022-05/2022-05-20/2022-05-20-79740.png,Chronopost International,Chronopost International,1,tagBox1,0.98348844,haute-loire-solidaire.fr
apwg_sample_4190/2021-10/2021-10-19/2021-10-19-55916.png,Bank of Guam,,0,tagBox1,0.6923468,bankofguaa.com
apwg_sample_4190/2023-06/2023-06-27/2023-06-27-48786.png,National Bank of Canada,National Bank of Canada,1,tagBox1,0.9705869,et.interac.homes
apwg_sample_4190/2022-07/2022-07-09/2022-07-09-3321.png,Microsoft,Microsoft,1,tagBox1,0.93087566,mistymccleary.com
apwg_sample_4190/2022-09/2022-09-28/2022-09-28-120025.png,Banca MPS,mdpd,1,tagBox1,0.9689162,www.servizio01-restrizioni1.me
apwg_sample_4190/2022-06/2022-06-03/2022-06-03-459970.png,Huntington Bank,Huntington Bank,1,tagBox1,0.8841274,huntington-verify.bezonetwork.com
apwg_sample_4190/2022-08/2022-08-13/2022-08-13-120672.png,Amazon,Amazon,1,tagBox1,0.9225117,www.internetprofitscoach.com
apwg_sample_4190/2021-09/2021-09-17/2021-09-17-11955.png,Apple,Apple,1,tagBox1,0.84750223,gzpdesigns.com
apwg_sample_4190/2022-05/2022-05-04/2022-05-04-35763.png,International Card Services,International Card Services B.V,1,tagBox1,0.9710501,web7731.web07.bero-webspace.de
apwg_sample_4190/2022-07/2022-07-28/2022-07-28-6068.png,Facebook,,0,tagBox0,0,cutt.ly
apwg_sample_4190/2022-07/2022-07-12/2022-07-12-12101.png,Microsoft,Microsoft,1,tagBox1,0.9228579,drive-auth-off-shared.pages.dev
apwg_sample_4190/2021-10/2021-10-05/2021-10-05-179982.png,Piraeus Bank,,0,tagBox0,0,openvisie.com
apwg_sample_4190/2022-06/2022-06-05/2022-06-05-661569.png,Microsoft,Microsoft,1,tagBox1,0.93695176,lagunamusic.com.br
apwg_sample_4190/2022-01/2022-01-15/2022-01-15-10075.png,Adobe,,0,tagBox1,0.82051575,hilinkco.com
apwg_sample_4190/2022-08/2022-08-11/2022-08-11-371949.png,Microsoft,Microsoft,1,tagBox1,0.9262081,assumpterdigitalschools.ac.tz
apwg_sample_4190/2022-09/2022-09-29/2022-09-29-191811.png,iCloud,,0,tagBox0,0,soportedeapple.tech
apwg_sample_4190/2023-04/2023-04-03/2023-04-03-79525.png,Wells Fargo Bank,,0,tagBox1,0.6377646,alter-ed.com.ng
apwg_sample_4190/2022-01/2022-01-13/2022-01-13-7472.png,Wells Fargo Bank,Wells Fargo & Company,1,tagBox1,0.90235263,01.yfziy.com
apwg_sample_4190/2022-03/2022-03-01/2022-03-01-78413.png,Instagram,Instagram,1,tagBox1,0.92385787,instagramsec.com
apwg_sample_4190/2023-01/2023-01-26/2023-01-26-6129.png,TD Bank,TD Bank Group,1,tagBox1,0.85836536,metrology.com.ua
apwg_sample_4190/2022-06/2022-06-22/2022-06-22-164835.png,Chase Bank,,0,tagBox0,0,landweb.com.br
apwg_sample_4190/2021-09/2021-09-15/2021-09-15-28066.png,Google,Google,1,tagBox1,0.9730322,www.eservicebits.com
apwg_sample_4190/2022-02/2022-02-01/2022-02-01-26280.png,OneDrive,Microsoft,1,tagBox1,0.8680079,glotusinvestment.com
apwg_sample_4190/2023-04/2023-04-11/2023-04-11-546.png,Outlook,Microsoft,1,tagBox1,0.8914538,vpn.freese-feldhaus.de
apwg_sample_4190/2023-01/2023-01-17/2023-01-17-231949.png,Microsoft,Microsoft,1,tagBox1,0.926109,invoice.qulcklooks.com
apwg_sample_4190/2023-05/2023-05-08/2023-05-08-58697.png,Microsoft,Microsoft,1,tagBox1,0.92173624,cloudflare-ipfs.com
apwg_sample_4190/2022-02/2022-02-08/2022-02-08-15376.png,Microsoft,Microsoft,1,tagBox1,0.92173624,666331.selcdn.ru
apwg_sample_4190/2022-07/2022-07-20/2022-07-20-112121.png,Amazon,Amazon,1,tagBox1,0.96533537,lnkd.in
apwg_sample_4190/2022-05/2022-05-26/2022-05-26-88010.png,Banca Sella,Banca Sella,1,tagBox1,0.8858154,www.managearubas.com
apwg_sample_4190/2022-01/2022-01-27/2022-01-27-12379.png,Provider,,0,tagBox0,0,checkmailhakbukhit115.firebaseapp.com
apwg_sample_4190/2021-10/2021-10-14/2021-10-14-82703.png,T-Mobile,Deutsche Telekom,1,tagBox1,0.95997494,www.puneinfoguide.com
apwg_sample_4190/2023-05/2023-05-10/2023-05-10-136262.png,Facebook,Facebook,1,tagBox1,0.92705476,statics.pancake.vn
apwg_sample_4190/2021-11/2021-11-01/2021-11-01-113035.png,Amazon,Amazon,1,tagBox1,0.9526491,wordpress-55441-0.cloudclusters.net
apwg_sample_4190/2022-04/2022-04-12/2022-04-12-157774.png,Wells Fargo Bank,,0,tagBox1,0.6600592,vitesseinternationalservice.com
apwg_sample_4190/2021-09/2021-09-20/2021-09-20-19483.png,Chronopost International,Chronopost International,1,tagBox1,0.98348844,strong.com.br
apwg_sample_4190/2022-01/2022-01-09/2022-01-09-17392.png,T-Mobile,,0,tagBox0,0,api.florense.com.br
apwg_sample_4190/2022-08/2022-08-11/2022-08-11-368898.png,E-Mail Provider,,0,tagBox0,0,ftp.lesborderies.fr
apwg_sample_4190/2022-06/2022-06-15/2022-06-15-293795.png,Outlook,Microsoft,1,tagBox1,0.8914538,gfs-pt.mindcypress.com
apwg_sample_4190/2023-03/2023-03-07/2023-03-07-16444.png,Wells Fargo Bank,Wells Fargo & Company,1,tagBox1,0.9160599,stylesourcingbd.com
apwg_sample_4190/2022-07/2022-07-21/2022-07-21-23537.png,M&T Bank Corporation,M & T Bank Coporation,1,tagBox1,0.9653435,blesslordmtb.dray-dns.de
apwg_sample_4190/2021-11/2021-11-18/2021-11-18-91228.png,Credit Agricole,Credit Agricole S.A,1,tagBox1,0.96597147,cm83932.tmweb.ru
apwg_sample_4190/2021-11/2021-11-14/2021-11-14-152485.png,Royal Bank of Canada,RBC Royal Bank,1,tagBox1,0.9158261,179.43.140.147
apwg_sample_4190/2023-06/2023-06-20/2023-06-20-161594.png,Huntington Bank,Huntington Bank,1,tagBox1,0.92873615,bkv.zei.mybluehost.me
apwg_sample_4190/2022-03/2022-03-21/2022-03-21-12425.png,Microsoft,Microsoft,1,tagBox1,0.9180491,fegy.oss-ap-northeast-1.aliyuncs.com
apwg_sample_4190/2022-12/2022-12-06/2022-12-06-245751.png,Steam,Steam,1,tagBox1,0.9597354,steancommynuty.com
apwg_sample_4190/2021-11/2021-11-14/2021-11-14-153671.png,DHL,DHL Airways,1,tagBox1,0.95840526,mail.citemachineries.com
apwg_sample_4190/2021-10/2021-10-28/2021-10-28-135812.png,Facebook,Facebook,1,tagBox1,0.9483745,www.join-grup-tante-crot.duckdns.org
apwg_sample_4190/2021-12/2021-12-07/2021-12-07-38839.png,LinkedIn,,0,tagBox1,0.94096243,www.linkedin.com
apwg_sample_4190/2021-11/2021-11-19/2021-11-19-171342.png,Swiss Post,PostFinance,1,tagBox1,0.952019,servicio-bankia-cuenta-info-964f35.ingress-comporellon.easywp.com
apwg_sample_4190/2021-10/2021-10-05/2021-10-05-179460.png,DHL,DHL Airways,1,tagBox1,0.9508457,www.ks.sa
apwg_sample_4190/2022-02/2022-02-10/2022-02-10-28990.png,President's Choice Financial,,0,tagBox1,0.79383624,nedaya.com
apwg_sample_4190/2022-05/2022-05-30/2022-05-30-214295.png,Google,Google,1,tagBox1,0.9729901,www.account.casepoints.in
apwg_sample_4190/2022-02/2022-02-06/2022-02-06-37730.png,Leboncoin,Allegro,1,tagBox1,0.8423753,leboncoinpaywebs.000webhostapp.com
apwg_sample_4190/2022-08/2022-08-28/2022-08-28-47928.png,Regions Financial Corporation,,0,tagBox1,0.7525217,datswvv.com
apwg_sample_4190/2022-09/2022-09-25/2022-09-25-215928.png,Microsoft Bing,Microsoft,1,tagBox1,0.92124027,support-kontopruefung.de
apwg_sample_4190/2021-11/2021-11-29/2021-11-29-120479.png,Bank of Ireland,,0,tagBox1,0.8221813,updateverifyboiportal.com
apwg_sample_4190/2021-12/2021-12-14/2021-12-14-4714.png,Microsoft,Microsoft,1,tagBox1,0.9397619,kraftigsolutions.com
apwg_sample_4190/2022-02/2022-02-28/2022-02-28-18659.png,PayPal,PayPal,1,tagBox1,0.8956331,snip.ly
apwg_sample_4190/2021-09/2021-09-24/2021-09-24-38406.png,Caisses Desjardins,M & T Bank Coporation,1,tagBox1,0.83259493,august.luptak.capitalfinaleu.com
apwg_sample_4190/2021-10/2021-10-27/2021-10-27-64926.png,Swiss Post,PostFinance,1,tagBox1,0.9240132,southfloridahealth.org
apwg_sample_4190/2021-12/2021-12-20/2021-12-20-35786.png,Facebook,Facebook,1,tagBox1,0.91141737,kitagaslagi1.co.vu
apwg_sample_4190/2021-09/2021-09-24/2021-09-24-37829.png,Wells Fargo Bank,Wells Fargo & Company,1,tagBox1,0.8961383,www.revistametro.com.ar
apwg_sample_4190/2021-10/2021-10-29/2021-10-29-138592.png,Wells Fargo Bank,,0,tagBox1,0.6600592,fargo066-secure.ddns.net
apwg_sample_4190/2022-01/2022-01-12/2022-01-12-24560.png,Wells Fargo Bank,,0,tagBox1,0.7969334,thenyadvocate.com
apwg_sample_4190/2022-05/2022-05-11/2022-05-11-156269.png,Microsoft,Microsoft,1,tagBox1,0.9342785,misty-dew-3489.on.fleek.co
apwg_sample_4190/2021-09/2021-09-26/2021-09-26-32202.png,DHL,DHL Airways,1,tagBox1,0.9443834,roneenainc.com
apwg_sample_4190/2022-06/2022-06-22/2022-06-22-162675.png,LinkedIn,LinkedIn Corporation,1,tagBox1,0.86603,mpd.co.th
apwg_sample_4190/2022-04/2022-04-18/2022-04-18-392606.png,Facebook,Facebook,1,tagBox1,0.94891644,618e-201-162-227-181.ngrok.io
apwg_sample_4190/2022-05/2022-05-16/2022-05-16-60282.png,Microsoft,Microsoft,1,tagBox1,0.92481804,bitter-mud-5270.on.fleek.co
apwg_sample_4190/2021-11/2021-11-09/2021-11-09-154253.png,Wells Fargo Bank,Wells Fargo & Company,1,tagBox1,0.91962016,lashibifuneralhomes.com
apwg_sample_4190/2021-09/2021-09-23/2021-09-23-20911.png,Facebook,,0,tagBox0,0,caseforpage10049141.web.app
apwg_sample_4190/2022-08/2022-08-18/2022-08-18-390590.png,Wells Fargo Bank,,0,tagBox1,0.5648328,ucoffshore.com
apwg_sample_4190/2023-05/2023-05-14/2023-05-14-137454.png,Facebook,,0,tagBox1,0.74915254,facebook9201146695.paneldanznih.cfd
apwg_sample_4190/2021-10/2021-10-09/2021-10-09-174389.png,Netflix,,0,tagBox1,0.6338105,netflixupdatebilling1.cloudns.ph
apwg_sample_4190/2022-06/2022-06-07/2022-06-07-552230.png,Instagram,Instagram,1,tagBox1,0.95367473,graph-puzzle-ford-ala.trycloudflare.com
apwg_sample_4190/2021-12/2021-12-14/2021-12-14-3642.png,Microsoft,Microsoft,1,tagBox1,0.90493906,ga0rfxv17igsv9z0on6d-c6chhoaboeljuu298hc7ye05ri3ko.glitch.me
apwg_sample_4190/2022-10/2022-10-22/2022-10-22-429132.png,Bank of America,Bank of America,1,tagBox1,0.9705181,pumpkintoolsecuador.com
apwg_sample_4190/2022-09/2022-09-09/2022-09-09-134050.png,Microsoft,Microsoft,1,tagBox1,0.89420867,storageapi.fleek.co
apwg_sample_4190/2021-10/2021-10-08/2021-10-08-150622.png,Amazon,Amazon,1,tagBox1,0.9291644,arnz.taoshoujika.com
apwg_sample_4190/2021-09/2021-09-27/2021-09-27-24355.png,Sumitomo Mitsui Banking Corporation,SMBC,1,tagBox1,0.94987464,smbc.card-ng.net
apwg_sample_4190/2022-10/2022-10-29/2022-10-29-447535.png,Instagram,Instagram,1,tagBox1,0.95367473,detection-hawaiian-dec-cases.trycloudflare.com
apwg_sample_4190/2021-09/2021-09-27/2021-09-27-23841.png,Wells Fargo Bank,,0,tagBox1,0.78571266,www.smangkasamaros.sch.id
apwg_sample_4190/2021-10/2021-10-06/2021-10-06-227452.png,Chase Bank,,0,tagBox1,0.7771664,businessverifyforsecure01c.com
apwg_sample_4190/2021-11/2021-11-08/2021-11-08-145657.png,Wells Fargo Bank,,0,tagBox1,0.7969334,wellsfargo.optimizewithme.com
apwg_sample_4190/2022-03/2022-03-11/2022-03-11-26053.png,Instagram,Instagram,1,tagBox1,0.9271072,vdsdv.000webhostapp.com
apwg_sample_4190/2022-04/2022-04-30/2022-04-30-447298.png,Caisses Desjardins,Desjardins,1,tagBox1,0.97031975,productshouts.com
apwg_sample_4190/2021-10/2021-10-05/2021-10-05-181135.png,Bank of America,Bank of America,1,tagBox1,0.9171579,albisweb.com
apwg_sample_4190/2022-10/2022-10-26/2022-10-26-535661.png,Wells Fargo Bank,,0,tagBox1,0.7969334,mcklein-b62f2.web.app
apwg_sample_4190/2022-08/2022-08-04/2022-08-04-382237.png,Facebook,Facebook,1,tagBox1,0.8639666,sus1223.github.io
apwg_sample_4190/2022-05/2022-05-02/2022-05-02-82857.png,Netflix,Netflix,1,tagBox1,0.86103445,healthycodex.com
apwg_sample_4190/2022-05/2022-05-06/2022-05-06-208547.png,Credit Agricole,Credit Agricole S.A,1,tagBox1,0.9528612,test32001.craftine.com
apwg_sample_4190/2022-07/2022-07-26/2022-07-26-116303.png,LinkedIn,LinkedIn Corporation,1,tagBox1,0.8518007,clavemkt.com
apwg_sample_4190/2021-11/2021-11-29/2021-11-29-116425.png,AOL,ATB Financial,1,tagBox1,0.8606713,aolhhgfgfghfgd.weebly.com
apwg_sample_4190/2021-10/2021-10-27/2021-10-27-64573.png,E-Mail Provider,,0,tagBox1,0.72911084,equalivet.org.ph
apwg_sample_4190/2022-05/2022-05-10/2022-05-10-77097.png,PayPal,PayPal,1,tagBox1,0.8720374,s6cerut1-pa4mentcoin-da.dynamic-dns.net
apwg_sample_4190/2022-05/2022-05-31/2022-05-31-107782.png,Banco Estado,Banco del Estado de Chile,1,tagBox1,0.91877484,tshiba.tarabgin.ir
apwg_sample_4190/2022-11/2022-11-30/2022-11-30-55594.png,Microsoft,Microsoft,1,tagBox1,0.8862946,widnows.net
apwg_sample_4190/2023-07/2023-07-14/2023-07-14-26320.png,Facebook,Facebook,1,tagBox1,0.9063642,induccion-trabajos.000webhostapp.com
apwg_sample_4190/2022-09/2022-09-06/2022-09-06-218729.png,Roundcube,,0,tagBox1,0.9083601,www.wahana.lk
apwg_sample_4190/2022-06/2022-06-20/2022-06-20-1956.png,Fifth Third Bank,Fifth Third Bank,1,tagBox1,0.8454014,53.com.kosqvery.com
apwg_sample_4190/2022-05/2022-05-23/2022-05-23-66523.png,One,,0,tagBox0,0,shahinminapour.com
apwg_sample_4190/2022-01/2022-01-06/2022-01-06-37229.png,DHL,DHL Airways,1,tagBox1,0.934109,dhl-de.safe-pays.org
apwg_sample_4190/2022-03/2022-03-29/2022-03-29-269.png,IONOS,1&1 Ionos,1,tagBox1,0.84301007,esumon.com
apwg_sample_4190/2022-07/2022-07-19/2022-07-19-86021.png,Facebook,Facebook,1,tagBox1,0.92705476,sitesinfonews.hs-sites-eu1.com
apwg_sample_4190/2022-05/2022-05-01/2022-05-01-63733.png,Microsoft,Microsoft,1,tagBox1,0.9092932,iutex.com
apwg_sample_4190/2021-11/2021-11-10/2021-11-10-100434.png,eFirstBank,,0,tagBox0,0,mail.draksdepot.com
apwg_sample_4190/2022-10/2022-10-14/2022-10-14-163378.png,Microsoft,Microsoft,1,tagBox1,0.9109093,storageapi.fleek.co
apwg_sample_4190/2022-04/2022-04-10/2022-04-10-85719.png,Provider,,0,tagBox0,0,storageapi.fleek.co
apwg_sample_4190/2022-08/2022-08-17/2022-08-17-55403.png,American Express,American Express,1,tagBox1,0.88940215,www1.arnerican-express.login.com.vchxwae.cn
apwg_sample_4190/2022-09/2022-09-30/2022-09-30-23607.png,Outlook,Microsoft,1,tagBox1,0.8914538,www.laserservicesolutions.ae
apwg_sample_4190/2023-02/2023-02-12/2023-02-12-20115.png,Facebook,,0,tagBox0,0,disenoprueba.imduyv.gob.mx
apwg_sample_4190/2022-10/2022-10-25/2022-10-25-1034139.png,National Bank of Canada,National Bank of Canada,1,tagBox1,0.9733405,tablicoca.fr
apwg_sample_4190/2022-03/2022-03-21/2022-03-21-11801.png,Netflix,,0,tagBox1,0.82145107,www.manakinlab.amafhhtech.com
apwg_sample_4190/2023-05/2023-05-18/2023-05-18-4925.png,Facebook,Facebook,1,tagBox1,0.87568426,grayfish.duckdns.org
apwg_sample_4190/2022-11/2022-11-13/2022-11-13-92900.png,Societe Generale Group,,0,tagBox1,0.7699991,agence-societegenerale.fr
apwg_sample_4190/2022-08/2022-08-15/2022-08-15-3549.png,DHL,DHL Airways,1,tagBox1,0.9457053,menulix.com
apwg_sample_4190/2021-10/2021-10-05/2021-10-05-179486.png,Chase Bank,,0,tagBox1,0.7940268,wogaleseries.com
apwg_sample_4190/2021-09/2021-09-25/2021-09-25-31717.png,Standard Bank,,0,tagBox0,0,mail.xocreditjourney.com
apwg_sample_4190/2023-01/2023-01-30/2023-01-30-88829.png,Wells Fargo Bank,,0,tagBox1,0.6936915,bgitopazdowntown.ddireal.vn
apwg_sample_4190/2022-07/2022-07-11/2022-07-11-111878.png,Netflix,,0,tagBox1,0.68930745,toothytown.com
apwg_sample_4190/2021-09/2021-09-24/2021-09-24-39672.png,Chase Bank,,0,tagBox1,0.7940268,fabiasurgical.com
apwg_sample_4190/2022-04/2022-04-26/2022-04-26-293794.png,Wells Fargo Bank,,0,tagBox1,0.76919955,elfara3na.org
apwg_sample_4190/2021-10/2021-10-18/2021-10-18-107792.png,Wells Fargo Bank,,0,tagBox1,0.7969334,torontoscondoconnect.com
apwg_sample_4190/2022-05/2022-05-16/2022-05-16-61306.png,Instagram,Instagram,1,tagBox1,0.9097269,bluedtickaplicattionform.ml
apwg_sample_4190/2022-06/2022-06-30/2022-06-30-616144.png,Mail Center,Bank of Scotland,1,tagBox1,0.835289,transilvaniaglamping.com
apwg_sample_4190/2021-10/2021-10-06/2021-10-06-227101.png,Wells Fargo Bank,,0,tagBox1,0.7969334,mail.jorgeernestopiscoyaprincipe.com
apwg_sample_4190/2023-01/2023-01-03/2023-01-03-60544.png,Wells Fargo Bank,,0,tagBox1,0.48499113,tawdrymagistrate.buzz
apwg_sample_4190/2022-04/2022-04-26/2022-04-26-258016.png,Facebook,Facebook,1,tagBox1,0.92705476,appfacebook.kartra.com
apwg_sample_4190/2023-03/2023-03-07/2023-03-07-16422.png,Yahoo,,0,tagBox1,0.79062486,ymailsyyyahooo.s3.us-east-005.backblazeb2.com
apwg_sample_4190/2022-04/2022-04-28/2022-04-28-149314.png,Microsoft,Microsoft,1,tagBox1,0.8898376,theysomelistyourhostserve.ga
apwg_sample_4190/2021-10/2021-10-05/2021-10-05-181156.png,Facebook,Facebook,1,tagBox1,0.8670281,themeforest.co.za
apwg_sample_4190/2021-11/2021-11-08/2021-11-08-143290.png,Facebook,Facebook,1,tagBox1,0.9424013,online247fakty.com.pl
apwg_sample_4190/2022-02/2022-02-05/2022-02-05-10114.png,Instagram,,0,tagBox1,0.6948658,nappyloveiina.000webhostapp.com
apwg_sample_4190/2022-01/2022-01-19/2022-01-19-32175.png,Messenger,,0,tagBox1,0.66058636,xcxzzvxzcxxz.pagedemo.co
apwg_sample_4190/2022-05/2022-05-09/2022-05-09-99901.png,Outlook,Microsoft,1,tagBox1,0.8914538,onelogonmimcrftonilnne.club
apwg_sample_4190/2021-10/2021-10-13/2021-10-13-30355.png,Facebook,Facebook,1,tagBox1,0.8623023,short-ai.com
apwg_sample_4190/2022-04/2022-04-21/2022-04-21-380492.png,PayPal,PayPal,1,tagBox1,0.8918138,feranships.xyz
apwg_sample_4190/2022-11/2022-11-25/2022-11-25-125831.png,Santander Bank,Grupo Santander,1,tagBox1,0.87274426,grtbacnfhh.cfolks.pl
apwg_sample_4190/2021-09/2021-09-04/2021-09-04-34952.png,Motus Bank,,0,tagBox0,0,nine13media.com
apwg_sample_4190/2023-01/2023-01-16/2023-01-16-177830.png,Outlook,Microsoft,1,tagBox1,0.8914538,meteorologia.florianopolis.ifsc.edu.br
apwg_sample_4190/2023-05/2023-05-25/2023-05-25-52472.png,Amazon,Amazon,1,tagBox1,0.948357,sys-servprodauthentic.hapchoeels.com
apwg_sample_4190/2021-10/2021-10-14/2021-10-14-87465.png,Cardano,,0,tagBox1,0.7602513,www.gento.site.ipts-money.site
apwg_sample_4190/2021-09/2021-09-24/2021-09-24-37051.png,Wells Fargo Bank,,0,tagBox1,0.7969334,anythingmovinggenesh.com
apwg_sample_4190/2022-05/2022-05-16/2022-05-16-61368.png,BNP Paribas,BNP Paribas,1,tagBox1,0.9381691,elated-elion.62-4-18-78.plesk.page
apwg_sample_4190/2022-04/2022-04-23/2022-04-23-388242.png,Chase Bank,,0,tagBox1,0.79505885,www.mdgdefensestore.com
apwg_sample_4190/2022-05/2022-05-01/2022-05-01-64515.png,Facebook,Facebook,1,tagBox1,0.8966841,facebockid.blogspot.am
apwg_sample_4190/2022-04/2022-04-26/2022-04-26-278760.png,CaixaBank,CaixaBank,1,tagBox1,0.8920911,seguridad-holabank-ad6d57.ingress-alpha.easywp.com
apwg_sample_4190/2022-04/2022-04-28/2022-04-28-148579.png,Intuit,,0,tagBox1,0.53296447,www.plus-plumbers.com
apwg_sample_4190/2021-10/2021-10-04/2021-10-04-170454.png,T-Mobile,,0,tagBox0,0,cargo-gas.supernova-desarrollo.com
apwg_sample_4190/2022-09/2022-09-06/2022-09-06-218454.png,Chase Bank,,0,tagBox1,0.7905061,www.theirpictures-and-mine.org
apwg_sample_4190/2022-07/2022-07-08/2022-07-08-120952.png,Wells Fargo Bank,,0,tagBox1,0.7969334,thietbivesinhkaiser.net
apwg_sample_4190/2022-08/2022-08-19/2022-08-19-130135.png,Microsoft,Microsoft,1,tagBox1,0.926109,pixaliene.com
apwg_sample_4190/2021-10/2021-10-28/2021-10-28-134977.png,United Services Automobile Association,United Services Automobile Association,1,tagBox1,0.87526107,apascentar.net.br
apwg_sample_4190/2021-12/2021-12-21/2021-12-21-63893.png,Microsoft,Microsoft,1,tagBox1,0.93010795,repete.fra1.digitaloceanspaces.com
apwg_sample_4190/2021-11/2021-11-12/2021-11-12-137788.png,International Card Services,International Card Services B.V,1,tagBox1,0.9762503,kutt.it
apwg_sample_4190/2022-03/2022-03-08/2022-03-08-74533.png,Chase Bank,,0,tagBox1,0.733217,wellsccustomercare.duckdns.org
apwg_sample_4190/2021-11/2021-11-18/2021-11-18-88010.png,PayPal,PayPal,1,tagBox1,0.8918138,jinshi2.shop
apwg_sample_4190/2021-10/2021-10-19/2021-10-19-55918.png,Microsoft,Microsoft,1,tagBox1,0.92292464,www.attemplate.com
apwg_sample_4190/2021-11/2021-11-08/2021-11-08-141635.png,Wells Fargo Bank,,0,tagBox1,0.6600592,achhoy-gudep.ru
apwg_sample_4190/2022-06/2022-06-23/2022-06-23-29377.png,Apple,,0,tagBox1,0.60607827,apple.id-ios-inc.com
apwg_sample_4190/2021-10/2021-10-22/2021-10-22-62054.png,Bank of America,Bank of America,1,tagBox1,0.9220364,tigo-sorteo.spa-lasdalias.com.ar
apwg_sample_4190/2021-10/2021-10-25/2021-10-25-175911.png,Wells Fargo Bank,Wells Fargo & Company,1,tagBox1,0.95178217,nevodevelopment.com
apwg_sample_4190/2022-05/2022-05-11/2022-05-11-176141.png,Citizens Bank,M & T Bank Coporation,1,tagBox1,0.83091974,login-citizen.com
apwg_sample_4190/2021-11/2021-11-09/2021-11-09-156307.png,Sumitomo Mitsui Banking Corporation,SMBC,1,tagBox1,0.94987464,smbc.crad-co.com
apwg_sample_4190/2021-11/2021-11-20/2021-11-20-94008.png,Citibank,,0,tagBox0,0,www.online-useraccountverifications.serveusers.com
apwg_sample_4190/2021-10/2021-10-19/2021-10-19-54975.png,Spotify,Spotify,1,tagBox1,0.9568479,spotify-zoneid.info
apwg_sample_4190/2022-02/2022-02-05/2022-02-05-10662.png,Wells Fargo Bank,,0,tagBox1,0.7799479,wellsfonline009.duckdns.org
apwg_sample_4190/2021-11/2021-11-09/2021-11-09-158815.png,Facebook,Facebook,1,tagBox1,0.87824166,images-g1ub5nsnf9.salamazerbaycan.az
apwg_sample_4190/2022-05/2022-05-29/2022-05-29-133091.png,DHL,DHL Airways,1,tagBox1,0.919119,viettelhoadondientu.com
apwg_sample_4190/2022-01/2022-01-21/2022-01-21-34174.png,Banco do Brasil,Banco do Brasil S.A,1,tagBox1,0.8697394,bbgerenciadorpj.ml
apwg_sample_4190/2022-03/2022-03-30/2022-03-30-19782.png,Bank of America,Bank of America,1,tagBox1,0.9498745,bgc.authenticsolutions.in
apwg_sample_4190/2022-08/2022-08-29/2022-08-29-46890.png,Wells Fargo Bank,,0,tagBox1,0.6800665,www.sinovantage.com
apwg_sample_4190/2021-10/2021-10-18/2021-10-18-101121.png,Tinkoff Bank,,0,tagBox1,0.7782484,oproslient.space
apwg_sample_4190/2021-10/2021-10-22/2021-10-22-61954.png,Facebook,Facebook,1,tagBox1,0.9610549,pagesrecoveryldentitypollcylssue.co.vu
apwg_sample_4190/2021-10/2021-10-27/2021-10-27-64333.png,Raiffeisen Bank,Raiffeisen Bank S.A.,1,tagBox1,0.97584194,www.lakshmishop.nl
apwg_sample_4190/2022-08/2022-08-15/2022-08-15-5665.png,Instagram,Instagram,1,tagBox1,0.90923494,xyzunique.000webhostapp.com
apwg_sample_4190/2021-11/2021-11-09/2021-11-09-158378.png,Microsoft,Microsoft,1,tagBox1,0.923952,contact2acceptpoilcyverifingyouracceptancemailfullinbox.pages.dev
apwg_sample_4190/2021-10/2021-10-14/2021-10-14-78099.png,Wells Fargo Bank,Wells Fargo & Company,1,tagBox1,0.91962016,santepluspharma.eclatmediasolution.website
apwg_sample_4190/2022-04/2022-04-02/2022-04-02-171077.png,Huntington Bank,Huntington Bank,1,tagBox1,0.8943271,cbd.listingprowp.com
apwg_sample_4190/2022-02/2022-02-08/2022-02-08-15231.png,Netflix,Netflix,1,tagBox1,0.9031329,logoboto.info
apwg_sample_4190/2021-11/2021-11-10/2021-11-10-98666.png,Wells Fargo Bank,,0,tagBox1,0.7857652,factor4health.com
apwg_sample_4190/2021-12/2021-12-23/2021-12-23-37577.png,PayPal,,0,tagBox1,0.74278533,ww25.paypal-account-au.net
apwg_sample_4190/2021-11/2021-11-09/2021-11-09-155157.png,Banco do Brasil,Banco do Brasil S.A,1,tagBox1,0.8697394,atendimentocompleto24horas.ml
apwg_sample_4190/2021-12/2021-12-13/2021-12-13-5153.png,Microsoft,,0,tagBox1,0.74002576,jackjay.fra1.digitaloceanspaces.com
apwg_sample_4190/2021-11/2021-11-08/2021-11-08-143094.png,Chase Bank,,0,tagBox1,0.78791785,verification-support.pjrothery.com
apwg_sample_4190/2022-02/2022-02-07/2022-02-07-4073.png,Facebook,Facebook,1,tagBox1,0.94587547,blackzapper000056.000webhostapp.com
apwg_sample_4190/2022-02/2022-02-15/2022-02-15-24522.png,Netflix,,0,tagBox1,0.69872755,cerradoadventure.tur.br
apwg_sample_4190/2022-10/2022-10-01/2022-10-01-1057576.png,Messenger,,0,tagBox0,0,sacramento-gary-bk-analyze.trycloudflare.com
apwg_sample_4190/2021-11/2021-11-13/2021-11-13-149014.png,PayPal,PayPal,1,tagBox1,0.90017533,serbalokasondskx.net
apwg_sample_4190/2021-10/2021-10-26/2021-10-26-1785.png,Microsoft,Microsoft,1,tagBox1,0.9048028,magazine99.com
apwg_sample_4190/2021-10/2021-10-26/2021-10-26-1873.png,Wells Fargo Bank,,0,tagBox1,0.7876555,getth2342efive.ru
apwg_sample_4190/2021-11/2021-11-15/2021-11-15-183883.png,Chase Bank,,0,tagBox1,0.71347106,rcvge-chase-bnkingonlne.duckdns.org
apwg_sample_4190/2022-05/2022-05-26/2022-05-26-88262.png,Alibaba,Alibaba,1,tagBox1,0.9464541,releasebydanielledelmonico.com
apwg_sample_4190/2021-11/2021-11-11/2021-11-11-181193.png,Microsoft,Microsoft,1,tagBox1,0.92103374,centroganadero.ventainformatica.com.ar
apwg_sample_4190/2022-04/2022-04-26/2022-04-26-289145.png,One,,0,tagBox0,0,diamondplate.us
apwg_sample_4190/2022-06/2022-06-23/2022-06-23-21856.png,Instagram,Instagram,1,tagBox1,0.95367473,broad-reasonably-wiley-horizon.trycloudflare.com
apwg_sample_4190/2022-01/2022-01-31/2022-01-31-14751.png,Bank of America,Bank of America,1,tagBox1,0.9516489,bufetejuridicointegralsbc.com.mx
apwg_sample_4190/2021-12/2021-12-17/2021-12-17-89081.png,Wells Fargo Bank,,0,tagBox1,0.48168176,wellsdkfalfkrgo.azurewebsites.net
apwg_sample_4190/2021-10/2021-10-25/2021-10-25-178487.png,Wells Fargo Bank,,0,tagBox1,0.6600592,webactueel.concept-webactueel.nl
apwg_sample_4190/2021-11/2021-11-26/2021-11-26-148511.png,Lloyds Bank,Lloyds TSB Group,1,tagBox1,0.8536738,app-request-cancellation.com
apwg_sample_4190/2021-12/2021-12-18/2021-12-18-34412.png,Bank of America,Bank of America,1,tagBox1,0.96435905,mail.ealertsbankofameric.duckdns.org
apwg_sample_4190/2021-11/2021-11-08/2021-11-08-144402.png,Chase Bank,,0,tagBox0,0,51.91.122.189
apwg_sample_4190/2022-05/2022-05-17/2022-05-17-110758.png,LinkedIn,LinkedIn Corporation,1,tagBox1,0.8516055,www.alvaovillagecamping.pt
apwg_sample_4190/2021-10/2021-10-16/2021-10-16-15705.png,Aeromexico,banco_inter,1,tagBox1,0.83683026,condor.edestinos.com.do
apwg_sample_4190/2021-10/2021-10-16/2021-10-16-7582.png,Aeromexico,,0,tagBox1,0.7365431,el-al.edestinos.com.do
apwg_sample_4190/2021-10/2021-10-16/2021-10-16-5030.png,Facebook,Facebook,1,tagBox1,0.92710006,www.revistametro.com.ar
apwg_sample_4190/2021-10/2021-10-31/2021-10-31-141335.png,Chase Bank,,0,tagBox1,0.7654487,aspacam.org.br
apwg_sample_4190/2021-10/2021-10-28/2021-10-28-136908.png,Chase Bank,,0,tagBox1,0.8160507,catolicaconect.com.br
apwg_sample_4190/2021-10/2021-10-16/2021-10-16-4876.png,Outlook,Microsoft,1,tagBox1,0.8914538,vilarealmtbtour.com
apwg_sample_4190/2021-10/2021-10-19/2021-10-19-55513.png,Chase Bank,,0,tagBox1,0.71347106,anasps.ibbca.com.br
apwg_sample_4190/2022-05/2022-05-03/2022-05-03-18630.png,LinkedIn,LinkedIn Corporation,1,tagBox1,0.9055393,ramaajoshi.in
apwg_sample_4190/2021-11/2021-11-10/2021-11-10-98294.png,Chase Bank,,0,tagBox1,0.76290745,mail.blueils.com
apwg_sample_4190/2021-11/2021-11-09/2021-11-09-158747.png,Amazon,Amazon,1,tagBox1,0.9291644,hpzljr7fj.cn
apwg_sample_4190/2021-11/2021-11-01/2021-11-01-110675.png,Chase Bank,,0,tagBox1,0.8263838,aspacam.org.br
apwg_sample_4190/2021-10/2021-10-16/2021-10-16-15336.png,Chase Bank,,0,tagBox1,0.778798,anasps.ibbca.com.br
apwg_sample_4190/2021-10/2021-10-16/2021-10-16-9739.png,DBS Bank,,0,tagBox0,0,dbs-secure.net
apwg_sample_4190/2021-11/2021-11-01/2021-11-01-110735.png,Chase Bank,,0,tagBox1,0.8077585,aspacam.org.br
apwg_sample_4190/2021-10/2021-10-16/2021-10-16-18879.png,Facebook,Facebook,1,tagBox1,0.85854834,www.fr-trfacebook.com
apwg_sample_4190/2022-01/2022-01-10/2022-01-10-5113.png,Chase Bank,,0,tagBox1,0.8077585,18.205.152.115
apwg_sample_4190/2022-02/2022-02-17/2022-02-17-1790.png,Facebook,Facebook,1,tagBox1,0.94616425,marketplace-item-146515894215533.com
apwg_sample_4190/2022-10/2022-10-10/2022-10-10-756459.png,Facebook,Facebook,1,tagBox1,0.9333567,cutt.ly
apwg_sample_4190/2023-07/2023-07-27/2023-07-27-37361.png,Chase Bank,,0,tagBox1,0.7321124,lokl.market
apwg_sample_4190/2021-10/2021-10-18/2021-10-18-102458.png,Chase Bank,,0,tagBox1,0.8033469,wj-co.com
apwg_sample_4190/2022-03/2022-03-28/2022-03-28-63655.png,Zimbra,,0,tagBox1,0.56211793,smpn1sinjai.sch.id
apwg_sample_4190/2022-05/2022-05-14/2022-05-14-112150.png,Netflix,Netflix,1,tagBox1,0.8733109,philrealestatedirectory.com
apwg_sample_4190/2022-02/2022-02-26/2022-02-26-14523.png,Caisses Desjardins,Desjardins,1,tagBox1,0.92150867,20.151.217.17
apwg_sample_4190/2022-06/2022-06-07/2022-06-07-551745.png,Microsoft,Microsoft,1,tagBox1,0.88514197,dplugz.com
apwg_sample_4190/2021-10/2021-10-19/2021-10-19-55961.png,Chase Bank,,0,tagBox1,0.8077585,secure83a-verify.ddns.net
apwg_sample_4190/2022-07/2022-07-12/2022-07-12-10519.png,E-devlet,,0,tagBox0,0,mturkiye-gov-tr-geri-iade-sistemi.com
apwg_sample_4190/2021-11/2021-11-11/2021-11-11-177348.png,Fidelity Investments,,0,tagBox0,0,secured2-0-verify.ddns.us
apwg_sample_4190/2021-10/2021-10-17/2021-10-17-191152.png,Chase Bank,,0,tagBox1,0.7657442,wacochinesechurch.org
apwg_sample_4190/2022-10/2022-10-31/2022-10-31-1333006.png,Facebook,Facebook,1,tagBox1,0.85423124,fbnewsonline.xyz
apwg_sample_4190/2022-05/2022-05-20/2022-05-20-78429.png,Chase Bank,,0,tagBox1,0.43490943,mail.gangstageek.co
apwg_sample_4190/2023-07/2023-07-07/2023-07-07-110026.png,Zimbra,,0,tagBox1,0.7469013,mahdftd.000webhostapp.com
apwg_sample_4190/2021-11/2021-11-08/2021-11-08-143255.png,Wells Fargo Bank,Bank of America,1,tagBox1,0.83545834,secure1alert-request4information-acct.duckdns.org
apwg_sample_4190/2021-10/2021-10-13/2021-10-13-28109.png,Microsoft,Microsoft,1,tagBox1,0.88109004,mircrosoft.in
apwg_sample_4190/2022-05/2022-05-06/2022-05-06-201338.png,SoftBank,,0,tagBox1,0.71366704,softstn.com
apwg_sample_4190/2021-11/2021-11-08/2021-11-08-142060.png,Microsoft,Microsoft,1,tagBox1,0.9283521,airtrek.com.au
apwg_sample_4190/2021-10/2021-10-13/2021-10-13-23341.png,Chase Bank,,0,tagBox1,0.7803402,lrw.dms.mybluehostin.me
apwg_sample_4190/2023-03/2023-03-06/2023-03-06-33242.png,Facebook,Facebook,1,tagBox1,0.8937961,crushus-s7.nowcache.com
apwg_sample_4190/2022-05/2022-05-13/2022-05-13-53170.png,Facebook,Facebook,1,tagBox1,0.836127,freedatasforallnetwork.blogspot.lu
apwg_sample_4190/2021-10/2021-10-21/2021-10-21-182360.png,Chase Bank,,0,tagBox1,0.6694511,cotacom.com.br
apwg_sample_4190/2022-09/2022-09-04/2022-09-04-49329.png,Facebook,,0,tagBox1,0.5906825,facebookunknown.blogspot.si
apwg_sample_4190/2021-10/2021-10-25/2021-10-25-178424.png,Intuit,,0,tagBox1,0.53296447,empmenudigital.com
apwg_sample_4190/2022-02/2022-02-28/2022-02-28-17767.png,BDO Unibank,,0,tagBox0,0,stage.republicofchicken.in
apwg_sample_4190/2022-02/2022-02-04/2022-02-04-12052.png,Microsoft,Microsoft,1,tagBox1,0.923952,login.microsoftonline.us.office.m365.leidos.govshn.net
apwg_sample_4190/2022-04/2022-04-11/2022-04-11-375047.png,Microsoft,Microsoft,1,tagBox1,0.9331064,4315media.com
apwg_sample_4190/2021-10/2021-10-11/2021-10-11-127698.png,PayPal,PayPal,1,tagBox1,0.91374993,system-paypal.net
apwg_sample_4190/2021-10/2021-10-12/2021-10-12-45367.png,Brooks Running,PayPal,1,tagBox1,0.84763455,brooksclassic.online
apwg_sample_4190/2021-10/2021-10-12/2021-10-12-35965.png,Brooks Running,Magalu,1,tagBox1,0.8311587,brooksrunningdiscount.online
apwg_sample_4190/2022-02/2022-02-05/2022-02-05-10393.png,Instagram,Instagram,1,tagBox1,0.95367473,cutt.ly
apwg_sample_4190/2021-10/2021-10-08/2021-10-08-147958.png,Chase Bank,,0,tagBox1,0.74307185,lrw.dms.mybluehostin.me
apwg_sample_4190/2021-11/2021-11-09/2021-11-09-158476.png,Standard Bank,,0,tagBox0,0,martinelectronics.martinelectronics.org.za
apwg_sample_4190/2022-09/2022-09-12/2022-09-12-241158.png,UniCredit,UniCredit Bank Aktiengesellschaft,1,tagBox1,0.91119367,www.envisagevents.com
apwg_sample_4190/2022-07/2022-07-12/2022-07-12-13140.png,Chase Bank,,0,tagBox1,0.8213913,h9-se.4nmn.com
apwg_sample_4190/2021-10/2021-10-08/2021-10-08-150366.png,M&T Bank Corporation,M & T Bank Coporation,1,tagBox1,0.9738099,cpskdmsdtsuygi.duckdns.org
apwg_sample_4190/2022-02/2022-02-08/2022-02-08-15886.png,Wells Fargo Bank,,0,tagBox1,0.7969334,thehouseoffreedom.org
apwg_sample_4190/2021-10/2021-10-09/2021-10-09-175558.png,Amazon,Amazon,1,tagBox1,0.9526491,katrinacachia.com
apwg_sample_4190/2022-08/2022-08-17/2022-08-17-49970.png,Chase Bank,,0,tagBox1,0.733217,elitechairlifts.com
apwg_sample_4190/2023-02/2023-02-16/2023-02-16-84659.png,Instagram,Instagram,1,tagBox1,0.858104,insta-fisher-fire.firebaseapp.com
apwg_sample_4190/2021-11/2021-11-16/2021-11-16-83973.png,Namecheap,,0,tagBox1,0.7034283,my-parcel-hermes.com
apwg_sample_4190/2022-04/2022-04-16/2022-04-16-111358.png,Chase Bank,,0,tagBox1,0.8174801,newtondancecompany.com
apwg_sample_4190/2021-10/2021-10-25/2021-10-25-177930.png,Rabobank,,0,tagBox1,0.70430684,mijpark.xyz
apwg_sample_4190/2021-10/2021-10-18/2021-10-18-103249.png,DBS Bank,,0,tagBox0,0,www.online-dbs.info
apwg_sample_4190/2022-10/2022-10-25/2022-10-25-1015252.png,Shopify,,0,tagBox0,0,www.deliverychamp.in
apwg_sample_4190/2022-04/2022-04-18/2022-04-18-423312.png,Wells Fargo Bank,,0,tagBox1,0.7969334,wetechs.ca
apwg_sample_4190/2021-11/2021-11-09/2021-11-09-153985.png,Standard Bank,,0,tagBox0,0,www.martinelectronics.martinelectronics.org.za
apwg_sample_4190/2022-04/2022-04-13/2022-04-13-550717.png,Wells Fargo Bank,,0,tagBox1,0.7969334,geektech360.ca
apwg_sample_4190/2021-10/2021-10-20/2021-10-20-145909.png,Chase Bank,,0,tagBox1,0.7771399,nashvillefrenchbulldog.com
apwg_sample_4190/2021-10/2021-10-19/2021-10-19-55933.png,gosuslugi,,0,tagBox1,0.79185414,www.gosuslugi-pay.ru
apwg_sample_4190/2022-09/2022-09-14/2022-09-14-156467.png,UniCredit,UniCredit Bank Aktiengesellschaft,1,tagBox1,0.91119367,sardarfeed.com
apwg_sample_4190/2021-10/2021-10-25/2021-10-25-176373.png,Chase Bank,,0,tagBox1,0.6995489,67.43.1.89
apwg_sample_4190/2022-08/2022-08-19/2022-08-19-133139.png,Microsoft,,0,tagBox1,0.6635841,explodewebcure.gq
apwg_sample_4190/2021-10/2021-10-11/2021-10-11-119970.png,Instagram,Instagram,1,tagBox1,0.9194499,u1498366.cp.regruhosting.ru
apwg_sample_4190/2023-07/2023-07-28/2023-07-28-69263.png,M&T Bank Corporation,M & T Bank Coporation,1,tagBox1,0.9653435,www.btsucks.net
apwg_sample_4190/2022-05/2022-05-10/2022-05-10-74690.png,Outlook,Senior People Meet,1,tagBox1,0.85036755,incredible-forest-badge.glitch.me
apwg_sample_4190/2021-11/2021-11-14/2021-11-14-152545.png,DBS Bank,,0,tagBox0,0,dbs.iensrt.com
apwg_sample_4190/2022-05/2022-05-29/2022-05-29-120095.png,Wells Fargo Bank,,0,tagBox1,0.7969334,israeltest.prescafecrew.com
apwg_sample_4190/2022-06/2022-06-21/2022-06-21-321568.png,TogetherWeCare,,0,tagBox1,0.7894347,www.theparkergroup.in
apwg_sample_4190/2022-03/2022-03-30/2022-03-30-20313.png,Chase Bank,,0,tagBox1,0.7935257,sl.al
apwg_sample_4190/2022-04/2022-04-12/2022-04-12-166223.png,Wells Fargo Bank,,0,tagBox1,0.7969334,www.mrazavi.ca
apwg_sample_4190/2021-11/2021-11-02/2021-11-02-32471.png,Huntington Bank,Huntington Bank,1,tagBox1,0.8841274,user0-secureacc.duckdns.org
apwg_sample_4190/2021-10/2021-10-19/2021-10-19-56308.png,Microsoft,Microsoft,1,tagBox1,0.8558549,al-faizgroup.com
apwg_sample_4190/2021-10/2021-10-19/2021-10-19-56910.png,Namecheap,,0,tagBox0,0,www1.acquirecovidimmunitypassport.co
apwg_sample_4190/2021-10/2021-10-19/2021-10-19-56843.png,Chase Bank,,0,tagBox1,0.80414146,sheltingtours.com
apwg_sample_4190/2021-12/2021-12-22/2021-12-22-32851.png,Swiss Post,PostFinance,1,tagBox1,0.97672653,tender-gould.34-152-37-11.plesk.page
apwg_sample_4190/2021-10/2021-10-10/2021-10-10-225409.png,Aruba,,0,tagBox1,0.78471947,secure-aruba.org
apwg_sample_4190/2021-10/2021-10-04/2021-10-04-171408.png,Ozon,,0,tagBox1,0.78939295,tok.pp.ru
apwg_sample_4190/2022-09/2022-09-13/2022-09-13-89112.png,Facebook,Facebook,1,tagBox1,0.8529482,walterbecky.000webhostapp.com
apwg_sample_4190/2022-04/2022-04-25/2022-04-25-314217.png,Citibank,,0,tagBox0,0,onli-ne-verifica-tion.duckdns.org
apwg_sample_4190/2022-01/2022-01-06/2022-01-06-36810.png,E-Mail Provider,,0,tagBox1,0.6617255,homecablenet.com
apwg_sample_4190/2023-05/2023-05-15/2023-05-15-124104.png,Capital One,Capital One Financial Corporation,1,tagBox1,0.9706023,dkglobal.co.id
apwg_sample_4190/2021-10/2021-10-05/2021-10-05-180275.png,Piraeus Bank,,0,tagBox0,0,openvisie.com
apwg_sample_4190/2022-09/2022-09-20/2022-09-20-54929.png,Outlook,Microsoft,1,tagBox1,0.8914538,storageapi.fleek.co
apwg_sample_4190/2021-10/2021-10-06/2021-10-06-226055.png,Chase Bank,,0,tagBox1,0.7776947,store.greencleaning-service.com
apwg_sample_4190/2022-08/2022-08-10/2022-08-10-406859.png,Apple,Apple,1,tagBox1,0.9122806,s2mchannel.com
apwg_sample_4190/2023-06/2023-06-12/2023-06-12-119042.png,Instagram,Instagram,1,tagBox1,0.9271072,instagram.boostinginstagram.com
apwg_sample_4190/2022-12/2022-12-12/2022-12-12-231539.png,Microsoft,Microsoft,1,tagBox1,0.9439266,outlookcomsharedfile.s3-website.fr-par.scw.cloud
apwg_sample_4190/2021-11/2021-11-17/2021-11-17-36452.png,Paxful,,0,tagBox1,0.71168566,mail.swodftyn.digital
apwg_sample_4190/2021-11/2021-11-23/2021-11-23-30350.png,PayPal,PayPal,1,tagBox1,0.9050921,www.prod-managesupportaccountmembership.arm-bloginsuppmail.com
apwg_sample_4190/2021-12/2021-12-02/2021-12-02-80488.png,Namecheap,,0,tagBox1,0.76607597,www.hostmaster.paypalbuisness.com
apwg_sample_4190/2022-05/2022-05-05/2022-05-05-45427.png,Commonwealth Bank of Australia,,0,tagBox1,0.80503905,app.my.commbank.com.au.australia.location.aus.loginandtakeback.secureaccount.security.lower.reset.petscremation.com.sg
apwg_sample_4190/2022-10/2022-10-14/2022-10-14-165542.png,Facebook,Facebook,1,tagBox1,0.8596289,opencast-radius.000webhostapp.com
apwg_sample_4190/2023-04/2023-04-14/2023-04-14-30558.png,M&T Bank Corporation,M & T Bank Coporation,1,tagBox1,0.97459674,mail.asiaconnectionsgroup.com
apwg_sample_4190/2022-01/2022-01-10/2022-01-10-5162.png,Amazon,Amazon,1,tagBox1,0.948357,amspuxoqspwiq.cloudns.ph
apwg_sample_4190/2022-01/2022-01-06/2022-01-06-38240.png,Chase Bank,,0,tagBox1,0.62860096,chasing.pvplglobal.com
apwg_sample_4190/2022-01/2022-01-07/2022-01-07-28564.png,Chase Bank,,0,tagBox1,0.62860096,chasing.pvplglobal.com
apwg_sample_4190/2023-06/2023-06-16/2023-06-16-135035.png,Facebook,Facebook,1,tagBox1,0.8632933,godpro1k.000webhostapp.com
apwg_sample_4190/2021-11/2021-11-29/2021-11-29-127123.png,Namecheap,,0,tagBox1,0.75704616,ww25.fedextrackparcelefibdjnfhq.me
apwg_sample_4190/2022-02/2022-02-25/2022-02-25-25739.png,Microsoft,Microsoft,1,tagBox1,0.9120157,iukln.zypus8h2zm6884.workers.dev
apwg_sample_4190/2022-01/2022-01-13/2022-01-13-7419.png,Wells Fargo Bank,,0,tagBox1,0.78571266,wells5tverify.duckdns.org
apwg_sample_4190/2022-01/2022-01-25/2022-01-25-22553.png,DHL,DHL Airways,1,tagBox1,0.9453345,deadlaurels.com
apwg_sample_4190/2022-09/2022-09-01/2022-09-01-203916.png,Yahoo,Yahoo!,1,tagBox1,0.9174254,aec02ussba39485auth-yahoouserid4734.netlify.app
apwg_sample_4190/2021-11/2021-11-03/2021-11-03-87546.png,WeTransfer,,0,tagBox1,0.6718169,lypaka.com
apwg_sample_4190/2022-06/2022-06-01/2022-06-01-282499.png,Chase Bank,,0,tagBox1,0.7935869,sainavodayclinic.com
apwg_sample_4190/2021-11/2021-11-08/2021-11-08-145352.png,Wells Fargo Bank,,0,tagBox1,0.6600592,achhoy-gudep.ru
apwg_sample_4190/2023-05/2023-05-23/2023-05-23-28198.png,Microsoft,Microsoft,1,tagBox1,0.9439266,pub-c5e2dbb58028490685ab5f7a51d147da.r2.dev
apwg_sample_4190/2022-02/2022-02-23/2022-02-23-5885.png,Facebook,Facebook,1,tagBox1,0.900965,iokoigf.xyz
apwg_sample_4190/2022-09/2022-09-10/2022-09-10-146791.png,GoDaddy,,0,tagBox1,0.89904773,dautruonglq.com
apwg_sample_4190/2021-11/2021-11-08/2021-11-08-144692.png,Wells Fargo Bank,,0,tagBox1,0.6600592,achhoy-gudep.ru
apwg_sample_4190/2023-07/2023-07-27/2023-07-27-34941.png,Facebook,Facebook,1,tagBox1,0.9280875,1262721f2948a0.lhr.life
apwg_sample_4190/2022-01/2022-01-23/2022-01-23-23463.png,Instagram,Instagram,1,tagBox1,0.95367473,ir-stuart-tabs-guest.trycloudflare.com
apwg_sample_4190/2022-12/2022-12-16/2022-12-16-17717.png,DHL,DHL Airways,1,tagBox1,0.9572468,hatono.vn
apwg_sample_4190/2021-10/2021-10-02/2021-10-02-76974.png,Apple,Apple,1,tagBox1,0.87398237,supplieare.com
apwg_sample_4190/2021-11/2021-11-11/2021-11-11-178528.png,Interac,,0,tagBox0,0,179.43.140.147
apwg_sample_4190/2021-10/2021-10-31/2021-10-31-142082.png,Chase Bank,,0,tagBox1,0.794721,rentaride.com.br
apwg_sample_4190/2021-11/2021-11-12/2021-11-12-140483.png,BDO Unibank,,0,tagBox0,0,www.refixzen.technozen.in
apwg_sample_4190/2022-07/2022-07-13/2022-07-13-167.png,Apple,Apple,1,tagBox1,0.87398237,bbsc.com.ua
apwg_sample_4190/2022-01/2022-01-10/2022-01-10-5923.png,Facebook,Facebook,1,tagBox1,0.93885946,grupviralsma18.xyz
apwg_sample_4190/2022-07/2022-07-04/2022-07-04-99046.png,Chase Bank,,0,tagBox1,0.73124033,proteom345ika.ru
apwg_sample_4190/2023-01/2023-01-25/2023-01-25-250984.png,AT&T,AT&T,1,tagBox1,0.96746075,rebrand.ly
apwg_sample_4190/2021-11/2021-11-17/2021-11-17-35349.png,WalletConnect,,0,tagBox0,0,walletconnectaid.net
apwg_sample_4190/2022-05/2022-05-27/2022-05-27-209795.png,Facebook,,0,tagBox0,0,www.neocloud.cf
apwg_sample_4190/2021-11/2021-11-22/2021-11-22-162958.png,YouTube,youtube,1,tagBox1,0.9222719,soporte-bancodechile.cl.beachhavenpa.com
apwg_sample_4190/2023-06/2023-06-08/2023-06-08-173163.png,OneDrive,,0,tagBox1,0.6634886,pleasant-splendid-salary.glitch.me
apwg_sample_4190/2023-01/2023-01-30/2023-01-30-91453.png,Microsoft,Microsoft,1,tagBox1,0.91291225,very1htmfar5.ihostfull.com
apwg_sample_4190/2022-07/2022-07-26/2022-07-26-117601.png,Facebook,Facebook,1,tagBox1,0.88590574,meme-viral.webnode.es
apwg_sample_4190/2022-06/2022-06-29/2022-06-29-439243.png,Outlook,Microsoft,1,tagBox1,0.8914538,antigo.beatosmanueleadilio.com.br
apwg_sample_4190/2021-10/2021-10-24/2021-10-24-109475.png,Netflix,Netflix,1,tagBox1,0.9359588,bandwidthlim.org
apwg_sample_4190/2021-10/2021-10-30/2021-10-30-134699.png,Raiffeisen Bank,Raiffeisen Bank S.A.,1,tagBox1,0.9568372,raiffalsen.com
apwg_sample_4190/2023-07/2023-07-29/2023-07-29-79963.png,Facebook,,0,tagBox1,0.7536501,www.fb-loginn8vgu.viip-sz271.biz.id
apwg_sample_4190/2021-10/2021-10-11/2021-10-11-122728.png,ING Group,ING,1,tagBox1,0.9400099,ns1.starvinggarden.com
apwg_sample_4190/2023-07/2023-07-01/2023-07-01-21468.png,Facebook,Facebook,1,tagBox1,0.8567663,whatsappgroup-invite.new-x.my.id
apwg_sample_4190/2021-10/2021-10-09/2021-10-09-174358.png,TD Bank,TD Bank Group,1,tagBox1,0.92862093,www.checkv2-verify.legitrijbewijs.uk
apwg_sample_4190/2022-05/2022-05-14/2022-05-14-113109.png,Microsoft,Microsoft,1,tagBox1,0.9232233,t.secureserverlogin.app
apwg_sample_4190/2022-01/2022-01-10/2022-01-10-5445.png,Amazon,Amazon,1,tagBox1,0.948357,amzredirectsrvcmailz.cloudns.ph
apwg_sample_4190/2021-10/2021-10-10/2021-10-10-225414.png,TD Bank,TD Bank Group,1,tagBox1,0.92862093,checkv2-verify.legitrijbewijs.uk
apwg_sample_4190/2022-04/2022-04-29/2022-04-29-330987.png,PayPal,PayPal,1,tagBox1,0.89829755,mail.free-pay404.duckdns.org
apwg_sample_4190/2021-10/2021-10-30/2021-10-30-132985.png,Wells Fargo Bank,Wells Fargo & Company,1,tagBox1,0.89617467,www.bigdogplanodesaude.com.br
apwg_sample_4190/2021-10/2021-10-30/2021-10-30-134685.png,Wells Fargo Bank,Wells Fargo & Company,1,tagBox1,0.92586577,www.queroquarto.com.br
apwg_sample_4190/2021-10/2021-10-30/2021-10-30-133179.png,Capital One,Capital One Financial Corporation,1,tagBox1,0.92141867,climatechangeandme.com.au
apwg_sample_4190/2021-10/2021-10-29/2021-10-29-138913.png,SimCast,,0,tagBox1,0.6252213,simcast.com
apwg_sample_4190/2021-10/2021-10-28/2021-10-28-135009.png,Mitsubishi UFJ Financial Group,Vodafone,1,tagBox1,0.8613074,virum.com.br
apwg_sample_4190/2022-02/2022-02-09/2022-02-09-22210.png,Facebook,,0,tagBox1,0.7958027,diamondd-22.000webhostapp.com
apwg_sample_4190/2022-11/2022-11-08/2022-11-08-239109.png,Intesa Sanpaolo,,0,tagBox1,0.744306,megamalljc.com
apwg_sample_4190/2023-02/2023-02-16/2023-02-16-85148.png,Swisscom AG,,0,tagBox1,0.79062593,www.fairfaxacu.com
apwg_sample_4190/2022-04/2022-04-14/2022-04-14-362145.png,Facebook,Facebook,1,tagBox1,0.9479281,servicepagesaccount.co.vu
apwg_sample_4190/2022-03/2022-03-04/2022-03-04-30896.png,"Stripe, Inc.",1&1 Ionos,1,tagBox1,0.8925927,stqipe.com
apwg_sample_4190/2022-05/2022-05-31/2022-05-31-105278.png,PayPal,PayPal,1,tagBox1,0.87311184,pavpal.com.webapps-mpp-home-secure-update.quantumeor.com
apwg_sample_4190/2022-11/2022-11-22/2022-11-22-265298.png,Instagram,Instagram,1,tagBox1,0.93993217,globalnetwork-channel.com
apwg_sample_4190/2022-04/2022-04-13/2022-04-13-555293.png,Wells Fargo Bank,,0,tagBox1,0.7969334,turwagen.ir
apwg_sample_4190/2023-03/2023-03-07/2023-03-07-16609.png,Outlook,Microsoft,1,tagBox1,0.89408576,websecureoutlook.glitch.me
apwg_sample_4190/2022-04/2022-04-16/2022-04-16-105400.png,Wells Fargo Bank,,0,tagBox1,0.7969334,wetechs.ca
apwg_sample_4190/2021-10/2021-10-28/2021-10-28-136041.png,AT&T,,0,tagBox0,0,linkr.bio
apwg_sample_4190/2021-11/2021-11-10/2021-11-10-100482.png,Facebook,Facebook,1,tagBox1,0.9386707,practicaleduskills.in
apwg_sample_4190/2022-09/2022-09-25/2022-09-25-206480.png,Facebook,Facebook,1,tagBox1,0.87057436,souravofficialbd.github.io
apwg_sample_4190/2021-10/2021-10-29/2021-10-29-137060.png,Microsoft,Microsoft,1,tagBox1,0.9120157,cineark.anecdoteagency.com
apwg_sample_4190/2021-10/2021-10-29/2021-10-29-137311.png,Royal Bank of Canada,RBC Royal Bank,1,tagBox1,0.9158261,179.43.140.147
apwg_sample_4190/2021-11/2021-11-09/2021-11-09-161185.png,Namecheap,,0,tagBox1,0.65255046,m-facebook-profile.item4324853.com
apwg_sample_4190/2023-05/2023-05-03/2023-05-03-57294.png,Facebook,Facebook,1,tagBox1,0.8966841,bpstatistik.000webhostapp.com
apwg_sample_4190/2022-03/2022-03-21/2022-03-21-10696.png,Facebook,Facebook,1,tagBox1,0.9435675,generation-idea.com
apwg_sample_4190/2021-11/2021-11-22/2021-11-22-162482.png,Changeip,,0,tagBox1,0.82446,www.account-verify23.freetcp.com
apwg_sample_4190/2022-10/2022-10-18/2022-10-18-1292374.png,PayPal,PayPal,1,tagBox1,0.90139496,paypalintl.blogspot.com
apwg_sample_4190/2022-08/2022-08-19/2022-08-19-125656.png,Microsoft,Microsoft,1,tagBox1,0.9124788,jxeonugetnmetiydqwj-u-iuvbpbzigydxvunenk-mvilwhekycptcapevug.glitch.me
apwg_sample_4190/2021-10/2021-10-31/2021-10-31-139281.png,Royal Bank of Canada,RBC Royal Bank,1,tagBox1,0.9158261,179.43.140.147
apwg_sample_4190/2022-05/2022-05-12/2022-05-12-147960.png,Credit Agricole,Credit Agricole S.A,1,tagBox1,0.95080626,homebusinessradionetwork.com
apwg_sample_4190/2022-08/2022-08-29/2022-08-29-47248.png,Chase Bank,Chase Personal Banking,1,tagBox1,0.8939779,brazilianartdesign.com
apwg_sample_4190/2022-06/2022-06-30/2022-06-30-616380.png,Chase Bank,,0,tagBox1,0.6982563,chaseverify-redirectdesk009.duckdns.org
apwg_sample_4190/2022-09/2022-09-28/2022-09-28-117502.png,Navy Federal Credit Union,Navy Federal Credit Union,1,tagBox1,0.936578,lukesciclunaphotography.com
apwg_sample_4190/2022-08/2022-08-11/2022-08-11-367756.png,Credit Agricole,Credit Agricole S.A,1,tagBox1,0.9346235,caisseing-f091f.web.app
apwg_sample_4190/2022-03/2022-03-14/2022-03-14-20625.png,Swisscom AG,,0,tagBox1,0.79062593,sdzakfahz.blogspot.com
apwg_sample_4190/2022-04/2022-04-10/2022-04-10-84061.png,WalletConnect,,0,tagBox0,0,thepremieroasisgroup.com
apwg_sample_4190/2023-02/2023-02-01/2023-02-01-115950.png,Instagram,Instagram,1,tagBox1,0.8578844,hackformenow.rf.gd
apwg_sample_4190/2022-07/2022-07-18/2022-07-18-15080.png,Webmail,,0,tagBox1,0.91695154,www.dwisuraprima.com
apwg_sample_4190/2022-10/2022-10-24/2022-10-24-269886.png,Microsoft,Microsoft,1,tagBox1,0.91647243,ipfs.io
apwg_sample_4190/2022-05/2022-05-11/2022-05-11-169214.png,Facebook,Facebook,1,tagBox1,0.91747594,facebook.secured-l0gin.com
apwg_sample_4190/2022-08/2022-08-18/2022-08-18-391606.png,WordPress,,0,tagBox0,0,comaorganico.com
apwg_sample_4190/2022-07/2022-07-27/2022-07-27-101316.png,Bank of America,Bank of America,1,tagBox1,0.94522166,dashieldboyz.com
apwg_sample_4190/2022-08/2022-08-12/2022-08-12-467140.png,Credit Agricole,Credit Agricole S.A,1,tagBox1,0.9633681,hardcore-spence.185-81-157-142.plesk.page
apwg_sample_4190/2023-01/2023-01-23/2023-01-23-48810.png,Instagram,Instagram,1,tagBox1,0.91026604,porksenf.tech
apwg_sample_4190/2022-10/2022-10-24/2022-10-24-256433.png,M&T Bank Corporation,M & T Bank Coporation,1,tagBox1,0.9702106,insinai.com
apwg_sample_4190/2021-10/2021-10-08/2021-10-08-150817.png,TD Bank,TD Bank Group,1,tagBox1,0.92862093,checkv2-verify.legitrijbewijs.uk
apwg_sample_4190/2022-12/2022-12-07/2022-12-07-159889.png,Facebook,Facebook,1,tagBox1,0.91576254,review-activities.my03.com
apwg_sample_4190/2022-10/2022-10-17/2022-10-17-666019.png,AT&T,,0,tagBox1,0.77248913,yahoo-108495.weeblysite.com
apwg_sample_4190/2022-02/2022-02-07/2022-02-07-4182.png,Chase Bank,,0,tagBox0,0,mindsculptpsychology.com.au
apwg_sample_4190/2022-05/2022-05-13/2022-05-13-55640.png,Swisscom AG,,0,tagBox1,0.7958019,nvh41lbp3o.onrocket.site
apwg_sample_4190/2022-10/2022-10-16/2022-10-16-1192391.png,United Parcel Service,,0,tagBox1,0.744982,fzeid-eel-ertx.builderallwppro.com
apwg_sample_4190/2021-12/2021-12-01/2021-12-01-54811.png,Instagram,Instagram,1,tagBox1,0.95367473,midlands-dialog-should-mime.trycloudflare.com
apwg_sample_4190/2021-11/2021-11-11/2021-11-11-177269.png,Google,Google,1,tagBox1,0.9729901,e-receipts.co
apwg_sample_4190/2022-10/2022-10-14/2022-10-14-161572.png,Netflix,,0,tagBox1,0.73507535,shobhitnair.github.io
apwg_sample_4190/2022-06/2022-06-24/2022-06-24-186977.png,Facebook,Facebook,1,tagBox1,0.92705476,cnnnews4k.eoldal.hu
apwg_sample_4190/2022-07/2022-07-20/2022-07-20-112085.png,Instagram,Instagram,1,tagBox1,0.90244496,instagam-001-site1.htempurl.com
apwg_sample_4190/2022-09/2022-09-12/2022-09-12-247802.png,E-Mail Provider,,0,tagBox1,0.72036636,ami.majalengkakab.go.id
apwg_sample_4190/2021-10/2021-10-09/2021-10-09-173102.png,Wells Fargo Bank,,0,tagBox1,0.7969334,www.secuwellc.duckdns.org
apwg_sample_4190/2021-10/2021-10-25/2021-10-25-175999.png,Chase Bank,,0,tagBox1,0.7892003,www.159-223-103-96.cprapid.com
apwg_sample_4190/2021-10/2021-10-25/2021-10-25-177149.png,"Rackspace Technology, Inc.",Rackspace,1,tagBox1,0.8962904,aasthakidneyhospital.com
apwg_sample_4190/2022-10/2022-10-25/2022-10-25-1034057.png,Chase Bank,,0,tagBox1,0.77633655,hakacoaching.com
apwg_sample_4190/2022-11/2022-11-13/2022-11-13-89781.png,Facebook,,0,tagBox1,0.7278296,app-fbscure-info.zzuctyvisv-e92495lzd6kr.p.temp-site.link
apwg_sample_4190/2022-08/2022-08-29/2022-08-29-44922.png,Chase Bank,,0,tagBox1,0.77254975,01dazffew5dsw43353s.app.link
apwg_sample_4190/2021-10/2021-10-25/2021-10-25-176144.png,Chase Bank,,0,tagBox1,0.80573356,www.159-223-103-96.cprapid.com
apwg_sample_4190/2021-11/2021-11-08/2021-11-08-143701.png,Wells Fargo Bank,,0,tagBox1,0.6600592,achhoy-gudep.ru
apwg_sample_4190/2021-11/2021-11-09/2021-11-09-157739.png,Wells Fargo Bank,,0,tagBox1,0.6600592,mail.foreignoperations.info
apwg_sample_4190/2021-11/2021-11-09/2021-11-09-160272.png,Wells Fargo Bank,,0,tagBox1,0.6600592,achhoy-gudep.ru
apwg_sample_4190/2022-12/2022-12-24/2022-12-24-175592.png,ING Group,ING,1,tagBox1,0.9132823,fjmarketing.com
apwg_sample_4190/2022-02/2022-02-28/2022-02-28-18437.png,Square Bank,,0,tagBox0,0,customesqure.com
apwg_sample_4190/2022-10/2022-10-15/2022-10-15-488112.png,ING Group,ING,1,tagBox1,0.91331387,sxb1plvwcpnl495429.prod.sxb1.secureserver.net
apwg_sample_4190/2022-04/2022-04-08/2022-04-08-176010.png,Microsoft,Microsoft,1,tagBox1,0.93366134,sapphire-unexpected-whitefish.glitch.me
apwg_sample_4190/2023-03/2023-03-07/2023-03-07-17532.png,Microsoft,Microsoft,1,tagBox1,0.9045048,login.microsoftonline.us.office.m365.leidos.govshn.net
apwg_sample_4190/2022-02/2022-02-04/2022-02-04-11676.png,Facebook,,0,tagBox0,0,fotitosdemi.000webhostapp.com
apwg_sample_4190/2022-04/2022-04-07/2022-04-07-3743.png,Netflix,Netflix,1,tagBox1,0.948388,www.historylearning.gq
apwg_sample_4190/2021-10/2021-10-06/2021-10-06-226307.png,Wells Fargo Bank,Wells Fargo & Company,1,tagBox1,0.91962016,mail.coronarmedical.com
apwg_sample_4190/2022-05/2022-05-18/2022-05-18-216782.png,Outlook,Microsoft,1,tagBox1,0.84130085,pinakicontentsolutions.com
apwg_sample_4190/2022-12/2022-12-01/2022-12-01-125575.png,Microsoft,Microsoft,1,tagBox1,0.9313862,serverfctn.hostfree.pw
apwg_sample_4190/2022-09/2022-09-30/2022-09-30-28566.png,Facebook,Facebook,1,tagBox1,0.85423124,pilose-things.000webhostapp.com
apwg_sample_4190/2022-03/2022-03-17/2022-03-17-78260.png,Namecheap,,0,tagBox1,0.6927434,morganstanleydatasecuritysettkement.com
apwg_sample_4190/2023-01/2023-01-13/2023-01-13-82753.png,Wells Fargo Bank,,0,tagBox1,0.7969334,connect-secure-auth-wellsfargo-com.tophatofficecleaning.com
apwg_sample_4190/2022-10/2022-10-14/2022-10-14-165388.png,Wells Fargo Bank,,0,tagBox1,0.7969334,xnxxthailand.com
apwg_sample_4190/2023-06/2023-06-30/2023-06-30-166156.png,Orange,,0,tagBox1,0.7545767,flitlitegod.duckdns.org
apwg_sample_4190/2022-04/2022-04-17/2022-04-17-25443.png,Wells Fargo Bank,,0,tagBox1,0.7969334,mentorplus.ca
apwg_sample_4190/2022-02/2022-02-28/2022-02-28-18418.png,Facebook,Facebook,1,tagBox1,0.8466528,www-facebook-com-br.duckdns.org
apwg_sample_4190/2022-03/2022-03-21/2022-03-21-9633.png,Dropbox,Dropbox,1,tagBox1,0.91931087,paradisvalleyfcu.com
apwg_sample_4190/2022-06/2022-06-05/2022-06-05-647455.png,Instagram,Instagram,1,tagBox1,0.95367473,ghost-veterinary-comic-commodity.trycloudflare.com
apwg_sample_4190/2022-12/2022-12-15/2022-12-15-82007.png,La Banque Postale,La Banque postale,1,tagBox1,0.919559,www.woodandthimble.com
apwg_sample_4190/2022-05/2022-05-26/2022-05-26-89883.png,Amazon,Amazon,1,tagBox1,0.9526491,kyname.com
apwg_sample_4190/2022-08/2022-08-25/2022-08-25-282478.png,Microsoft,Microsoft,1,tagBox1,0.8533761,oauth.applebyglobel.com
apwg_sample_4190/2022-02/2022-02-10/2022-02-10-29345.png,Microsoft,Microsoft,1,tagBox1,0.90440595,preparedjustincase.com
apwg_sample_4190/2022-04/2022-04-26/2022-04-26-249416.png,Cox,Cox Communications,1,tagBox1,0.93023014,coxesignin.weebly.com
apwg_sample_4190/2022-02/2022-02-16/2022-02-16-3052.png,Facebook,Facebook,1,tagBox1,0.94156194,ha8t-7620781-5409-6150.mystrikingly.com
apwg_sample_4190/2023-06/2023-06-06/2023-06-06-186688.png,Facebook,Facebook,1,tagBox1,0.86593205,hgfhgfhghfj.blogspot.md
apwg_sample_4190/2021-10/2021-10-06/2021-10-06-227323.png,Banca Mediolanum,,0,tagBox1,0.7346409,www.dev.ecobonus110arcoservizi.it
apwg_sample_4190/2023-07/2023-07-18/2023-07-18-90535.png,Facebook,Facebook,1,tagBox1,0.92320776,t.ly
apwg_sample_4190/2023-06/2023-06-28/2023-06-28-32943.png,Facebook,Facebook,1,tagBox1,0.86884606,springtime-pieces.000webhostapp.com
apwg_sample_4190/2022-04/2022-04-21/2022-04-21-379670.png,Microsoft,Microsoft,1,tagBox1,0.91717076,login.live.microsoft.habihut.app
apwg_sample_4190/2021-11/2021-11-24/2021-11-24-1749.png,reCAPTCHA,youtube,1,tagBox1,0.957219,soporte-bancodechile.cl.beachhavenpa.com
apwg_sample_4190/2022-04/2022-04-15/2022-04-15-508981.png,CaixaBank,,0,tagBox1,0.6200625,han.gl
apwg_sample_4190/2021-11/2021-11-22/2021-11-22-162504.png,YouTube,youtube,1,tagBox1,0.91269267,soporte-bancodechile.cl.beachhavenpa.com
apwg_sample_4190/2021-11/2021-11-21/2021-11-21-97810.png,YouTube,youtube,1,tagBox1,0.91269267,soporte-bancodechile.cl.beachhavenpa.com
apwg_sample_4190/2021-11/2021-11-22/2021-11-22-164737.png,YouTube,youtube,1,tagBox1,0.9222719,soporte-bancodechile.cl.beachhavenpa.com
apwg_sample_4190/2021-12/2021-12-24/2021-12-24-64293.png,GoDaddy,,0,tagBox1,0.89903426,amzonupdate.com
apwg_sample_4190/2021-11/2021-11-23/2021-11-23-31627.png,YouTube,youtube,1,tagBox1,0.9222719,soporte-bancodechile.cl.beachhavenpa.com
apwg_sample_4190/2022-08/2022-08-03/2022-08-03-63105.png,Wells Fargo Bank,,0,tagBox1,0.781003,marketmedia.in
apwg_sample_4190/2021-11/2021-11-22/2021-11-22-165131.png,YouTube,youtube,1,tagBox1,0.91269267,soporte-bancodechile.cl.beachhavenpa.com
apwg_sample_4190/2021-11/2021-11-19/2021-11-19-166160.png,YouTube,youtube,1,tagBox1,0.9222719,soporte-bancodechile.cl.beachhavenpa.com
apwg_sample_4190/2021-11/2021-11-21/2021-11-21-96191.png,YouTube,youtube,1,tagBox1,0.9222719,soporte-bancodechile.cl.beachhavenpa.com
apwg_sample_4190/2021-11/2021-11-23/2021-11-23-32235.png,YouTube,youtube,1,tagBox1,0.9222719,soporte-bancodechile.cl.beachhavenpa.com
apwg_sample_4190/2021-11/2021-11-19/2021-11-19-170412.png,YouTube,youtube,1,tagBox1,0.91269267,soporte-bancodechile.cl.beachhavenpa.com
apwg_sample_4190/2022-08/2022-08-29/2022-08-29-47402.png,Yahoo,Yahoo!,1,tagBox1,0.8553196,siasky.net
apwg_sample_4190/2021-11/2021-11-19/2021-11-19-172585.png,YouTube,youtube,1,tagBox1,0.9222719,soporte-bancodechile.cl.beachhavenpa.com
apwg_sample_4190/2021-11/2021-11-29/2021-11-29-126832.png,Wells Fargo Bank,,0,tagBox1,0.6600592,idverify.globalautodoor.com
apwg_sample_4190/2021-12/2021-12-02/2021-12-02-68433.png,eBay,eBay,1,tagBox1,0.91683066,mail.itesapanama.com
apwg_sample_4190/2022-08/2022-08-24/2022-08-24-351196.png,Allied Irish Banks,,0,tagBox1,0.8134986,aib-online-user.com
apwg_sample_4190/2021-12/2021-12-08/2021-12-08-38523.png,Wells Fargo Bank,Wells Fargo & Company,1,tagBox1,0.9065392,zakroams.com
apwg_sample_4190/2021-11/2021-11-19/2021-11-19-169366.png,Apple,Apple,1,tagBox1,0.91834056,apple.slgn-ln-id.vip
apwg_sample_4190/2021-11/2021-11-23/2021-11-23-32040.png,Microsoft Bing,Microsoft,1,tagBox1,0.8551657,intesabancasecureloginapp.edns.biz
apwg_sample_4190/2021-11/2021-11-23/2021-11-23-31769.png,YouTube,youtube,1,tagBox1,0.9222719,soporte-bancodechile.cl.beachhavenpa.com
apwg_sample_4190/2021-11/2021-11-22/2021-11-22-163088.png,LinkedIn,,0,tagBox1,0.7077718,protect-eu.mimecast.com
apwg_sample_4190/2021-11/2021-11-19/2021-11-19-174384.png,YouTube,youtube,1,tagBox1,0.91269267,soporte-bancodechile.cl.beachhavenpa.com
apwg_sample_4190/2021-11/2021-11-20/2021-11-20-92982.png,DHL,DHL Airways,1,tagBox1,0.9541626,www.monpanier-rabat.com.ssaidi.com
apwg_sample_4190/2021-11/2021-11-22/2021-11-22-162555.png,Microsoft Bing,,0,tagBox1,0.6759552,www.35-159-16-154.cprapid.com
apwg_sample_4190/2023-04/2023-04-11/2023-04-11-1536.png,PayPal,PayPal,1,tagBox1,0.884392,thecoachswife.com
apwg_sample_4190/2022-01/2022-01-17/2022-01-17-8997.png,DHL,DHL Airways,1,tagBox1,0.9517176,napatic.com
apwg_sample_4190/2021-11/2021-11-19/2021-11-19-169974.png,Namecheap,,0,tagBox1,0.67395186,my-payee-authenticate.live
apwg_sample_4190/2021-11/2021-11-02/2021-11-02-32621.png,ASB Bank,ASB Bank Limited,1,tagBox1,0.9418564,mail.belvedereinfo.com
apwg_sample_4190/2022-05/2022-05-23/2022-05-23-66277.png,Fidelity Investments,,0,tagBox0,0,sistemasaf.com.br
apwg_sample_4190/2021-11/2021-11-21/2021-11-21-96319.png,YouTube,youtube,1,tagBox1,0.91269267,soporte-bancodechile.cl.beachhavenpa.com
apwg_sample_4190/2021-11/2021-11-02/2021-11-02-32716.png,Microsoft Bing,Microsoft,1,tagBox1,0.8351525,vr-volksbanksn.com
apwg_sample_4190/2021-11/2021-11-15/2021-11-15-184499.png,BBVA Mexico,,0,tagBox0,0,mail.emailwebaccess.co.uk
apwg_sample_4190/2021-11/2021-11-02/2021-11-02-32647.png,PayPal,PayPal,1,tagBox1,0.9228902,me2.do
apwg_sample_4190/2021-11/2021-11-09/2021-11-09-159190.png,Trust Wallet,,0,tagBox1,0.70575666,jxu76.com
apwg_sample_4190/2023-02/2023-02-22/2023-02-22-4782.png,Square Bank,,0,tagBox0,0,quickbooksturbo.com
apwg_sample_4190/2022-12/2022-12-12/2022-12-12-233323.png,Chronopost International,Chronopost International,1,tagBox1,0.98195505,fglondon.ca
apwg_sample_4190/2022-07/2022-07-19/2022-07-19-86123.png,Microsoft,Microsoft,1,tagBox1,0.92173624,gahszqas.dns.army
apwg_sample_4190/2021-11/2021-11-17/2021-11-17-34403.png,PayPal,PayPal,1,tagBox1,0.9083992,www.bilgisepetim.com.tr
apwg_sample_4190/2021-11/2021-11-15/2021-11-15-183815.png,Citibank,,0,tagBox0,0,mail.34-134-107-73.cprapid.com
apwg_sample_4190/2021-11/2021-11-17/2021-11-17-36094.png,Microsoft Bing,Microsoft,1,tagBox1,0.8365279,areautente-assistenzaintesa-loginapp-servizioclienti.ns01.info
apwg_sample_4190/2021-11/2021-11-16/2021-11-16-81173.png,PayPal,,0,tagBox1,0.7287577,transgendersingles.xmatch.com
apwg_sample_4190/2021-11/2021-11-17/2021-11-17-35152.png,ASB Bank,ASB Bank Limited,1,tagBox1,0.9447701,mail.mi-onlineservice.com
apwg_sample_4190/2023-02/2023-02-08/2023-02-08-16204.png,DHL,DHL Airways,1,tagBox1,0.96489143,eureka-esn.com
apwg_sample_4190/2022-01/2022-01-28/2022-01-28-18582.png,AT&T,AT&T,1,tagBox1,0.9643234,nexustocanada.com
apwg_sample_4190/2021-11/2021-11-16/2021-11-16-80337.png,Financial Services Accountants Association,,0,tagBox0,0,fsaa.com.au
apwg_sample_4190/2021-11/2021-11-27/2021-11-27-41721.png,DHL,DHL Airways,1,tagBox1,0.93137157,dcwqf.danakadan.workers.dev
apwg_sample_4190/2021-11/2021-11-27/2021-11-27-46229.png,National Australia Bank,National Australia Bank Limited,1,tagBox1,0.9164423,nabcapitalmarkets.events
apwg_sample_4190/2021-11/2021-11-27/2021-11-27-51308.png,Microsoft Bing,,0,tagBox1,0.64784443,areautente-assistenzaintesa-loginapp-servizioclienti.ns01.info
apwg_sample_4190/2022-02/2022-02-09/2022-02-09-22216.png,Facebook,Facebook,1,tagBox1,0.9327208,akunffgratisan.000webhostapp.com
apwg_sample_4190/2022-02/2022-02-13/2022-02-13-32469.png,Facebook,Facebook,1,tagBox1,0.9327208,event-bagi-bagidm.000webhostapp.com
apwg_sample_4190/2022-05/2022-05-03/2022-05-03-15065.png,Volksbank Raiffeisenbanken,Bank of Scotland,1,tagBox1,0.8341372,snnews24.in
apwg_sample_4190/2022-02/2022-02-12/2022-02-12-38673.png,Facebook,,0,tagBox0,0,diamondxskinxgratis98.000webhostapp.com
apwg_sample_4190/2022-05/2022-05-29/2022-05-29-132497.png,Wells Fargo Bank,Scotiabank,1,tagBox1,0.85010237,emopay.co.in
apwg_sample_4190/2023-02/2023-02-02/2023-02-02-87976.png,Wildberries,,0,tagBox1,0.7794175,egoistshred.ru.com
apwg_sample_4190/2022-02/2022-02-12/2022-02-12-38954.png,Facebook,Facebook,1,tagBox1,0.9327208,kenalyahn.000webhostapp.com
apwg_sample_4190/2021-11/2021-11-16/2021-11-16-82323.png,Microsoft Bing,Microsoft,1,tagBox1,0.8627707,62-151-181-137.cprapid.com
apwg_sample_4190/2021-11/2021-11-18/2021-11-18-88111.png,PayPal,,0,tagBox0,0,account-update-information.mcgrafixdata.com
apwg_sample_4190/2021-11/2021-11-19/2021-11-19-174015.png,Itau,Itau Unibanco S.A,1,tagBox1,0.8553693,ludigitalparatodos.com
apwg_sample_4190/2022-04/2022-04-30/2022-04-30-444655.png,Amazon,Amazon,1,tagBox1,0.9534184,www.customer-services.center
apwg_sample_4190/2022-04/2022-04-18/2022-04-18-433283.png,Wells Fargo Bank,,0,tagBox1,0.7969334,wetechs.ca
apwg_sample_4190/2021-11/2021-11-03/2021-11-03-86964.png,Microsoft Bing,,0,tagBox1,0.713266,financiera-institution.dynalias.net
apwg_sample_4190/2022-02/2022-02-02/2022-02-02-242.png,DHL,DHL Airways,1,tagBox1,0.96841884,universalhaircare.com
apwg_sample_4190/2023-02/2023-02-21/2023-02-21-9315.png,Coinbase,,0,tagBox1,0.7509253,santriallipcase6880492895.icebergbuilder.com
apwg_sample_4190/2021-11/2021-11-03/2021-11-03-86713.png,Wells Fargo Bank,,0,tagBox1,0.7969334,junooceanone.com
apwg_sample_4190/2022-07/2022-07-27/2022-07-27-103391.png,Facebook,Facebook,1,tagBox1,0.8701976,copyright-helpcenter615130738.web.app
apwg_sample_4190/2022-08/2022-08-18/2022-08-18-393510.png,Wells Fargo Bank,,0,tagBox1,0.7969334,jinglegems.com
apwg_sample_4190/2021-11/2021-11-19/2021-11-19-168693.png,Microsoft Bing,,0,tagBox1,0.63653356,winnsituation.de
apwg_sample_4190/2021-11/2021-11-18/2021-11-18-88237.png,Microsoft Bing,,0,tagBox1,0.63653356,moncompte-bp.ddns.net
apwg_sample_4190/2021-11/2021-11-12/2021-11-12-137793.png,Citibank,,0,tagBox0,0,209.141.41.8
apwg_sample_4190/2021-12/2021-12-17/2021-12-17-89547.png,Sumitomo Mitsui Banking Corporation,SMBC,1,tagBox1,0.94987464,www.c.csecoed.com
apwg_sample_4190/2021-11/2021-11-19/2021-11-19-174833.png,MetaMask,,0,tagBox1,0.7986026,t.co
apwg_sample_4190/2022-08/2022-08-18/2022-08-18-396274.png,Santander Bank,Grupo Santander,1,tagBox1,0.9380722,tander-user9304.com
apwg_sample_4190/2022-03/2022-03-28/2022-03-28-65813.png,Roundcube,,0,tagBox1,0.6965121,webmail.serverwebmaila.repl.co
apwg_sample_4190/2022-02/2022-02-14/2022-02-14-36564.png,Netflix,,0,tagBox1,0.7419314,computationalcenter.com.ar
apwg_sample_4190/2021-11/2021-11-20/2021-11-20-92389.png,Microsoft Bing,Microsoft,1,tagBox1,0.84684896,mail.35-159-16-154.cprapid.com
apwg_sample_4190/2021-11/2021-11-19/2021-11-19-169235.png,Apple,Apple,1,tagBox1,0.89347494,3-144-98-173.cprapid.com
apwg_sample_4190/2021-11/2021-11-21/2021-11-21-96018.png,Apple,Apple,1,tagBox1,0.89347494,3-144-98-173.cprapid.com
apwg_sample_4190/2021-11/2021-11-21/2021-11-21-97339.png,Microsoft Bing,Microsoft,1,tagBox1,0.84684896,www.35-159-16-154.cprapid.com
apwg_sample_4190/2021-11/2021-11-19/2021-11-19-168861.png,Microsoft Bing,,0,tagBox1,0.7722815,intesasanpaolo.it-persone.allabouthernia.com
apwg_sample_4190/2021-11/2021-11-20/2021-11-20-93703.png,Microsoft Bing,Microsoft,1,tagBox1,0.84684896,mail.35-159-16-154.cprapid.com
apwg_sample_4190/2021-11/2021-11-19/2021-11-19-171271.png,YouTube,youtube,1,tagBox1,0.91269267,soporte-bancodechile.cl.beachhavenpa.com
apwg_sample_4190/2021-11/2021-11-20/2021-11-20-92954.png,YouTube,youtube,1,tagBox1,0.9222719,soporte-bancodechile.cl.beachhavenpa.com
apwg_sample_4190/2021-11/2021-11-20/2021-11-20-94116.png,YouTube,youtube,1,tagBox1,0.9222719,soporte-bancodechile.cl.beachhavenpa.com
apwg_sample_4190/2022-08/2022-08-26/2022-08-26-176324.png,CaixaBank,CaixaBank,1,tagBox1,0.8920911,taucha-ba1253.ingress-baronn.ewp.live
apwg_sample_4190/2021-11/2021-11-21/2021-11-21-97486.png,Microsoft Bing,,0,tagBox1,0.71176434,winsituatie.hopto.org
apwg_sample_4190/2021-11/2021-11-21/2021-11-21-95652.png,Microsoft Bing,,0,tagBox1,0.71176434,mail.35-159-16-154.cprapid.com
apwg_sample_4190/2021-11/2021-11-21/2021-11-21-97075.png,Microsoft Bing,,0,tagBox1,0.71176434,mail.35-159-16-154.cprapid.com
apwg_sample_4190/2021-11/2021-11-21/2021-11-21-96480.png,Microsoft Bing,,0,tagBox0,0,winsituatie.hopto.org
apwg_sample_4190/2022-01/2022-01-17/2022-01-17-8808.png,Instagram,,0,tagBox0,0,iacceptedgiveaway.000webhostapp.com
apwg_sample_4190/2023-06/2023-06-19/2023-06-19-147305.png,Wells Fargo Bank,,0,tagBox1,0.48499113,www.wellsfargo.oursecuredweb.com
apwg_sample_4190/2021-11/2021-11-22/2021-11-22-162479.png,PayPal,PayPal,1,tagBox1,0.8929852,parcheggio-aeroporto-catania.it
apwg_sample_4190/2022-09/2022-09-21/2022-09-21-138961.png,Wells Fargo Bank,,0,tagBox1,0.80963486,wells-private6-bad7df.ingress-daribow.ewp.live
apwg_sample_4190/2021-11/2021-11-10/2021-11-10-100564.png,Royal Bank of Canada,RBC Royal Bank,1,tagBox1,0.9158261,179.43.140.147
apwg_sample_4190/2021-11/2021-11-12/2021-11-12-139676.png,Netflix,Netflix,1,tagBox1,0.84889483,kwarransragen.sragen.pramukajateng.or.id
apwg_sample_4190/2021-11/2021-11-10/2021-11-10-103819.png,BSPB,Discover,1,tagBox1,0.8381451,nissan.tns-global.ru
apwg_sample_4190/2023-01/2023-01-16/2023-01-16-183627.png,Wells Fargo Bank,,0,tagBox1,0.48499113,upgradebksecure.ga
apwg_sample_4190/2021-11/2021-11-10/2021-11-10-98846.png,Microsoft,Microsoft,1,tagBox1,0.9124788,dwcm9.codesandbox.io
apwg_sample_4190/2022-08/2022-08-08/2022-08-08-475199.png,TD Bank,TD Bank Group,1,tagBox1,0.86404455,mail.corpbancafinance.com
apwg_sample_4190/2021-11/2021-11-10/2021-11-10-102474.png,Financial Services Accountants Association,,0,tagBox0,0,fsaa.com.au
apwg_sample_4190/2022-04/2022-04-20/2022-04-20-73029.png,reCAPTCHA,,0,tagBox1,0.72627187,impmex.com
apwg_sample_4190/2022-01/2022-01-25/2022-01-25-21474.png,Microsoft,zoominfo,1,tagBox1,0.84552956,www.principalsignings.com
apwg_sample_4190/2022-08/2022-08-25/2022-08-25-259596.png,RuneScape,RuneScape,1,tagBox1,0.9007179,secure-rrunescape.com
apwg_sample_4190/2021-11/2021-11-01/2021-11-01-110818.png,PayPal,PayPal,1,tagBox1,0.8956331,authenticgrass.co.za
apwg_sample_4190/2023-04/2023-04-11/2023-04-11-948.png,Microsoft,Microsoft,1,tagBox1,0.859505,www.se-aqua.com
apwg_sample_4190/2022-06/2022-06-03/2022-06-03-464782.png,Facebook,,0,tagBox0,0,bussines-page-appeal-205223.web.app
apwg_sample_4190/2021-11/2021-11-25/2021-11-25-107039.png,Microsoft Bing,Microsoft,1,tagBox1,0.87056166,areautente-assistenzaintesa-loginapp-servizioclienti.ns01.info
apwg_sample_4190/2021-11/2021-11-25/2021-11-25-107948.png,Microsoft Bing,Microsoft,1,tagBox1,0.84379685,intesabancasecureloginapp.edns.biz
apwg_sample_4190/2021-11/2021-11-25/2021-11-25-109926.png,Citibank,,0,tagBox0,0,klgwebdesign.com
apwg_sample_4190/2022-04/2022-04-03/2022-04-03-188257.png,Facebook,Facebook,1,tagBox1,0.93049645,100020003000567456595575877455844775929.tk
apwg_sample_4190/2022-04/2022-04-25/2022-04-25-318433.png,Wildberries,,0,tagBox1,0.7794175,mnkc7ig.cn
apwg_sample_4190/2021-11/2021-11-01/2021-11-01-110504.png,Google Drive,,0,tagBox1,0.68470716,bpministries.com
apwg_sample_4190/2022-02/2022-02-12/2022-02-12-38810.png,Facebook,Facebook,1,tagBox1,0.86884606,smacking-hoof.000webhostapp.com
apwg_sample_4190/2021-11/2021-11-11/2021-11-11-177403.png,Microsoft Bing,,0,tagBox1,0.7109134,securo-onlinepro.com
apwg_sample_4190/2021-11/2021-11-12/2021-11-12-140562.png,Apple,Apple,1,tagBox1,0.859939,masterdilettante.com
apwg_sample_4190/2021-11/2021-11-12/2021-11-12-138270.png,WeTransfer,,0,tagBox1,0.69797146,letmebeme.ml
apwg_sample_4190/2021-11/2021-11-12/2021-11-12-137993.png,Microsoft Bing,,0,tagBox1,0.63387966,62-151-181-137.cprapid.com
apwg_sample_4190/2022-10/2022-10-14/2022-10-14-164132.png,Bank of America,Bank of America,1,tagBox1,0.9305016,alcazar.com.pk
apwg_sample_4190/2023-01/2023-01-29/2023-01-29-152941.png,Facebook,Facebook,1,tagBox1,0.8540509,rohitasav-bisht.github.io
apwg_sample_4190/2022-11/2022-11-01/2022-11-01-188653.png,Wells Fargo Bank,,0,tagBox1,0.77968353,fun-house.info
apwg_sample_4190/2021-11/2021-11-12/2021-11-12-139523.png,Facebook,Facebook,1,tagBox1,0.91747594,pages.findmyhome.at
apwg_sample_4190/2022-03/2022-03-08/2022-03-08-74659.png,Swisscom AG,,0,tagBox1,0.7458433,ssss.serveblog.net
apwg_sample_4190/2022-02/2022-02-10/2022-02-10-29742.png,Microsoft,Microsoft,1,tagBox1,0.9276904,neverbroke.life
apwg_sample_4190/2022-07/2022-07-30/2022-07-30-106857.png,Facebook,Facebook,1,tagBox1,0.88143337,support-helpcenter165287139.web.app
apwg_sample_4190/2021-11/2021-11-11/2021-11-11-178748.png,Royal Bank of Canada,RBC Royal Bank,1,tagBox1,0.9158261,179.43.140.147
apwg_sample_4190/2021-11/2021-11-08/2021-11-08-143796.png,Namecheap,,0,tagBox1,0.7127822,seanquincytv.com
apwg_sample_4190/2023-04/2023-04-07/2023-04-07-50638.png,Facebook,Facebook,1,tagBox1,0.8845632,noticiaabril.online
apwg_sample_4190/2021-11/2021-11-09/2021-11-09-160870.png,Facebook,Facebook,1,tagBox1,0.91920966,lashbosses.com
apwg_sample_4190/2022-10/2022-10-14/2022-10-14-164870.png,Huntington Bank,Huntington Bank,1,tagBox1,0.8949451,soltecom.com.mx
apwg_sample_4190/2023-06/2023-06-19/2023-06-19-147616.png,Facebook,Facebook,1,tagBox1,0.83927405,mohammadxxali.github.io
apwg_sample_4190/2022-03/2022-03-28/2022-03-28-70381.png,Amazon,Amazon,1,tagBox1,0.9394458,szkoly.czytajpl.pl
apwg_sample_4190/2023-01/2023-01-27/2023-01-27-282411.png,GoDaddy Inc.,adidas,1,tagBox1,0.8706105,portal.alri.tj
apwg_sample_4190/2022-12/2022-12-12/2022-12-12-227881.png,Microsoft,Microsoft,1,tagBox1,0.94064116,smvloas1112.node.cloudlets.zone
apwg_sample_4190/2023-06/2023-06-08/2023-06-08-173191.png,Microsoft,Microsoft,1,tagBox1,0.90440595,bafybeicvieqsynv6mq5oufy66thbcrggtwyyagt63slypdfq2pdgxrnctm.ipfs.dweb.link
apwg_sample_4190/2022-09/2022-09-15/2022-09-15-62225.png,Facebook,Facebook,1,tagBox1,0.84504867,faizannafees.github.io
apwg_sample_4190/2022-07/2022-07-06/2022-07-06-22241.png,Bank of America,Bank of America,1,tagBox1,0.9305016,arslanbasaksh.com
apwg_sample_4190/2023-02/2023-02-20/2023-02-20-9716.png,Microsoft,,0,tagBox1,0.7003894,www.eservicebits.com
apwg_sample_4190/2022-07/2022-07-28/2022-07-28-6387.png,Chase Bank,Chase Personal Banking,1,tagBox1,0.8939779,law-aspekt.ru
apwg_sample_4190/2023-06/2023-06-30/2023-06-30-169732.png,Microsoft,,0,tagBox0,0,onlineservicetec.com
apwg_sample_4190/2021-11/2021-11-13/2021-11-13-150305.png,Microsoft Bing,,0,tagBox1,0.71472317,paysecu-online.com
apwg_sample_4190/2021-11/2021-11-13/2021-11-13-150421.png,Royal Bank of Canada,RBC Royal Bank,1,tagBox1,0.9158261,179.43.140.147
apwg_sample_4190/2021-11/2021-11-13/2021-11-13-149338.png,Microsoft Bing,,0,tagBox1,0.71472317,54-244-13-179.cprapid.com
apwg_sample_4190/2022-02/2022-02-18/2022-02-18-23130.png,Facebook,,0,tagBox1,0.6102578,cutt.ly
apwg_sample_4190/2023-01/2023-01-26/2023-01-26-3445.png,OneDrive,Microsoft,1,tagBox1,0.8848268,iem.pe
apwg_sample_4190/2022-04/2022-04-26/2022-04-26-258271.png,Wildberries,,0,tagBox1,0.7794175,zp5noz.cn
apwg_sample_4190/2021-11/2021-11-15/2021-11-15-182029.png,Microsoft Bing,Microsoft,1,tagBox1,0.84157336,lintesa-sanpaolo-areaclienti.shaktilink.com
apwg_sample_4190/2022-04/2022-04-19/2022-04-19-217387.png,DHL,DHL Airways,1,tagBox1,0.95461035,hutbazarbd.shop
apwg_sample_4190/2021-11/2021-11-14/2021-11-14-153373.png,Microsoft Bing,Microsoft,1,tagBox1,0.84157336,62-151-181-137.cprapid.com
apwg_sample_4190/2022-11/2022-11-10/2022-11-10-169633.png,Deutsche Kreditbank AG,dkb,1,tagBox1,0.98793626,port-3000-php-purple-dkb-bousim060104269.codeanyapp.com
apwg_sample_4190/2021-11/2021-11-09/2021-11-09-161041.png,Google,Google,1,tagBox1,0.9576454,internalportal.net
apwg_sample_4190/2021-11/2021-11-09/2021-11-09-156013.png,Microsoft Bing,Microsoft,1,tagBox1,0.84348524,winbank.support53.com
apwg_sample_4190/2021-11/2021-11-09/2021-11-09-155183.png,Royal Bank of Canada,RBC Royal Bank,1,tagBox1,0.9158261,179.43.140.147
apwg_sample_4190/2022-09/2022-09-13/2022-09-13-86340.png,Namecheap,,0,tagBox1,0.71607536,shumookhoman.com
apwg_sample_4190/2022-10/2022-10-05/2022-10-05-966366.png,Microsoft,Microsoft,1,tagBox1,0.92922425,storageapi.fleek.co
apwg_sample_4190/2022-10/2022-10-18/2022-10-18-1279533.png,Magazine Luiza,Magalu,1,tagBox1,0.9046379,megatramontinadeofertas.com
apwg_sample_4190/2023-04/2023-04-03/2023-04-03-80504.png,Microsoft,Microsoft,1,tagBox1,0.92076725,autodiscover.conva.info
apwg_sample_4190/2023-03/2023-03-09/2023-03-09-845.png,Facebook,Facebook,1,tagBox1,0.87132293,p.nowcache.com
apwg_sample_4190/2022-03/2022-03-07/2022-03-07-56023.png,Facebook,Facebook,1,tagBox1,0.91747594,twojefoty.azureedge.net
apwg_sample_4190/2022-04/2022-04-01/2022-04-01-75975.png,Facebook,Facebook,1,tagBox1,0.928055,linkhrubokepmontok2022.duckdns.org
apwg_sample_4190/2021-11/2021-11-22/2021-11-22-165243.png,Microsoft Bing,,0,tagBox1,0.6759552,areaprivada-061bbva-personale.duckdns.org
apwg_sample_4190/2021-11/2021-11-22/2021-11-22-165811.png,Microsoft Bing,,0,tagBox1,0.6759552,mail.35-159-16-154.cprapid.com
apwg_sample_4190/2022-04/2022-04-14/2022-04-14-345832.png,DHL,DHL Airways,1,tagBox1,0.95940965,hutbazarbd.shop
apwg_sample_4190/2022-02/2022-02-14/2022-02-14-36961.png,Facebook,Facebook,1,tagBox1,0.8591455,publicacion3335941947.000webhostapp.com
apwg_sample_4190/2022-07/2022-07-18/2022-07-18-15252.png,Webmail,,0,tagBox1,0.67426926,healthcare1st.co.uk
apwg_sample_4190/2022-04/2022-04-20/2022-04-20-75305.png,Credit Agricole,Credit Agricole S.A,1,tagBox1,0.924688,strange-chandrasekhar.107-172-156-131.plesk.page
apwg_sample_4190/2022-09/2022-09-20/2022-09-20-55484.png,DHL,DHL Airways,1,tagBox1,0.9628286,mail.billing-updatepaymentjapan.com
apwg_sample_4190/2023-02/2023-02-18/2023-02-18-48803.png,E-Mail Provider,,0,tagBox0,0,quintessential-beryl-brownie.glitch.me
apwg_sample_4190/2021-11/2021-11-11/2021-11-11-178122.png,Wells Fargo Bank,,0,tagBox1,0.78571266,sansom.us
apwg_sample_4190/2022-12/2022-12-14/2022-12-14-36098.png,Santander Bank,Grupo Santander,1,tagBox1,0.9087158,owa.secoptdata.com
apwg_sample_4190/2022-04/2022-04-18/2022-04-18-418056.png,Wells Fargo Bank,,0,tagBox1,0.7969334,mentorplus.ca
apwg_sample_4190/2022-04/2022-04-22/2022-04-22-585582.png,Microsoft,Microsoft,1,tagBox1,0.8500136,opinionfbfb16.azurewebsites.net
apwg_sample_4190/2022-06/2022-06-22/2022-06-22-146632.png,Microsoft,,0,tagBox1,0.6272919,qpwpwkved626.ml
apwg_sample_4190/2023-02/2023-02-17/2023-02-17-44037.png,Facebook,Facebook,1,tagBox1,0.8701976,eyadahmed3000.github.io
apwg_sample_4190/2022-06/2022-06-15/2022-06-15-291022.png,Microsoft,,0,tagBox1,0.6272919,floatingcodenet935.ml
apwg_sample_4190/2022-09/2022-09-01/2022-09-01-204550.png,Citizens Bank,M & T Bank Coporation,1,tagBox1,0.8382139,ci1tnz0.com
apwg_sample_4190/2021-11/2021-11-15/2021-11-15-183432.png,Microsoft,,0,tagBox1,0.6272919,224query.ml
apwg_sample_4190/2021-11/2021-11-15/2021-11-15-183454.png,Zimbra,,0,tagBox1,0.8104931,picsurely.com
apwg_sample_4190/2022-05/2022-05-01/2022-05-01-65026.png,Microsoft,,0,tagBox1,0.6272919,instantivecodenet393.ml
apwg_sample_4190/2022-09/2022-09-15/2022-09-15-62051.png,Microsoft,,0,tagBox1,0.6272919,leoqpweiqabch245.ml
apwg_sample_4190/2023-06/2023-06-13/2023-06-13-10552.png,AT&T,AT&T,1,tagBox1,0.92627484,mkmejrfhyg.weebly.com
apwg_sample_4190/2022-09/2022-09-06/2022-09-06-220136.png,Chase Bank,,0,tagBox1,0.6934801,yeshivamh.org
apwg_sample_4190/2021-11/2021-11-15/2021-11-15-185981.png,Facebook,Facebook,1,tagBox1,0.8709886,m.fb-page.jennybuck.com
apwg_sample_4190/2023-02/2023-02-17/2023-02-17-44787.png,Microsoft,,0,tagBox1,0.77096176,ex10.biz
apwg_sample_4190/2022-04/2022-04-12/2022-04-12-163016.png,Microsoft,,0,tagBox1,0.6272919,aowqepoqaj484.ml
apwg_sample_4190/2022-07/2022-07-28/2022-07-28-8053.png,Microsoft,,0,tagBox1,0.6272919,iterationfiletech835.ga
apwg_sample_4190/2021-11/2021-11-15/2021-11-15-187802.png,Microsoft,,0,tagBox1,0.6272919,422quadric.ga
apwg_sample_4190/2022-01/2022-01-25/2022-01-25-19917.png,Brooks Running,,0,tagBox0,0,www.brooksport.store
apwg_sample_4190/2022-02/2022-02-23/2022-02-23-6373.png,Namecheap,,0,tagBox1,0.7445226,ww9.new-three-verify.com
apwg_sample_4190/2022-04/2022-04-01/2022-04-01-77289.png,GoDaddy,,0,tagBox1,0.89904773,www.secure-4u.com
apwg_sample_4190/2022-01/2022-01-29/2022-01-29-29954.png,Provider,,0,tagBox0,0,inx.lv
apwg_sample_4190/2022-01/2022-01-18/2022-01-18-39290.png,Namecheap,,0,tagBox0,0,ww16.verfappsrew.irs-onlinesolutions.com
apwg_sample_4190/2022-10/2022-10-07/2022-10-07-247609.png,BNP Paribas,BNP Paribas,1,tagBox1,0.95916,monespace-bnp.fr
apwg_sample_4190/2021-12/2021-12-28/2021-12-28-1120.png,AT&T,AT&T,1,tagBox1,0.9673848,gassl10-vpn-att.com
apwg_sample_4190/2022-11/2022-11-17/2022-11-17-18915.png,eBay,eBay,1,tagBox1,0.971931,ocsnext-purchase-recently.contact
apwg_sample_4190/2023-04/2023-04-11/2023-04-11-1084.png,MetaMask,,0,tagBox1,0.7986026,espaciologistico.com.ar
apwg_sample_4190/2022-04/2022-04-28/2022-04-28-146156.png,Microsoft,Microsoft,1,tagBox1,0.9249051,troyadigital.com
apwg_sample_4190/2022-02/2022-02-03/2022-02-03-33889.png,DHL,DHL Airways,1,tagBox1,0.9636265,thehappihippi.com
apwg_sample_4190/2021-12/2021-12-15/2021-12-15-6117.png,Microsoft,Microsoft,1,tagBox1,0.9289708,raulsshack.com
apwg_sample_4190/2021-12/2021-12-17/2021-12-17-88819.png,DHL,,0,tagBox1,0.7423432,delivery.hk-tracking.com
apwg_sample_4190/2022-08/2022-08-16/2022-08-16-397142.png,PayPal,PayPal,1,tagBox1,0.9002099,vivibosslink.com
apwg_sample_4190/2021-12/2021-12-14/2021-12-14-3699.png,Chronopost International,Chronopost International,1,tagBox1,0.98195505,footprintrental.com
apwg_sample_4190/2021-12/2021-12-20/2021-12-20-35380.png,M&T Bank Corporation,M & T Bank Coporation,1,tagBox1,0.9738099,mtbnk0099flikks.dd-dns.de
apwg_sample_4190/2021-12/2021-12-17/2021-12-17-88626.png,Namecheap,,0,tagBox1,0.74138755,pakingpayments.com
apwg_sample_4190/2022-05/2022-05-26/2022-05-26-86742.png,Microsoft,Microsoft,1,tagBox1,0.93160164,sgp1.digitaloceanspaces.com
apwg_sample_4190/2022-03/2022-03-30/2022-03-30-15192.png,DHL,DHL Airways,1,tagBox1,0.94653296,27705e21f59431254.temporary.link
apwg_sample_4190/2022-08/2022-08-27/2022-08-27-239998.png,Facebook,,0,tagBox0,0,yayra-khoja-blog.blogspot.dk
apwg_sample_4190/2022-05/2022-05-05/2022-05-05-48198.png,Microsoft,Microsoft,1,tagBox1,0.919732,citrix.baltimorecontractors.workers.dev
apwg_sample_4190/2023-06/2023-06-23/2023-06-23-102442.png,Microsoft,Adobe,1,tagBox1,0.8539615,pub-7bfc09f6af9a4b5e854203a9842f0206.r2.dev
apwg_sample_4190/2022-10/2022-10-05/2022-10-05-1005655.png,Microsoft,,0,tagBox1,0.6272919,omaalcnvhr032.ga
apwg_sample_4190/2021-12/2021-12-18/2021-12-18-33849.png,Chase Bank,,0,tagBox1,0.43490943,aparentvoice.ca
apwg_sample_4190/2022-01/2022-01-18/2022-01-18-39186.png,Namecheap,,0,tagBox1,0.68873835,open24secureroibankingservice.com
apwg_sample_4190/2022-09/2022-09-01/2022-09-01-203069.png,Wells Fargo Bank,Wells Fargo & Company,1,tagBox1,0.918586,pedeinfancia123.com.br
apwg_sample_4190/2022-01/2022-01-06/2022-01-06-36275.png,Facebook,Facebook,1,tagBox1,0.9364815,ff-memberrshiip-garena.com
apwg_sample_4190/2022-06/2022-06-24/2022-06-24-172295.png,Chase Bank,,0,tagBox1,0.8033469,secure01secure-web.ddns.net
apwg_sample_4190/2023-04/2023-04-25/2023-04-25-37060.png,Spotify,Spotify,1,tagBox1,0.95205814,www.lilots.com
apwg_sample_4190/2022-03/2022-03-30/2022-03-30-18084.png,Cox,Cox Communications,1,tagBox1,0.93023014,coxweebsitte.weebly.com
apwg_sample_4190/2023-06/2023-06-08/2023-06-08-173620.png,Bank of America,Bank of America,1,tagBox1,0.974079,www.bml.co.mw
apwg_sample_4190/2022-09/2022-09-09/2022-09-09-127286.png,Wells Fargo Bank,,0,tagBox1,0.6600592,pinu4564ps4t.ru
apwg_sample_4190/2021-12/2021-12-22/2021-12-22-33585.png,Wells Fargo Bank,,0,tagBox1,0.6600592,iluminacion.online
apwg_sample_4190/2022-09/2022-09-12/2022-09-12-241684.png,Microsoft,,0,tagBox1,0.8339774,lionfish-app-ddipl.ondigitalocean.app
apwg_sample_4190/2023-01/2023-01-13/2023-01-13-80227.png,E-Mail Provider,,0,tagBox0,0,www.sgitt-sarl.com
apwg_sample_4190/2022-06/2022-06-22/2022-06-22-158744.png,Credit Agricole,MBNA Corportation,1,tagBox1,0.85730296,sso.dev-app.web.id
apwg_sample_4190/2022-01/2022-01-12/2022-01-12-24111.png,Wells Fargo Bank,Wells Fargo & Company,1,tagBox1,0.91962016,mayurtekssaroj.in
apwg_sample_4190/2022-05/2022-05-18/2022-05-18-216884.png,Instagram,Instagram,1,tagBox1,0.85624444,mail.testimprovement.best23.duckdns.org
apwg_sample_4190/2022-10/2022-10-11/2022-10-11-329422.png,CaixaBank,,0,tagBox1,0.6200625,olk-bc5a65.ingress-comporellon.ewp.live
apwg_sample_4190/2022-02/2022-02-02/2022-02-02-1071.png,Banca Sella,Banca Sella,1,tagBox1,0.8678651,sova.hr
apwg_sample_4190/2023-01/2023-01-17/2023-01-17-238420.png,Bank of America,Bank of America,1,tagBox1,0.9487525,kariiizma.ir
apwg_sample_4190/2022-10/2022-10-05/2022-10-05-960063.png,Microsoft,shoptet,1,tagBox1,0.84855396,contractorsirrigation.online
apwg_sample_4190/2022-09/2022-09-07/2022-09-07-201248.png,Microsoft,Microsoft,1,tagBox1,0.9253069,dp3ap2kb.tabalongkab.go.id
apwg_sample_4190/2021-12/2021-12-21/2021-12-21-63551.png,Capital One,Capital One Financial Corporation,1,tagBox1,0.93097156,fdcp1.help.gsemm.com
apwg_sample_4190/2022-04/2022-04-14/2022-04-14-333160.png,Microsoft 365,Microsoft,1,tagBox1,0.88690627,datagivers.com
apwg_sample_4190/2022-09/2022-09-15/2022-09-15-72749.png,Microsoft,,0,tagBox1,0.6272919,aeoqwpoeiqwal425.ga
apwg_sample_4190/2022-06/2022-06-06/2022-06-06-596282.png,Facebook,Facebook,1,tagBox1,0.8656999,128.199.18.151
apwg_sample_4190/2023-01/2023-01-30/2023-01-30-90307.png,Wells Fargo Bank,,0,tagBox1,0.6936915,bgitopazdowntown.ddireal.vn
apwg_sample_4190/2022-01/2022-01-12/2022-01-12-23941.png,Microsoft,Microsoft,1,tagBox1,0.93160164,vqf5qykceb.7560.llaveria.cl
apwg_sample_4190/2022-09/2022-09-26/2022-09-26-112205.png,DHL,DHL Airways,1,tagBox1,0.96489143,wtfa-aa.com
apwg_sample_4190/2023-01/2023-01-05/2023-01-05-113057.png,Plala,,0,tagBox0,0,bighouse.cl
apwg_sample_4190/2022-03/2022-03-31/2022-03-31-45028.png,AT&T,AT&T,1,tagBox1,0.98191905,attcustomerralertservice2022.weebly.com
apwg_sample_4190/2022-12/2022-12-26/2022-12-26-209578.png,DHL,DHL Airways,1,tagBox1,0.96672213,myvlubrirepuestos.com
apwg_sample_4190/2022-04/2022-04-03/2022-04-03-188241.png,Telstra,Telstra Corporation Limited,1,tagBox1,0.87654483,onlinenoo.wpengine.com
apwg_sample_4190/2023-04/2023-04-07/2023-04-07-50486.png,Microsoft,Microsoft,1,tagBox1,0.9120157,firebasestorage.googleapis.com
apwg_sample_4190/2022-03/2022-03-01/2022-03-01-78776.png,Internal Revenue Service,IRS,1,tagBox1,0.92109674,arrowprint.in
apwg_sample_4190/2022-05/2022-05-04/2022-05-04-40155.png,Banco Falabella,,0,tagBox1,0.7047978,cmr-autoatencion-clientes.web.app
apwg_sample_4190/2022-02/2022-02-09/2022-02-09-21739.png,Brooks Running,,0,tagBox1,0.68008536,www.prueflowbrooks.top
apwg_sample_4190/2023-02/2023-02-23/2023-02-23-100337.png,Namecheap,,0,tagBox1,0.74680185,payment-processing-40963.com
apwg_sample_4190/2022-07/2022-07-17/2022-07-17-100468.png,BT Group,BT Group plc,1,tagBox1,0.8679163,buievfetd.weebly.com
apwg_sample_4190/2022-08/2022-08-17/2022-08-17-49564.png,Instagram,Instagram,1,tagBox1,0.86738324,apex-university.netlify.app
apwg_sample_4190/2022-09/2022-09-13/2022-09-13-85926.png,"Okta, Inc.",knab,1,tagBox1,0.84745437,auth.mikei.cloud
apwg_sample_4190/2022-09/2022-09-05/2022-09-05-153691.png,Facebook,Facebook,1,tagBox1,0.9147949,explor.co.vu
apwg_sample_4190/2022-08/2022-08-16/2022-08-16-401102.png,Barclays Bank,Barclays Bank Plc,1,tagBox1,0.8352862,online.cancellation70.com
apwg_sample_4190/2022-04/2022-04-14/2022-04-14-338774.png,Microsoft,,0,tagBox1,0.6272919,thatarrsomemultisybersecure.ml
apwg_sample_4190/2022-08/2022-08-29/2022-08-29-46984.png,Wells Fargo Bank,,0,tagBox1,0.6600592,pinu4564ps4t.ru
apwg_sample_4190/2022-02/2022-02-21/2022-02-21-19725.png,Brooks Running,PayPal,1,tagBox1,0.87037593,www.brooksales.club
apwg_sample_4190/2022-09/2022-09-28/2022-09-28-122488.png,Microsoft,,0,tagBox1,0.6272919,peowqewqplala492.ga
apwg_sample_4190/2022-04/2022-04-11/2022-04-11-376995.png,Microsoft,,0,tagBox1,0.6272919,boperoiweak448.ga
apwg_sample_4190/2022-05/2022-05-18/2022-05-18-217788.png,Chase Bank,,0,tagBox1,0.71347106,secure06.ygbuekmamuakantubul.com
apwg_sample_4190/2022-01/2022-01-19/2022-01-19-32573.png,Messenger,,0,tagBox0,0,dfgfg5h5fg5.blogspot.bg
apwg_sample_4190/2022-05/2022-05-04/2022-05-04-43873.png,Amazon,Amazon,1,tagBox1,0.9526491,floweres.tk
apwg_sample_4190/2022-01/2022-01-25/2022-01-25-21148.png,Messenger,,0,tagBox0,0,fghgh65.blogspot.qa
apwg_sample_4190/2022-01/2022-01-20/2022-01-20-89.png,Microsoft,,0,tagBox0,0,www.4datasolution.com
apwg_sample_4190/2022-02/2022-02-05/2022-02-05-10054.png,LinkedIn,,0,tagBox1,0.6938459,www.linkedin.com
apwg_sample_4190/2022-01/2022-01-17/2022-01-17-8914.png,Facebook,Facebook,1,tagBox1,0.8508687,lanxonc-dannu76.000webhostapp.com
apwg_sample_4190/2022-06/2022-06-23/2022-06-23-51138.png,Facebook,Facebook,1,tagBox1,0.84869176,facebook-issues185.tk
apwg_sample_4190/2022-05/2022-05-13/2022-05-13-52147.png,Chase Bank,,0,tagBox1,0.76557255,www.libbyblair.com
apwg_sample_4190/2022-06/2022-06-01/2022-06-01-282859.png,Microsoft,Microsoft,1,tagBox1,0.9458089,saidlist.com
apwg_sample_4190/2022-03/2022-03-09/2022-03-09-89077.png,Brooks Running,,0,tagBox1,0.8208076,www.bkoutletus.store
apwg_sample_4190/2022-08/2022-08-06/2022-08-06-466283.png,Instagram,,0,tagBox1,0.822463,cutt.ly
apwg_sample_4190/2023-01/2023-01-14/2023-01-14-121782.png,reCAPTCHA,,0,tagBox1,0.7890732,bhavydava.com
apwg_sample_4190/2022-01/2022-01-21/2022-01-21-35516.png,Microsoft,Microsoft,1,tagBox1,0.92922425,1dmgx.reddevilsncr.com
apwg_sample_4190/2022-01/2022-01-20/2022-01-20-905.png,Facebook,Facebook,1,tagBox1,0.94156194,hy6.easy.co
apwg_sample_4190/2022-01/2022-01-13/2022-01-13-7197.png,Microsoft,,0,tagBox1,0.590204,roblox.com.ht
apwg_sample_4190/2022-05/2022-05-03/2022-05-03-14871.png,PayPal,PayPal,1,tagBox1,0.91974497,www.myaccount.verification.icashnaija.com.ng
apwg_sample_4190/2022-01/2022-01-21/2022-01-21-34286.png,Chronopost International,Chronopost International,1,tagBox1,0.98195505,chronopostaws.com
apwg_sample_4190/2023-05/2023-05-23/2023-05-23-30025.png,Microsoft,Microsoft,1,tagBox1,0.9228579,cf-ipfs.com
apwg_sample_4190/2022-02/2022-02-06/2022-02-06-38210.png,Facebook,Facebook,1,tagBox1,0.8508687,cutt.ly
apwg_sample_4190/2022-09/2022-09-10/2022-09-10-147343.png,Namecheap,,0,tagBox1,0.7314234,vcslmht.com
apwg_sample_4190/2022-07/2022-07-08/2022-07-08-122768.png,Facebook,Facebook,1,tagBox1,0.8508687,dsdaihihsifaif.000webhostapp.com
apwg_sample_4190/2022-04/2022-04-25/2022-04-25-312293.png,Swiss Post,PostFinance,1,tagBox1,0.97672653,www.reynoldsrealty.com
apwg_sample_4190/2022-06/2022-06-29/2022-06-29-423108.png,Facebook,Match,1,tagBox1,0.8726739,cutt.ly
apwg_sample_4190/2022-09/2022-09-29/2022-09-29-186866.png,Facebook,,0,tagBox1,0.5197933,garena-free-fire-new-2022-11-event-by.blogspot.tw
apwg_sample_4190/2022-03/2022-03-06/2022-03-06-90963.png,Microsoft Bing,,0,tagBox1,0.67426926,signdanzing.com
apwg_sample_4190/2022-03/2022-03-24/2022-03-24-24653.png,Instagram,Instagram,1,tagBox1,0.9016048,igcoprghtforml.com
apwg_sample_4190/2022-07/2022-07-08/2022-07-08-122879.png,Facebook,Facebook,1,tagBox1,0.8413347,hieuchiclo.000webhostapp.com
apwg_sample_4190/2022-01/2022-01-30/2022-01-30-27815.png,Facebook,Facebook,1,tagBox1,0.91141737,scrtypgesrcvry.co.vu
apwg_sample_4190/2022-02/2022-02-03/2022-02-03-33730.png,Facebook,Facebook,1,tagBox1,0.8935689,sexxphotoss95.000webhostapp.com
apwg_sample_4190/2022-02/2022-02-06/2022-02-06-37133.png,Facebook,Facebook,1,tagBox1,0.9508856,100020003000567560982178460254189769.tk
apwg_sample_4190/2022-01/2022-01-27/2022-01-27-11528.png,Facebook,Facebook,1,tagBox1,0.86884606,myfakesite247.000webhostapp.com
apwg_sample_4190/2022-09/2022-09-21/2022-09-21-138755.png,Instagram,Instagram,1,tagBox1,0.9307574,events-login.com
apwg_sample_4190/2022-07/2022-07-28/2022-07-28-6285.png,Wells Fargo Bank,,0,tagBox1,0.7969334,appenzeller-gespraeche.ch
apwg_sample_4190/2022-07/2022-07-01/2022-07-01-36946.png,Instagram,Instagram,1,tagBox1,0.93236107,mandukorean.000webhostapp.com
apwg_sample_4190/2022-06/2022-06-30/2022-06-30-639931.png,ING Group,ING,1,tagBox1,0.9421979,inghome78.web.app
apwg_sample_4190/2022-03/2022-03-04/2022-03-04-31176.png,Instagram,Instagram,1,tagBox1,0.93463427,lnstagramfbguideservice.000webhostapp.com
apwg_sample_4190/2022-02/2022-02-14/2022-02-14-36908.png,Instagram,Instagram,1,tagBox1,0.92217666,piictr-instagram-lmg.duckdns.org
apwg_sample_4190/2022-02/2022-02-09/2022-02-09-20901.png,Instagram,Instagram,1,tagBox1,0.83331597,coronovirussw.000webhostapp.com
apwg_sample_4190/2023-01/2023-01-12/2023-01-12-172655.png,Namecheap,,0,tagBox1,0.68763644,www.process8.click
apwg_sample_4190/2022-03/2022-03-27/2022-03-27-87078.png,Facebook,Facebook,1,tagBox1,0.93049645,1000000000000985698569657.tk
apwg_sample_4190/2022-02/2022-02-02/2022-02-02-818.png,Facebook,Facebook,1,tagBox1,0.9331749,7000000077458569963265427.tk
apwg_sample_4190/2023-06/2023-06-13/2023-06-13-10393.png,Instagram,Instagram,1,tagBox1,0.9153039,indexgoi.blogspot.com.tr
apwg_sample_4190/2022-07/2022-07-31/2022-07-31-68994.png,Facebook,,0,tagBox0,0,peringatan-blokir01.tk
apwg_sample_4190/2022-01/2022-01-10/2022-01-10-5692.png,Chronopost International,Chronopost International,1,tagBox1,0.98195505,chronopostaws.com
apwg_sample_4190/2022-01/2022-01-14/2022-01-14-4321.png,Facebook,,0,tagBox0,0,c0ll0rc0ll0r3.blogspot.com
apwg_sample_4190/2022-02/2022-02-09/2022-02-09-21618.png,Facebook,Facebook,1,tagBox1,0.9331749,200000000005447896532998629.tk
apwg_sample_4190/2022-01/2022-01-03/2022-01-03-6412.png,Brooks Running,PayPal,1,tagBox1,0.87037593,www.brooksair.shop
apwg_sample_4190/2022-02/2022-02-24/2022-02-24-13696.png,Facebook,Facebook,1,tagBox1,0.9182457,oounilagface.000webhostapp.com
apwg_sample_4190/2022-03/2022-03-01/2022-03-01-80014.png,Instagram,,0,tagBox0,0,igsecu.com
apwg_sample_4190/2022-01/2022-01-27/2022-01-27-11981.png,Bank of America,Bank of America,1,tagBox1,0.9778607,signaltoy.com
apwg_sample_4190/2022-06/2022-06-15/2022-06-15-290994.png,Bank of America,Bank of America,1,tagBox1,0.97289956,gtayslaw.xyz
apwg_sample_4190/2022-05/2022-05-20/2022-05-20-81072.png,Mail Center,Bank of Scotland,1,tagBox1,0.835289,shenzhenlawyer.net
apwg_sample_4190/2022-08/2022-08-25/2022-08-25-262905.png,Microsoft,Microsoft,1,tagBox1,0.90888643,solitary-woods.a30u7ihn.workers.dev
apwg_sample_4190/2022-07/2022-07-06/2022-07-06-21000.png,SharePoint,,0,tagBox1,0.7146841,venkit.com
apwg_sample_4190/2022-01/2022-01-10/2022-01-10-4745.png,1inch Network,,0,tagBox1,0.6700948,www.pancakeswap-crept.com
apwg_sample_4190/2022-01/2022-01-21/2022-01-21-35445.png,Microsoft,,0,tagBox1,0.6130697,serviceskmnnbvccxzaswedffgghjjnnbvgffrrtttyhgf.azurewebsites.net
apwg_sample_4190/2022-01/2022-01-12/2022-01-12-24467.png,Chase Bank,,0,tagBox1,0.8077585,www.devonmartlew.com
apwg_sample_4190/2022-01/2022-01-06/2022-01-06-38242.png,Chase Bank,,0,tagBox1,0.6585883,dominiquevaldes.com
apwg_sample_4190/2022-08/2022-08-29/2022-08-29-47301.png,Huntington Bank,Huntington Bank,1,tagBox1,0.92873615,cm.loesgrimonprez.be
apwg_sample_4190/2022-09/2022-09-02/2022-09-02-142840.png,Chase Bank,,0,tagBox1,0.7657442,fkpsellshomes.com
apwg_sample_4190/2022-01/2022-01-25/2022-01-25-21496.png,Wells Fargo Bank,,0,tagBox1,0.68814754,clubdelasalud.com.ar
apwg_sample_4190/2022-07/2022-07-21/2022-07-21-24486.png,Microsoft,Microsoft,1,tagBox1,0.90440595,road-stone-mailbox.glitch.me
apwg_sample_4190/2022-08/2022-08-19/2022-08-19-127610.png,Chase Bank,,0,tagBox1,0.7816665,elitechairlifts.com
apwg_sample_4190/2022-09/2022-09-08/2022-09-08-84581.png,Chase Bank,,0,tagBox1,0.7982389,printearte.com.br
apwg_sample_4190/2022-06/2022-06-07/2022-06-07-554051.png,Chase Bank,,0,tagBox1,0.8263838,driveforlife.com.br
apwg_sample_4190/2022-08/2022-08-11/2022-08-11-370829.png,Chase Bank,,0,tagBox1,0.7654487,sslsecu10bchas6e-com.preview-domain.com
apwg_sample_4190/2022-07/2022-07-22/2022-07-22-87335.png,Chase Bank,,0,tagBox1,0.5953067,oaneti.duckdns.org
apwg_sample_4190/2022-02/2022-02-09/2022-02-09-21851.png,Brooks Running,,0,tagBox1,0.7973927,brooks-portugal.com
apwg_sample_4190/2023-05/2023-05-08/2023-05-08-59140.png,DHL,DHL Airways,1,tagBox1,0.9504473,dhl-cl-front.pages.dev
apwg_sample_4190/2022-01/2022-01-12/2022-01-12-24614.png,Wells Fargo Bank,,0,tagBox1,0.66754466,appbox99.com
apwg_sample_4190/2023-04/2023-04-03/2023-04-03-78220.png,Facebook,Facebook,1,tagBox1,0.93125504,metahelpdesk646253374.com
apwg_sample_4190/2022-01/2022-01-25/2022-01-25-22587.png,Internal Revenue Service,IRS,1,tagBox1,0.9350521,d5y9w.store
apwg_sample_4190/2022-05/2022-05-19/2022-05-19-58175.png,LinkedIn,LinkedIn Corporation,1,tagBox1,0.85403347,gasnownow.com
apwg_sample_4190/2022-01/2022-01-12/2022-01-12-24881.png,Itau,Itau Unibanco S.A,1,tagBox1,0.92289066,itaupersonayempresacl.iupp.news
apwg_sample_4190/2022-07/2022-07-05/2022-07-05-19215.png,M&T Bank Corporation,,0,tagBox1,0.79355025,ww4mtb00.ddns.net
apwg_sample_4190/2022-03/2022-03-07/2022-03-07-55762.png,Capital One,Capital One Financial Corporation,1,tagBox1,0.9452958,shushtem.com
apwg_sample_4190/2022-02/2022-02-16/2022-02-16-3812.png,Internal Revenue Service,IRS,1,tagBox1,0.91185784,parameterizations.digital
apwg_sample_4190/2022-10/2022-10-30/2022-10-30-167634.png,Wells Fargo Bank,,0,tagBox1,0.76919955,gmlighting.net
apwg_sample_4190/2022-01/2022-01-31/2022-01-31-15367.png,Microsoft,Microsoft,1,tagBox1,0.9453567,utshobcourier.com
apwg_sample_4190/2022-05/2022-05-03/2022-05-03-9149.png,DHL,DHL Airways,1,tagBox1,0.919119,deutsche2inaserbsahin546en76f90d-ae905d.ingress-comporellon.easywp.com
apwg_sample_4190/2022-01/2022-01-12/2022-01-12-24906.png,Chronopost International,Chronopost International,1,tagBox1,0.98195505,chronopostaws.com
apwg_sample_4190/2022-05/2022-05-13/2022-05-13-51576.png,Facebook,Facebook,1,tagBox1,0.8851173,clicktogetfreedata.blogspot.com.eg
apwg_sample_4190/2022-09/2022-09-29/2022-09-29-186664.png,Microsoft,,0,tagBox1,0.81377816,roborthotel.xyz
apwg_sample_4190/2022-01/2022-01-17/2022-01-17-8751.png,Instagram,Instagram,1,tagBox1,0.8967544,wilaps.com
apwg_sample_4190/2023-01/2023-01-04/2023-01-04-244519.png,Meta,,0,tagBox1,0.6659584,copyright-ig.com
apwg_sample_4190/2022-01/2022-01-23/2022-01-23-23065.png,Facebook,Facebook,1,tagBox1,0.9237364,pembatalanblokir-fb.mrbonus.com
apwg_sample_4190/2022-03/2022-03-08/2022-03-08-75156.png,Facebook,Facebook,1,tagBox1,0.9162978,cutt.ly
apwg_sample_4190/2022-03/2022-03-07/2022-03-07-56937.png,Wells Fargo Bank,Wells Fargo & Company,1,tagBox1,0.9279651,absolutmelts.com
apwg_sample_4190/2023-07/2023-07-11/2023-07-11-118208.png,Facebook,,0,tagBox1,0.78283906,facebook.contactus5.repl.co
apwg_sample_4190/2022-05/2022-05-25/2022-05-25-115314.png,Facebook,Facebook,1,tagBox1,0.8732182,10000542532468204198.tk
apwg_sample_4190/2022-02/2022-02-08/2022-02-08-16463.png,M&T Bank Corporation,M & T Bank Coporation,1,tagBox1,0.9702106,freemasionkkin.dd-dns.de
apwg_sample_4190/2022-01/2022-01-26/2022-01-26-26815.png,BECU,,0,tagBox1,0.78774005,chalouhi.actmob.com.br
apwg_sample_4190/2022-04/2022-04-12/2022-04-12-161859.png,Microsoft,Microsoft,1,tagBox1,0.9203038,paymentremittance-officeowa-sessionid1234.vopsusalma.workers.dev
apwg_sample_4190/2023-01/2023-01-24/2023-01-24-71503.png,DHL,DHL Airways,1,tagBox1,0.919119,moncar.com.mx
apwg_sample_4190/2022-06/2022-06-15/2022-06-15-294475.png,Wells Fargo Bank,Wells Fargo & Company,1,tagBox1,0.8961383,4157ecb0-7711-418c-abe6-6a52621e26ac-bucket.storage.fleek.co
apwg_sample_4190/2022-04/2022-04-18/2022-04-18-426246.png,Wells Fargo Bank,sharp,1,tagBox1,0.8311017,welllsfargoverify.duckdns.org
apwg_sample_4190/2022-08/2022-08-17/2022-08-17-55015.png,Facebook,,0,tagBox1,0.51701283,garena-reward-ff-en.blogspot.tw
apwg_sample_4190/2022-06/2022-06-23/2022-06-23-27084.png,Instagram,Instagram,1,tagBox1,0.89859444,metasystmservice.org
apwg_sample_4190/2023-04/2023-04-01/2023-04-01-71203.png,Instagram,,0,tagBox0,0,c06a41a9c435d0.lhr.life
apwg_sample_4190/2022-03/2022-03-08/2022-03-08-74191.png,Facebook,,0,tagBox0,0,messenger1r.blogspot.co.ke
apwg_sample_4190/2022-04/2022-04-07/2022-04-07-4267.png,Societe Generale Group,Societe Generale,1,tagBox1,0.83816063,www.malabarroots.com
apwg_sample_4190/2022-01/2022-01-28/2022-01-28-19099.png,Facebook,Facebook,1,tagBox1,0.85423124,cutting-harm-polyester-governmental.trycloudflare.com
apwg_sample_4190/2023-02/2023-02-01/2023-02-01-117952.png,Tangerine Bank,Orange,1,tagBox1,0.8345915,et.interac.ca-pay1.tel
apwg_sample_4190/2022-03/2022-03-07/2022-03-07-57077.png,Suncoast Credit Union,,0,tagBox1,0.81845295,suncoastcu.ca
apwg_sample_4190/2022-08/2022-08-04/2022-08-04-380880.png,Rabobank,,0,tagBox1,0.76861423,nl-sessie-j4ua0m.xyz
apwg_sample_4190/2022-07/2022-07-27/2022-07-27-103258.png,Instagram,Instagram,1,tagBox1,0.95367473,cutt.ly
apwg_sample_4190/2022-01/2022-01-18/2022-01-18-39295.png,Messenger,,0,tagBox0,0,dgfg4g4fdcf4.blogspot.com
apwg_sample_4190/2022-02/2022-02-03/2022-02-03-35127.png,Facebook,Facebook,1,tagBox1,0.8997042,azertyius.000webhostapp.com
apwg_sample_4190/2022-05/2022-05-11/2022-05-11-182511.png,Microsoft 365,Microsoft,1,tagBox1,0.9145878,counselingmerced.com
apwg_sample_4190/2022-01/2022-01-29/2022-01-29-30560.png,Facebook,Facebook,1,tagBox1,0.9179666,ads-404.000webhostapp.com
apwg_sample_4190/2022-02/2022-02-01/2022-02-01-26115.png,Meta,,0,tagBox1,0.7480793,metatoken-vr.web.app
apwg_sample_4190/2022-04/2022-04-25/2022-04-25-319811.png,Facebook,Facebook,1,tagBox1,0.92705476,my.famous.co
apwg_sample_4190/2022-02/2022-02-13/2022-02-13-31816.png,Facebook,,0,tagBox1,0.5686201,vsvssvbbssbsb.000webhostapp.com
apwg_sample_4190/2022-03/2022-03-07/2022-03-07-55492.png,Facebook,Facebook,1,tagBox1,0.8847625,fbprmium.000webhostapp.com
apwg_sample_4190/2023-07/2023-07-06/2023-07-06-96904.png,Meta,,0,tagBox0,0,benedicto4hz.my.id
apwg_sample_4190/2022-05/2022-05-17/2022-05-17-111187.png,Facebook,,0,tagBox1,0.6229834,trabajosvserts.webcindario.com
apwg_sample_4190/2022-12/2022-12-30/2022-12-30-64881.png,Wells Fargo Bank,,0,tagBox1,0.7427747,wells.my-id-3949901949.com
apwg_sample_4190/2022-01/2022-01-06/2022-01-06-36933.png,DHL,DHL Airways,1,tagBox1,0.96429974,htry54.fdew43.repl.co
apwg_sample_4190/2023-03/2023-03-14/2023-03-14-11514.png,Facebook,,0,tagBox1,0.5197933,ffsisgyv.blogspot.sn
apwg_sample_4190/2022-02/2022-02-05/2022-02-05-10778.png,Meta,,0,tagBox0,0,metaicolaunch.me
apwg_sample_4190/2023-01/2023-01-04/2023-01-04-242955.png,American Express,American Express,1,tagBox1,0.88940215,2adigital.org
apwg_sample_4190/2022-06/2022-06-05/2022-06-05-646636.png,Microsoft,Microsoft,1,tagBox1,0.94837606,dev-juxebox-online.pantheonsite.io
apwg_sample_4190/2022-07/2022-07-26/2022-07-26-114421.png,Spotify,Spotify,1,tagBox1,0.9599364,dininfo-norwaylss83-b5e64f.ingress-erytho.ewp.live
apwg_sample_4190/2022-08/2022-08-26/2022-08-26-149526.png,Provider,,0,tagBox1,0.6969398,momo30s.com
apwg_sample_4190/2022-06/2022-06-15/2022-06-15-289553.png,Apple,Apple,1,tagBox1,0.89964044,www.login-email.duckdns.org
apwg_sample_4190/2023-03/2023-03-09/2023-03-09-2232.png,Facebook,,0,tagBox1,0.51701283,download4wap.blogspot.my
apwg_sample_4190/2022-05/2022-05-09/2022-05-09-90755.png,Facebook,,0,tagBox0,0,facebookcasenew.blogspot.bg
apwg_sample_4190/2022-01/2022-01-29/2022-01-29-29906.png,Facebook,Facebook,1,tagBox1,0.86884606,www.tinyurl.com
apwg_sample_4190/2022-01/2022-01-06/2022-01-06-36612.png,Wells Fargo Bank,,0,tagBox1,0.6818297,nationalartmuseum.gov.np
apwg_sample_4190/2022-04/2022-04-11/2022-04-11-376955.png,WhatsApp,,0,tagBox0,0,nesss.duckdns.org
apwg_sample_4190/2022-02/2022-02-15/2022-02-15-24280.png,Instagram,,0,tagBox1,0.74848485,cutt.ly
apwg_sample_4190/2023-05/2023-05-31/2023-05-31-23863.png,Facebook,,0,tagBox1,0.57308376,fgjhgyhjytjuyik6t7k.blogspot.com.tr
apwg_sample_4190/2022-09/2022-09-06/2022-09-06-218757.png,Chase Bank,,0,tagBox1,0.8160507,printearte.com.br
apwg_sample_4190/2022-01/2022-01-06/2022-01-06-37142.png,Capital One,Capital One Financial Corporation,1,tagBox1,0.93097156,securecc.serveftp.com
apwg_sample_4190/2022-04/2022-04-19/2022-04-19-235034.png,Chase Bank,,0,tagBox1,0.778798,verin.gal
apwg_sample_4190/2023-04/2023-04-04/2023-04-04-14364.png,Facebook,Facebook,1,tagBox1,0.92555344,photo.fg3sq.quest
apwg_sample_4190/2022-03/2022-03-16/2022-03-16-88328.png,Instagram,Instagram,1,tagBox1,0.9184229,lnstaqramtwofactor.wixsite.com
apwg_sample_4190/2022-01/2022-01-28/2022-01-28-18140.png,Meta,,0,tagBox1,0.73843694,meta-token.global-chain.space
apwg_sample_4190/2022-01/2022-01-28/2022-01-28-18087.png,Meta,,0,tagBox1,0.73843694,meta-token.global-chain.space
apwg_sample_4190/2022-01/2022-01-28/2022-01-28-18051.png,Meta,,0,tagBox1,0.73843694,meta-token.global-chain.space
apwg_sample_4190/2022-01/2022-01-28/2022-01-28-18047.png,Meta,,0,tagBox1,0.73843694,meta-token.global-chain.space
apwg_sample_4190/2022-02/2022-02-14/2022-02-14-35719.png,Namecheap,,0,tagBox1,0.7546437,ww16.lloyddbank.com
apwg_sample_4190/2022-02/2022-02-08/2022-02-08-15016.png,Canadian Pharmacy,,0,tagBox1,0.7067648,feedproxy.google.com
apwg_sample_4190/2022-01/2022-01-28/2022-01-28-19024.png,Meta,,0,tagBox1,0.73843694,meta-token.global-chain.space
apwg_sample_4190/2022-01/2022-01-28/2022-01-28-18021.png,Instagram,,0,tagBox0,0,liveconnectcompanys.ml
apwg_sample_4190/2022-02/2022-02-12/2022-02-12-38811.png,Facebook,Facebook,1,tagBox1,0.86988986,facenookoas1.blogspot.rs
apwg_sample_4190/2023-03/2023-03-09/2023-03-09-1276.png,HUAWEU,,0,tagBox0,0,huawiilogin.blogspot.com.tr
apwg_sample_4190/2022-01/2022-01-25/2022-01-25-19788.png,OneDrive,Microsoft,1,tagBox1,0.91032565,utilityhelpful.com
apwg_sample_4190/2022-09/2022-09-06/2022-09-06-219049.png,Wells Fargo Bank,,0,tagBox1,0.7106186,64.52.80.251
apwg_sample_4190/2022-01/2022-01-25/2022-01-25-22097.png,Chronopost International,Chronopost International,1,tagBox1,0.98195505,chronopostaws.com
apwg_sample_4190/2022-12/2022-12-02/2022-12-02-295890.png,Microsoft,,0,tagBox1,0.64022756,pelosi.shop
apwg_sample_4190/2022-10/2022-10-05/2022-10-05-957861.png,Microsoft,Microsoft,1,tagBox1,0.8771259,seopwqkdlsakdvb453.ga
apwg_sample_4190/2022-03/2022-03-05/2022-03-05-22228.png,Facebook,Facebook,1,tagBox1,0.8563772,2m.wtf
apwg_sample_4190/2022-09/2022-09-03/2022-09-03-152047.png,Alaska USA Federal Credit Union,Alaska USA Federal Credit Union,1,tagBox1,0.9126,foxmandal.com
apwg_sample_4190/2023-05/2023-05-09/2023-05-09-102963.png,Facebook,Facebook,1,tagBox1,0.9452911,cdn.pancake.vn
apwg_sample_4190/2022-06/2022-06-20/2022-06-20-1532.png,Facebook,,0,tagBox1,0.77736974,housing-listing-adv-7002-76165467-mktplace.amactrad.com
apwg_sample_4190/2022-06/2022-06-20/2022-06-20-14016.png,Intesa Sanpaolo,Microsoft,1,tagBox1,0.84258425,pflege-im-kinzigtal.de
apwg_sample_4190/2022-02/2022-02-08/2022-02-08-16155.png,Ameli,,0,tagBox1,0.7780269,pri1.go.th
apwg_sample_4190/2022-10/2022-10-27/2022-10-27-1249643.png,Microsoft,Microsoft,1,tagBox1,0.85016906,3d1c8e68-0c54-43ce-813f-0341a045061a.s3.ap-northeast-2.amazonaws.com
apwg_sample_4190/2022-04/2022-04-07/2022-04-07-4350.png,PayPal,PayPal,1,tagBox1,0.900047,spaceresolutiononline.com
apwg_sample_4190/2022-10/2022-10-31/2022-10-31-1340116.png,WhatsApp,Facebook,1,tagBox1,0.93885946,4ug1z.app.link
apwg_sample_4190/2022-01/2022-01-23/2022-01-23-23789.png,Instagram,Instagram,1,tagBox1,0.8783804,metacopyrightcenter.gq
apwg_sample_4190/2022-10/2022-10-14/2022-10-14-164853.png,Instagram,,0,tagBox1,0.7815579,kitakatu1221.000webhostapp.com
apwg_sample_4190/2022-05/2022-05-11/2022-05-11-191960.png,Facebook,Facebook,1,tagBox1,0.91576254,nexm.ru.com
apwg_sample_4190/2022-07/2022-07-12/2022-07-12-10997.png,Chase Bank,,0,tagBox1,0.7589481,mydigitalsquad.com
apwg_sample_4190/2022-06/2022-06-15/2022-06-15-289577.png,Microsoft,,0,tagBox1,0.6272919,extractiondatanet425.ga
apwg_sample_4190/2022-10/2022-10-13/2022-10-13-456672.png,Facebook,Facebook,1,tagBox1,0.8623023,bkpsdm.linggakab.go.id
apwg_sample_4190/2022-06/2022-06-16/2022-06-16-468905.png,Chase Bank,,0,tagBox1,0.77329695,www.linkgroupsy.com
apwg_sample_4190/2022-07/2022-07-25/2022-07-25-62998.png,CaixaBank,,0,tagBox0,0,wereachhigh.com
apwg_sample_4190/2022-08/2022-08-09/2022-08-09-34695.png,Facebook,Facebook,1,tagBox1,0.93257856,shop.previdenciariors.com.br
apwg_sample_4190/2022-02/2022-02-12/2022-02-12-39472.png,Facebook,Facebook,1,tagBox1,0.86988986,ffacriiboo.blogspot.ba
apwg_sample_4190/2022-12/2022-12-31/2022-12-31-50068.png,Instagram,,0,tagBox1,0.69870234,kimkardashianinstagramfollowers2.blogspot.com.ee
apwg_sample_4190/2022-09/2022-09-12/2022-09-12-236867.png,Facebook,,0,tagBox0,0,fulltestforms.000webhostapp.com
apwg_sample_4190/2022-01/2022-01-06/2022-01-06-37245.png,Chronopost International,Chronopost International,1,tagBox1,0.98195505,chronopostaws.com
apwg_sample_4190/2023-01/2023-01-29/2023-01-29-148583.png,Facebook,,0,tagBox0,0,hadayamonta5b.blogspot.com
apwg_sample_4190/2022-09/2022-09-30/2022-09-30-30163.png,Instagram,Instagram,1,tagBox1,0.8967544,insta-fake-for-fun.000webhostapp.com
apwg_sample_4190/2022-01/2022-01-21/2022-01-21-34663.png,Facebook,Facebook,1,tagBox1,0.88922143,verifikasi-akunfb.com
apwg_sample_4190/2023-07/2023-07-13/2023-07-13-49721.png,Facebook,,0,tagBox1,0.7093791,www.ff.membership.grarena.vn
apwg_sample_4190/2022-02/2022-02-04/2022-02-04-11110.png,Facebook,Facebook,1,tagBox1,0.90908706,10002000300056756098217846025418979417951.tk
apwg_sample_4190/2022-04/2022-04-12/2022-04-12-165670.png,Facebook,Facebook,1,tagBox1,0.85242146,codebox.jabont.com
apwg_sample_4190/2022-08/2022-08-24/2022-08-24-357592.png,Outlook,Microsoft,1,tagBox1,0.8914538,siasky.net
apwg_sample_4190/2022-06/2022-06-15/2022-06-15-294568.png,Wells Fargo Bank,,0,tagBox1,0.78838176,bargainsabode.com
apwg_sample_4190/2022-09/2022-09-08/2022-09-08-84683.png,Facebook,Facebook,1,tagBox1,0.91576254,vviiddeos.000webhostapp.com
apwg_sample_4190/2022-02/2022-02-03/2022-02-03-35362.png,Huntington Bank,Huntington Bank,1,tagBox1,0.88962585,jaat.futminna.edu.ng
apwg_sample_4190/2022-04/2022-04-13/2022-04-13-580031.png,Amazon,Amazon,1,tagBox1,0.9817934,ammzorn.mmasil.shop
apwg_sample_4190/2022-09/2022-09-26/2022-09-26-113658.png,Microsoft,,0,tagBox1,0.6272919,paoepqwoeiqwa425.ga
apwg_sample_4190/2023-07/2023-07-02/2023-07-02-92603.png,Facebook,,0,tagBox1,0.71497774,ff.member.grarena.vn
apwg_sample_4190/2022-10/2022-10-05/2022-10-05-954807.png,Microsoft,,0,tagBox1,0.6272919,goepwqoiejqwla024.ga
apwg_sample_4190/2023-06/2023-06-22/2023-06-22-125707.png,Microsoft,Microsoft,1,tagBox1,0.9153122,pub-1abc1c8b35d5420cb789e922413e42de.r2.dev
apwg_sample_4190/2023-02/2023-02-06/2023-02-06-107099.png,Microsoft,Microsoft,1,tagBox1,0.90493906,fleek.ipfs.io
apwg_sample_4190/2022-02/2022-02-01/2022-02-01-26146.png,Facebook,Facebook,1,tagBox1,0.85423124,sociology-alerts-surely-certain.trycloudflare.com
apwg_sample_4190/2022-03/2022-03-08/2022-03-08-74346.png,Facebook,Facebook,1,tagBox1,0.8623023,fbvote-international-programq-contest-mfbvote.000webhostapp.com
apwg_sample_4190/2022-02/2022-02-09/2022-02-09-22151.png,WhatsApp,M & T Bank Coporation,1,tagBox1,0.84152687,joingrub2022.duckdns.org
apwg_sample_4190/2022-12/2022-12-02/2022-12-02-287620.png,Itau,Itau Unibanco S.A,1,tagBox1,0.92584664,itau.clienteseguridadcl.com
apwg_sample_4190/2022-03/2022-03-07/2022-03-07-56360.png,Facebook,Facebook,1,tagBox1,0.8488021,sendanreqsuetforvio.com
apwg_sample_4190/2022-10/2022-10-06/2022-10-06-1202297.png,Instagram,Instagram,1,tagBox1,0.8698259,swozywqq.000webhostapp.com
apwg_sample_4190/2022-02/2022-02-07/2022-02-07-4928.png,Facebook,Facebook,1,tagBox1,0.94745934,my.famous.co
apwg_sample_4190/2022-10/2022-10-25/2022-10-25-1035101.png,DHL,DHL Airways,1,tagBox1,0.93972635,animalife.com.co
apwg_sample_4190/2022-02/2022-02-16/2022-02-16-2954.png,Canadian Pharmacy,,0,tagBox1,0.73030466,feedproxy.google.com
apwg_sample_4190/2022-07/2022-07-26/2022-07-26-114458.png,Instagram,Instagram,1,tagBox1,0.9103907,pincture-insta.com
apwg_sample_4190/2022-02/2022-02-17/2022-02-17-2272.png,Facebook,Facebook,1,tagBox1,0.86959064,matahari100.cf
apwg_sample_4190/2022-06/2022-06-15/2022-06-15-294073.png,Facebook,,0,tagBox1,0.7821821,cutt.ly
apwg_sample_4190/2022-02/2022-02-27/2022-02-27-9333.png,Facebook,Facebook,1,tagBox1,0.9331749,10000000000000085685252201.tk
apwg_sample_4190/2022-05/2022-05-08/2022-05-08-29271.png,Instagram,Instagram,1,tagBox1,0.96453893,lemonpictures.duckdns.org
apwg_sample_4190/2022-02/2022-02-17/2022-02-17-1913.png,Facebook,Facebook,1,tagBox1,0.9331749,10000000000000006363633213.tk
apwg_sample_4190/2023-04/2023-04-06/2023-04-06-51976.png,Facebook,,0,tagBox0,0,karn-kalle-jasz658.000webhostapp.com
apwg_sample_4190/2022-02/2022-02-07/2022-02-07-5677.png,Facebook,,0,tagBox0,0,cnn-cameroon-trending-db6e8.web.app
apwg_sample_4190/2023-04/2023-04-17/2023-04-17-16402.png,Instagram,Instagram,1,tagBox1,0.9103907,mail.picturephoto12.duckdns.org
apwg_sample_4190/2022-09/2022-09-05/2022-09-05-153739.png,Facebook,Facebook,1,tagBox1,0.9459572,sramlibeeeee.000webhostapp.com
apwg_sample_4190/2022-02/2022-02-19/2022-02-19-18758.png,Facebook,Facebook,1,tagBox1,0.9331749,1000000000000005656656314.tk
apwg_sample_4190/2022-04/2022-04-25/2022-04-25-301457.png,Coinbase,,0,tagBox1,0.722554,jalsbfpiqw.xyz
apwg_sample_4190/2022-04/2022-04-07/2022-04-07-4233.png,Microsoft,Microsoft,1,tagBox1,0.90493906,still-base-4829.on.fleek.co
apwg_sample_4190/2022-03/2022-03-01/2022-03-01-79946.png,Microsoft,Microsoft,1,tagBox1,0.8558549,live1.office365live4.workers.dev
apwg_sample_4190/2022-06/2022-06-07/2022-06-07-553855.png,Facebook,Facebook,1,tagBox1,0.9201363,facebookrestore.azurewebsites.net
apwg_sample_4190/2022-05/2022-05-12/2022-05-12-146063.png,OneDrive,Microsoft,1,tagBox1,0.8822491,justlighttechnology.justlight.net
apwg_sample_4190/2022-06/2022-06-10/2022-06-10-309225.png,DHL,DHL Airways,1,tagBox1,0.96116436,rc.tintasrc.com.br
apwg_sample_4190/2022-02/2022-02-23/2022-02-23-5907.png,Facebook,Facebook,1,tagBox1,0.9407767,my.famous.co
apwg_sample_4190/2022-02/2022-02-27/2022-02-27-9385.png,Facebook,Facebook,1,tagBox1,0.9331749,10000000000000085685252204.tk
apwg_sample_4190/2022-03/2022-03-04/2022-03-04-30848.png,Facebook,,0,tagBox0,0,fgfg4gr4.blogspot.bg
apwg_sample_4190/2023-04/2023-04-05/2023-04-05-72509.png,Adobe,Adobe,1,tagBox1,0.9167907,cloudflare-ipfs.com
apwg_sample_4190/2022-10/2022-10-31/2022-10-31-1337601.png,Microsoft,,0,tagBox1,0.73287797,pouletfru.com
apwg_sample_4190/2022-10/2022-10-31/2022-10-31-1336973.png,Spark New Zealand,Spark New Zealand,1,tagBox1,0.9481256,gwanmtayfsbahnourlimipplos-bf101e.ingress-daribow.ewp.live
apwg_sample_4190/2022-12/2022-12-05/2022-12-05-154393.png,Instagram,Instagram,1,tagBox1,0.96453893,picturenew.b0tnet.com
apwg_sample_4190/2022-09/2022-09-27/2022-09-27-229276.png,Facebook,,0,tagBox1,0.8223914,latviesudailavukratuve.000webhostapp.com
apwg_sample_4190/2022-07/2022-07-16/2022-07-16-66097.png,Facebook,Magalu,1,tagBox1,0.90150094,p4635termssupporttreolsd8231111.co.vu
apwg_sample_4190/2022-02/2022-02-08/2022-02-08-16522.png,Chronopost International,Chronopost International,1,tagBox1,0.98195505,chronopostweb.net
apwg_sample_4190/2022-02/2022-02-21/2022-02-21-19944.png,Microsoft,Microsoft,1,tagBox1,0.8558549,abdulmz.com
apwg_sample_4190/2022-02/2022-02-06/2022-02-06-38156.png,Facebook,,0,tagBox1,0.7556301,egg-since-bow-php.trycloudflare.com
apwg_sample_4190/2023-06/2023-06-07/2023-06-07-35329.png,Facebook,,0,tagBox1,0.6386149,vlx5w.blogspot.com
apwg_sample_4190/2022-04/2022-04-18/2022-04-18-430297.png,Sparkasse,Sparkasse Bank,1,tagBox1,0.94739884,smartforce-etesting.com
apwg_sample_4190/2023-06/2023-06-16/2023-06-16-132580.png,Facebook,,0,tagBox0,0,klik.di-sinii.cfd
apwg_sample_4190/2022-02/2022-02-23/2022-02-23-6286.png,Facebook,,0,tagBox0,0,face-inscription-book.000webhostapp.com
apwg_sample_4190/2022-10/2022-10-31/2022-10-31-1339171.png,Instagram,Instagram,1,tagBox1,0.8872808,mohitbhati0992.000webhostapp.com
apwg_sample_4190/2022-06/2022-06-03/2022-06-03-465377.png,Facebook,Facebook,1,tagBox1,0.8780966,manageyouraccountpgsby.co.vu
apwg_sample_4190/2022-12/2022-12-11/2022-12-11-94527.png,Webmail,,0,tagBox1,0.7746273,cloudflare-ipfs.com
apwg_sample_4190/2023-03/2023-03-07/2023-03-07-17367.png,Chase Bank,,0,tagBox1,0.8033469,dorainsurance.com
apwg_sample_4190/2023-01/2023-01-02/2023-01-02-76221.png,Instagram,Instagram,1,tagBox1,0.9239203,termsusage.com
apwg_sample_4190/2022-12/2022-12-18/2022-12-18-116090.png,Sparkasse,Sparkasse Bank,1,tagBox1,0.94739884,wormzio.com
apwg_sample_4190/2022-02/2022-02-07/2022-02-07-5344.png,Facebook,Facebook,1,tagBox1,0.94745934,my.famous.co
apwg_sample_4190/2023-01/2023-01-09/2023-01-09-134432.png,Amazon,Amazon,1,tagBox1,0.948357,lnkd.in
apwg_sample_4190/2023-04/2023-04-07/2023-04-07-50886.png,Microsoft,Microsoft,1,tagBox1,0.9124567,cryabn.cf
apwg_sample_4190/2023-05/2023-05-26/2023-05-26-45994.png,Facebook,Facebook,1,tagBox1,0.86593205,djkfsghuj.blogspot.com
apwg_sample_4190/2022-07/2022-07-26/2022-07-26-116708.png,Facebook,Facebook,1,tagBox1,0.9114568,unsuspendsreporthelp.co.vu
apwg_sample_4190/2022-05/2022-05-23/2022-05-23-67182.png,DHL,DHL Airways,1,tagBox1,0.94653296,www.vanderlindetexel.nl
apwg_sample_4190/2022-03/2022-03-17/2022-03-17-78143.png,GoDaddy,,0,tagBox1,0.89903426,secured7-chase.com
apwg_sample_4190/2022-02/2022-02-22/2022-02-22-31054.png,Facebook,Facebook,1,tagBox1,0.9407767,my.famous.co
apwg_sample_4190/2022-10/2022-10-25/2022-10-25-1033684.png,DHL,DHL Airways,1,tagBox1,0.93137157,storageapi.fleek.co
apwg_sample_4190/2022-09/2022-09-15/2022-09-15-78853.png,Facebook,Facebook,1,tagBox1,0.8847625,djaythemes.xyz
apwg_sample_4190/2022-04/2022-04-13/2022-04-13-551213.png,OneDrive,Microsoft,1,tagBox1,0.87825847,amazing-apricot-breath.glitch.me
apwg_sample_4190/2022-04/2022-04-15/2022-04-15-514682.png,DHL,DHL Airways,1,tagBox1,0.9541626,noreply.profiforma.pt
apwg_sample_4190/2022-02/2022-02-10/2022-02-10-29304.png,Wells Fargo Bank,,0,tagBox1,0.70240843,www.hi.rtradelink.com
apwg_sample_4190/2022-07/2022-07-28/2022-07-28-7478.png,Microsoft,Microsoft,1,tagBox1,0.8872232,dev-kinlochequipment.pantheonsite.io
apwg_sample_4190/2022-02/2022-02-10/2022-02-10-28374.png,Wells Fargo Bank,Wells Fargo & Company,1,tagBox1,0.9279651,renewimpactherwebsites.com
apwg_sample_4190/2022-02/2022-02-24/2022-02-24-12753.png,Facebook,,0,tagBox1,0.66941726,cutt.ly
apwg_sample_4190/2022-03/2022-03-15/2022-03-15-9046.png,OneDrive,Microsoft,1,tagBox1,0.8620485,sltnetmailservice.com
apwg_sample_4190/2022-05/2022-05-09/2022-05-09-96091.png,"Squarespace, Inc.",,0,tagBox0,0,mailxcc.com
apwg_sample_4190/2022-07/2022-07-20/2022-07-20-113416.png,Facebook,,0,tagBox0,0,silahkanverifikasiaccount.weebly.com
apwg_sample_4190/2022-06/2022-06-02/2022-06-02-503019.png,Instagram,Instagram,1,tagBox1,0.924153,altamashalk.000webhostapp.com
apwg_sample_4190/2022-02/2022-02-27/2022-02-27-8975.png,Facebook,,0,tagBox0,0,loginnayydz.blogspot.co.at
apwg_sample_4190/2022-03/2022-03-18/2022-03-18-6553.png,Facebook,Facebook,1,tagBox1,0.9331749,100000000000000000000006263266567.tk
apwg_sample_4190/2022-09/2022-09-20/2022-09-20-52211.png,Bank of Nova Scotia,Scotiabank,1,tagBox1,0.8941785,etransferapp.com
apwg_sample_4190/2022-04/2022-04-08/2022-04-08-175755.png,Facebook,Facebook,1,tagBox1,0.8413347,vongquaykimcuongff20222.000webhostapp.com
apwg_sample_4190/2022-04/2022-04-25/2022-04-25-318006.png,Facebook,Facebook,1,tagBox1,0.9331749,point-next-33300057485269965845330.tk
apwg_sample_4190/2022-04/2022-04-18/2022-04-18-400139.png,Santander Bank,Grupo Santander,1,tagBox1,0.93071234,particular-santander.app
apwg_sample_4190/2022-08/2022-08-26/2022-08-26-162801.png,Facebook,Facebook,1,tagBox1,0.9331749,checkpoint-fb-80000003654789658456.tk
apwg_sample_4190/2022-05/2022-05-15/2022-05-15-219687.png,Instagram,Instagram,1,tagBox1,0.87534285,perfil-de-usuario-inta.000webhostapp.com
apwg_sample_4190/2022-02/2022-02-27/2022-02-27-8837.png,Citibank,,0,tagBox0,0,secureid.citi.darrak.af
apwg_sample_4190/2022-06/2022-06-11/2022-06-11-213405.png,Facebook,Facebook,1,tagBox1,0.9331749,checkpoint-200000084623579851.tk
apwg_sample_4190/2022-04/2022-04-02/2022-04-02-171135.png,M&T Bank Corporation,M & T Bank Coporation,1,tagBox1,0.9738099,www.coloradoclays.com
apwg_sample_4190/2022-03/2022-03-30/2022-03-30-14672.png,Facebook,Facebook,1,tagBox1,0.8508687,gonxc-jocel783.000webhostapp.com
apwg_sample_4190/2022-06/2022-06-15/2022-06-15-291619.png,Meta,Bank of Scotland,1,tagBox1,0.8352963,macarontreats.com
apwg_sample_4190/2023-04/2023-04-24/2023-04-24-83062.png,OneDrive,,0,tagBox1,0.733058,delicacy.net.br
apwg_sample_4190/2022-10/2022-10-25/2022-10-25-1008842.png,Microsoft,Uber,1,tagBox1,0.83955956,dev.evoqas.org
apwg_sample_4190/2022-03/2022-03-28/2022-03-28-70721.png,Facebook,Facebook,1,tagBox1,0.8653327,3267061packcompletozamaraolivares.filesusr.com
apwg_sample_4190/2022-03/2022-03-05/2022-03-05-22187.png,Instagram,,0,tagBox0,0,btccheapfree.000webhostapp.com
apwg_sample_4190/2022-02/2022-02-05/2022-02-05-10639.png,Meta,,0,tagBox0,0,metaicolaunch.me
apwg_sample_4190/2022-03/2022-03-31/2022-03-31-41995.png,Netflix,Netflix,1,tagBox1,0.8922368,secure67b-0nline-c0nnect.4nmn.com
apwg_sample_4190/2022-02/2022-02-05/2022-02-05-10508.png,Facebook,Facebook,1,tagBox1,0.9333567,facebooklite2022.herokuapp.com
apwg_sample_4190/2022-08/2022-08-30/2022-08-30-214450.png,Chase Bank,,0,tagBox1,0.71347106,difecorrao.shop
apwg_sample_4190/2022-07/2022-07-18/2022-07-18-13385.png,Microsoft,Dropbox,1,tagBox1,0.9606147,solitary-paper-e37e.vince1.workers.dev
apwg_sample_4190/2022-02/2022-02-04/2022-02-04-12309.png,Facebook,,0,tagBox1,0.8273641,freerecharge.selfstudys.in
apwg_sample_4190/2022-05/2022-05-18/2022-05-18-218410.png,Chase Bank,,0,tagBox1,0.774341,driveforlife.com.br
apwg_sample_4190/2023-02/2023-02-22/2023-02-22-5223.png,State Bank of India,,0,tagBox1,0.73031,phpstack-945408-3289716.cloudwaysapps.com
apwg_sample_4190/2022-11/2022-11-05/2022-11-05-69979.png,Navy Federal Credit Union,Navy Federal Credit Union,1,tagBox1,0.9351435,storageapi.fleek.co
apwg_sample_4190/2022-08/2022-08-05/2022-08-05-28740.png,3M,Charities Aid Foundation,1,tagBox1,0.86323565,myswm.wpedmunds.uk
apwg_sample_4190/2022-03/2022-03-07/2022-03-07-56144.png,Facebook,Facebook,1,tagBox1,0.9146924,www.facebook-trade-myads.78325673452.online
apwg_sample_4190/2022-04/2022-04-30/2022-04-30-447175.png,Facebook,,0,tagBox1,0.7213917,cxzvvbxcvcb.easy.co
apwg_sample_4190/2023-05/2023-05-16/2023-05-16-69134.png,Facebook,Facebook,1,tagBox1,0.894161,handelsamochodowy-okonski.pl
apwg_sample_4190/2022-03/2022-03-22/2022-03-22-92173.png,Standard Bank,,0,tagBox0,0,hack2world.net
apwg_sample_4190/2022-04/2022-04-23/2022-04-23-387039.png,Itau,,0,tagBox1,0.91899747,itau.social
apwg_sample_4190/2022-02/2022-02-08/2022-02-08-15740.png,La Banque Postale,La Banque postale,1,tagBox1,0.9301468,www.greenleafmedispa.greenspasalon.com
apwg_sample_4190/2022-11/2022-11-08/2022-11-08-237205.png,reCAPTCHA,,0,tagBox1,0.74571115,millenniumcnb.com
apwg_sample_4190/2022-02/2022-02-28/2022-02-28-17002.png,Facebook,Facebook,1,tagBox1,0.86593205,nbvghjftydfgcxse23wbvnb.blogspot.com.au
apwg_sample_4190/2022-02/2022-02-28/2022-02-28-17727.png,Facebook,Facebook,1,tagBox1,0.86593205,mjuiokedsawcuhy.blogspot.com
apwg_sample_4190/2022-02/2022-02-28/2022-02-28-16723.png,Facebook,Facebook,1,tagBox1,0.86593205,59hgyfg59hjguyt59697564fjf.blogspot.dk
apwg_sample_4190/2022-04/2022-04-30/2022-04-30-445842.png,PayPal,,0,tagBox1,0.70668006,mail.free-pay404.duckdns.org
apwg_sample_4190/2022-03/2022-03-01/2022-03-01-78660.png,Facebook,Facebook,1,tagBox1,0.86593205,kjhu70houiyoy70kjhkjhgh5465edgvn70.blogspot.bg
apwg_sample_4190/2022-08/2022-08-21/2022-08-21-184701.png,Facebook,Facebook,1,tagBox1,0.86593205,hfghfghfghf4242.blogspot.kr
apwg_sample_4190/2022-08/2022-08-27/2022-08-27-246248.png,Facebook,Facebook,1,tagBox1,0.9331749,security-10000000236589745869546231.ml
apwg_sample_4190/2022-03/2022-03-04/2022-03-04-32182.png,Facebook,,0,tagBox0,0,messanggerx.blogspot.com
apwg_sample_4190/2022-04/2022-04-27/2022-04-27-489693.png,Microsoft,Microsoft,1,tagBox1,0.8558549,solitary-firefly-3591.on.fleek.co
apwg_sample_4190/2022-02/2022-02-28/2022-02-28-17068.png,Instagram,,0,tagBox0,0,helpcentremeta.cf
apwg_sample_4190/2022-11/2022-11-17/2022-11-17-19324.png,Navy Federal Credit Union,Navy Federal Credit Union,1,tagBox1,0.936578,jjp3d.com
apwg_sample_4190/2022-12/2022-12-07/2022-12-07-161833.png,BT Group,BT Group plc,1,tagBox1,0.9033277,acehimeji.com
apwg_sample_4190/2022-10/2022-10-05/2022-10-05-979205.png,Chase Bank,,0,tagBox1,0.6694511,plytkisklep.pl
apwg_sample_4190/2022-03/2022-03-07/2022-03-07-56081.png,TalkTalk,1&1 Ionos,1,tagBox1,0.83736813,talk235conntasurvey.weebly.com
apwg_sample_4190/2022-05/2022-05-29/2022-05-29-115965.png,Facebook,,0,tagBox1,0.73231506,sportintheworld.ga
apwg_sample_4190/2023-02/2023-02-18/2023-02-18-49035.png,Facebook,,0,tagBox0,0,disenoprueba.imduyv.gob.mx
apwg_sample_4190/2022-08/2022-08-05/2022-08-05-27525.png,Facebook,Facebook,1,tagBox1,0.85423124,pugnacious-proposes.000webhostapp.com
apwg_sample_4190/2022-02/2022-02-03/2022-02-03-34091.png,reCAPTCHA,,0,tagBox1,0.7160342,dan.as
apwg_sample_4190/2023-02/2023-02-19/2023-02-19-6179.png,Facebook,Facebook,1,tagBox1,0.8910198,b1.com.my
apwg_sample_4190/2023-05/2023-05-25/2023-05-25-52300.png,Netflix,,0,tagBox1,0.6713903,qazaninfo.kz
apwg_sample_4190/2022-02/2022-02-18/2022-02-18-22837.png,Facebook,Facebook,1,tagBox1,0.8936443,edrgfsedrg.blogspot.al
apwg_sample_4190/2023-06/2023-06-09/2023-06-09-56938.png,Microsoft,,0,tagBox0,0,renovatoluxe.com
apwg_sample_4190/2022-04/2022-04-18/2022-04-18-406774.png,PayPal,PayPal,1,tagBox1,0.8956331,ael.global
apwg_sample_4190/2022-09/2022-09-26/2022-09-26-115784.png,Microsoft,Microsoft,1,tagBox1,0.9342785,storageapi.fleek.co
apwg_sample_4190/2022-07/2022-07-21/2022-07-21-23844.png,Instagram,Instagram,1,tagBox1,0.8941772,instatwin.herokuapp.com
apwg_sample_4190/2022-04/2022-04-18/2022-04-18-431241.png,Microsoft,,0,tagBox1,0.8258529,fistondoll.site
apwg_sample_4190/2023-06/2023-06-07/2023-06-07-36452.png,Google,Google,1,tagBox1,0.98183954,descentgleam.cn
apwg_sample_4190/2022-08/2022-08-07/2022-08-07-70380.png,Facebook,Facebook,1,tagBox1,0.91576254,www.f.account2.almusand.com
apwg_sample_4190/2023-02/2023-02-05/2023-02-05-32490.png,Facebook,Facebook,1,tagBox1,0.84869176,help-center463.crabdance.com
apwg_sample_4190/2022-04/2022-04-17/2022-04-17-45258.png,Bank of America,Bank of America,1,tagBox1,0.9778607,coscointl.org
apwg_sample_4190/2022-04/2022-04-09/2022-04-09-239544.png,Wells Fargo Bank,,0,tagBox1,0.7969334,www.mrazavi.ca
apwg_sample_4190/2022-05/2022-05-22/2022-05-22-49412.png,Facebook,Facebook,1,tagBox1,0.93332696,webartel.net
apwg_sample_4190/2023-05/2023-05-24/2023-05-24-93050.png,Apple,Apple,1,tagBox1,0.9068144,www.surkont.net
apwg_sample_4190/2022-04/2022-04-17/2022-04-17-8063.png,Wells Fargo Bank,,0,tagBox1,0.7969334,www.mentorplus.ca
apwg_sample_4190/2022-04/2022-04-11/2022-04-11-375691.png,Wells Fargo Bank,,0,tagBox1,0.7969334,www.mrazavi.ca
apwg_sample_4190/2022-06/2022-06-15/2022-06-15-291164.png,Microsoft,Microsoft,1,tagBox1,0.87055933,greyedfileweb532.ga
apwg_sample_4190/2022-02/2022-02-13/2022-02-13-32234.png,Messenger,,0,tagBox0,0,fhgh5h56jh.blogspot.lt
apwg_sample_4190/2022-02/2022-02-13/2022-02-13-32768.png,Facebook,,0,tagBox1,0.7479441,nika1231.blogspot.my
apwg_sample_4190/2022-07/2022-07-31/2022-07-31-74424.png,Namecheap,,0,tagBox1,0.7471602,mijnlcs.online-databeheer.me
apwg_sample_4190/2022-10/2022-10-10/2022-10-10-807785.png,Facebook,Facebook,1,tagBox1,0.91920966,textualism-chapter.000webhostapp.com
apwg_sample_4190/2022-12/2022-12-01/2022-12-01-127990.png,Facebook,Facebook,1,tagBox1,0.86593205,sferdsredgredvfdregdv.blogspot.fr
apwg_sample_4190/2022-04/2022-04-17/2022-04-17-33622.png,Wells Fargo Bank,,0,tagBox1,0.7969334,geektech360.ca
apwg_sample_4190/2022-05/2022-05-29/2022-05-29-131731.png,Wells Fargo Bank,,0,tagBox1,0.7969334,israeltest.prescafecrew.com
apwg_sample_4190/2022-02/2022-02-14/2022-02-14-36159.png,Microsoft,Microsoft,1,tagBox1,0.9232233,ynmltcc.azurewebsites.net
apwg_sample_4190/2022-10/2022-10-14/2022-10-14-162742.png,Facebook,,0,tagBox1,0.69305694,fb-business7634.com
apwg_sample_4190/2022-03/2022-03-28/2022-03-28-69371.png,Facebook,,0,tagBox1,0.66793996,xspinnewevent.blogspot.com
apwg_sample_4190/2022-10/2022-10-22/2022-10-22-430403.png,Microsoft,,0,tagBox1,0.6130697,toolsgetzos.online
apwg_sample_4190/2022-03/2022-03-31/2022-03-31-50373.png,GoDaddy,,0,tagBox1,0.89904773,www.secure-4u.com
apwg_sample_4190/2022-03/2022-03-27/2022-03-27-83527.png,Facebook,,0,tagBox1,0.6858469,bgmiredem5.blogspot.si
apwg_sample_4190/2022-03/2022-03-30/2022-03-30-17059.png,Facebook,,0,tagBox1,0.66793996,bgmievent63.blogspot.qa
apwg_sample_4190/2022-03/2022-03-23/2022-03-23-34129.png,Facebook,,0,tagBox1,0.69651365,89007uc.duckdns.org
apwg_sample_4190/2022-08/2022-08-02/2022-08-02-42778.png,Instagram,Instagram,1,tagBox1,0.9841529,helpconfirmverify.info.tr
apwg_sample_4190/2022-03/2022-03-29/2022-03-29-3811.png,GoDaddy,,0,tagBox1,0.89904773,uclickvdeliver.com
apwg_sample_4190/2022-04/2022-04-25/2022-04-25-317991.png,Facebook,Facebook,1,tagBox1,0.9407767,my.famous.co
apwg_sample_4190/2022-04/2022-04-12/2022-04-12-159121.png,Singapore Airlines,,0,tagBox0,0,niby8.tw
apwg_sample_4190/2022-04/2022-04-29/2022-04-29-331071.png,Facebook,Facebook,1,tagBox1,0.9407767,my.famous.co
apwg_sample_4190/2022-03/2022-03-28/2022-03-28-73640.png,Microsoft,,0,tagBox1,0.6130697,carrase.ml
apwg_sample_4190/2022-04/2022-04-01/2022-04-01-78326.png,Microsoft,Microsoft,1,tagBox1,0.928163,zilimaids.xyz
apwg_sample_4190/2022-11/2022-11-02/2022-11-02-186742.png,Wells Fargo Bank,,0,tagBox1,0.7969334,safeha3v2-app-tdp.shop
apwg_sample_4190/2022-04/2022-04-06/2022-04-06-443420.png,Square Bank,,0,tagBox0,0,toplega45lwro.ru
apwg_sample_4190/2022-03/2022-03-14/2022-03-14-20890.png,Instagram,,0,tagBox1,0.7449817,coldguardians.com
apwg_sample_4190/2022-03/2022-03-29/2022-03-29-3745.png,GoDaddy,,0,tagBox1,0.89904773,uclickvdeliver.com
apwg_sample_4190/2022-06/2022-06-15/2022-06-15-289583.png,Facebook,Facebook,1,tagBox1,0.89808947,lime12079167.brizy.site
apwg_sample_4190/2022-03/2022-03-28/2022-03-28-66615.png,Instagram,Instagram,1,tagBox1,0.9473853,objectioncopyrightformcenter.ml
apwg_sample_4190/2022-10/2022-10-06/2022-10-06-1204618.png,Microsoft,,0,tagBox1,0.6130697,describemicros.ml
apwg_sample_4190/2022-04/2022-04-26/2022-04-26-279299.png,Facebook,Facebook,1,tagBox1,0.8935689,sexxphotoss239.000webhostapp.com
apwg_sample_4190/2022-04/2022-04-30/2022-04-30-446835.png,Facebook,Facebook,1,tagBox1,0.8847625,pr02t3ct0rs8h1p-43g1s.000webhostapp.com
apwg_sample_4190/2022-04/2022-04-20/2022-04-20-73142.png,Facebook,,0,tagBox0,0,formularioproyectfinal.000webhostapp.com
apwg_sample_4190/2022-03/2022-03-27/2022-03-27-85067.png,Instagram,Instagram,1,tagBox1,0.85239446,yasa1as1kayet.co.vu
apwg_sample_4190/2022-04/2022-04-21/2022-04-21-382607.png,Instagram,Instagram,1,tagBox1,0.8872808,sizy-prompts.000webhostapp.com
apwg_sample_4190/2022-03/2022-03-28/2022-03-28-69282.png,au,,0,tagBox0,0,auonepay-jp.ledoics.shop
apwg_sample_4190/2022-07/2022-07-23/2022-07-23-16393.png,Chase Bank,,0,tagBox1,0.78396326,jp-user1.com
apwg_sample_4190/2023-03/2023-03-15/2023-03-15-7798.png,Microsoft,Microsoft,1,tagBox1,0.9342785,megtestsites.com
apwg_sample_4190/2022-04/2022-04-05/2022-04-05-68176.png,Facebook,Facebook,1,tagBox1,0.86884606,bsaisinfosec.000webhostapp.com
apwg_sample_4190/2022-09/2022-09-28/2022-09-28-122581.png,Wells Fargo Bank,,0,tagBox1,0.80980766,jeepinuk.co.il
apwg_sample_4190/2022-05/2022-05-22/2022-05-22-50303.png,Instagram,Instagram,1,tagBox1,0.8804268,hklhkn.000webhostapp.com
apwg_sample_4190/2022-10/2022-10-04/2022-10-04-733412.png,DHL,DHL Airways,1,tagBox1,0.9593426,delivery.folkino.com
apwg_sample_4190/2022-05/2022-05-31/2022-05-31-108958.png,Microsoft,Microsoft,1,tagBox1,0.9238851,www.office365.olsatco.com
apwg_sample_4190/2022-03/2022-03-18/2022-03-18-7277.png,Facebook,,0,tagBox0,0,ww2-facebook-com-gustavo-matheus11.blogspot.am
apwg_sample_4190/2022-06/2022-06-09/2022-06-09-562854.png,DHL,Bankia,1,tagBox1,0.8332754,ecstudioandautomation.com
apwg_sample_4190/2022-03/2022-03-22/2022-03-22-93250.png,Instagram,,0,tagBox1,0.77248967,itiraztalepolustur.online
apwg_sample_4190/2022-03/2022-03-20/2022-03-20-60942.png,Netflix,Netflix,1,tagBox1,0.87186706,b4e9255b-b6cf-4b52-afbc-b0b92d283723.id.repl.co
apwg_sample_4190/2022-03/2022-03-02/2022-03-02-80817.png,Facebook,,0,tagBox1,0.76371294,cutt.ly
apwg_sample_4190/2022-03/2022-03-20/2022-03-20-61102.png,Facebook,,0,tagBox1,0.85276496,rgh3kazzfk.projects.webpages.one
apwg_sample_4190/2022-05/2022-05-10/2022-05-10-76996.png,United Parcel Service,,0,tagBox1,0.72964823,assets.fathershops.com
apwg_sample_4190/2022-03/2022-03-11/2022-03-11-26575.png,Facebook,Facebook,1,tagBox1,0.8778986,cutt.ly
apwg_sample_4190/2022-03/2022-03-18/2022-03-18-6722.png,Instagram,,0,tagBox1,0.71253794,helpcompopotnty.tk
apwg_sample_4190/2022-05/2022-05-17/2022-05-17-111220.png,Facebook,Facebook,1,tagBox1,0.85661054,transhumant-package.000webhostapp.com
apwg_sample_4190/2022-04/2022-04-22/2022-04-22-585267.png,Facebook,Facebook,1,tagBox1,0.92705476,facebook9031.glitch.me
apwg_sample_4190/2022-03/2022-03-13/2022-03-13-63109.png,Instagram,,0,tagBox1,0.71253794,couldveirfty.co.vu
apwg_sample_4190/2022-05/2022-05-04/2022-05-04-42520.png,Facebook,Facebook,1,tagBox1,0.92666215,yolospedostesaque.000webhostapp.com
apwg_sample_4190/2022-03/2022-03-12/2022-03-12-29947.png,Instagram,Instagram,1,tagBox1,0.9550888,teliffddestek.com
apwg_sample_4190/2022-05/2022-05-26/2022-05-26-88690.png,Facebook,Facebook,1,tagBox1,0.85423124,viewvideofree.000webhostapp.com
apwg_sample_4190/2022-04/2022-04-25/2022-04-25-301330.png,Instagram,,0,tagBox0,0,metaverifysbadgesforms.com
apwg_sample_4190/2022-04/2022-04-04/2022-04-04-182869.png,reCAPTCHA,,0,tagBox1,0.7618158,protectmy-userinfo.com
apwg_sample_4190/2022-04/2022-04-28/2022-04-28-148378.png,Facebook,Facebook,1,tagBox1,0.92705476,my.famous.co
apwg_sample_4190/2022-09/2022-09-06/2022-09-06-219017.png,Facebook,Facebook,1,tagBox1,0.93049645,checkpoint-fb-10000002365498446636526495.tk
apwg_sample_4190/2022-07/2022-07-28/2022-07-28-7099.png,Microsoft,Microsoft,1,tagBox1,0.90493906,ipfs.fleek.co
apwg_sample_4190/2022-03/2022-03-03/2022-03-03-76853.png,Chase Bank,,0,tagBox0,0,chase-userealert.com
apwg_sample_4190/2022-09/2022-09-07/2022-09-07-201921.png,Deutsche Post,,0,tagBox0,0,fantom.clickfunnels.com
apwg_sample_4190/2023-07/2023-07-07/2023-07-07-104638.png,Microsoft,Microsoft,1,tagBox1,0.93160164,dedcare.com
apwg_sample_4190/2022-07/2022-07-01/2022-07-01-25431.png,Chase Bank,,0,tagBox1,0.78162515,theofficialpcmercantile.com
apwg_sample_4190/2022-03/2022-03-20/2022-03-20-60886.png,Citizens Bank,,0,tagBox1,0.7206955,pivotatwill.com
apwg_sample_4190/2022-03/2022-03-20/2022-03-20-60613.png,Citizens Bank,M & T Bank Coporation,1,tagBox1,0.8369326,elliottadolescenttherapy.com
apwg_sample_4190/2022-03/2022-03-28/2022-03-28-69233.png,Chase Bank,Chase Personal Banking,1,tagBox1,0.86569464,179.43.140.208
apwg_sample_4190/2022-07/2022-07-11/2022-07-11-111271.png,Facebook,Facebook,1,tagBox1,0.91078454,it-meta.akut24.fi
apwg_sample_4190/2022-05/2022-05-21/2022-05-21-86055.png,Chronopost International,Chronopost International,1,tagBox1,0.98195505,b103824.hostde38.fornex.host
apwg_sample_4190/2022-07/2022-07-19/2022-07-19-86686.png,Alaska USA Federal Credit Union,Alaska USA Federal Credit Union,1,tagBox1,0.9326841,myalaskausa.serveirc.com
apwg_sample_4190/2022-08/2022-08-19/2022-08-19-124732.png,Wells Fargo Bank,,0,tagBox1,0.7969334,jinglegems.com
apwg_sample_4190/2022-03/2022-03-20/2022-03-20-60841.png,Citizens Bank,,0,tagBox1,0.7206955,onemorenote.com
apwg_sample_4190/2022-08/2022-08-03/2022-08-03-62738.png,Namecheap,,0,tagBox1,0.73543787,los-flnd-device.com
apwg_sample_4190/2022-03/2022-03-21/2022-03-21-10222.png,Citizens Bank,,0,tagBox1,0.7206955,thedeeplyrootedhomeschool.com
apwg_sample_4190/2022-03/2022-03-21/2022-03-21-10903.png,Microsoft,Microsoft,1,tagBox1,0.8558549,s3.wasabisys.com
apwg_sample_4190/2022-03/2022-03-21/2022-03-21-10112.png,Microsoft,Microsoft,1,tagBox1,0.9348724,lionsdengir.com
apwg_sample_4190/2022-08/2022-08-10/2022-08-10-410825.png,Coinbase,,0,tagBox0,0,postbankde.cf
apwg_sample_4190/2022-04/2022-04-11/2022-04-11-375769.png,Microsoft,Microsoft,1,tagBox1,0.9074975,optdata.com
apwg_sample_4190/2022-04/2022-04-12/2022-04-12-169196.png,Suncoast Credit Union,,0,tagBox1,0.74750125,leavidngg.diskstation.eu
apwg_sample_4190/2022-05/2022-05-29/2022-05-29-119461.png,Wells Fargo Bank,,0,tagBox1,0.7969334,israeltest.prescafecrew.com
apwg_sample_4190/2023-01/2023-01-10/2023-01-10-102185.png,Wells Fargo Bank,,0,tagBox1,0.5648328,secured01010.x24hr.com
apwg_sample_4190/2022-11/2022-11-07/2022-11-07-260261.png,Microsoft,Microsoft,1,tagBox1,0.92173624,nameless-night-8e37.villa-60.workers.dev
apwg_sample_4190/2022-03/2022-03-20/2022-03-20-60211.png,Instagram,Instagram,1,tagBox1,0.85239446,denicezbakalim.000webhostapp.com
apwg_sample_4190/2022-03/2022-03-21/2022-03-21-11653.png,Roundcube,,0,tagBox0,0,sun6.club
apwg_sample_4190/2022-04/2022-04-02/2022-04-02-172339.png,Instagram,Instagram,1,tagBox1,0.9336356,feed-backteamig.ml
apwg_sample_4190/2022-07/2022-07-20/2022-07-20-112585.png,Google,Google,1,tagBox1,0.98183954,iccu-2fa.web.app
apwg_sample_4190/2022-08/2022-08-16/2022-08-16-398078.png,DHL,DHL Airways,1,tagBox1,0.9651976,xswizit.com
apwg_sample_4190/2022-03/2022-03-31/2022-03-31-52731.png,Roundcube,,0,tagBox0,0,mail.netflx.us.to
apwg_sample_4190/2022-08/2022-08-24/2022-08-24-342335.png,Deutsche Post,,0,tagBox0,0,michelegrimard322-b6fbdf.ingress-baronn.ewp.live
apwg_sample_4190/2022-03/2022-03-10/2022-03-10-59995.png,Facebook,Facebook,1,tagBox1,0.8847625,thisc0rd.000webhostapp.com
apwg_sample_4190/2022-05/2022-05-08/2022-05-08-23181.png,Instagram,,0,tagBox1,0.7701316,ghostemane33.000webhostapp.com
apwg_sample_4190/2022-04/2022-04-24/2022-04-24-91733.png,Facebook,Facebook,1,tagBox1,0.9407767,3zj1.short.gy
apwg_sample_4190/2022-03/2022-03-19/2022-03-19-14084.png,Facebook,,0,tagBox1,0.669407,duaisisarimi.com
apwg_sample_4190/2022-07/2022-07-03/2022-07-03-124739.png,Facebook,Facebook,1,tagBox1,0.93920445,vibharam.com
apwg_sample_4190/2022-03/2022-03-28/2022-03-28-70293.png,Royal Bank of Canada,RBC Royal Bank,1,tagBox1,0.91801167,dev.apcdfoundation.org
apwg_sample_4190/2022-04/2022-04-03/2022-04-03-187676.png,Facebook,,0,tagBox1,0.63793534,pubgca.blogspot.ie
apwg_sample_4190/2022-05/2022-05-25/2022-05-25-113929.png,Shopee,,0,tagBox1,0.6734494,shopmall88.com
apwg_sample_4190/2023-05/2023-05-23/2023-05-23-28390.png,United Services Automobile Association,United Services Automobile Association,1,tagBox1,0.8965282,blog.aaronleyland.com
apwg_sample_4190/2022-04/2022-04-22/2022-04-22-585027.png,Microsoft,Microsoft,1,tagBox1,0.9349616,exclusivefgd08.azurewebsites.net
apwg_sample_4190/2022-04/2022-04-27/2022-04-27-464777.png,PayPal,PayPal,1,tagBox1,0.8883543,verfikaksla.uk.to
apwg_sample_4190/2022-03/2022-03-30/2022-03-30-19134.png,Facebook,Facebook,1,tagBox1,0.8551297,aremnas.co.vu
apwg_sample_4190/2022-04/2022-04-23/2022-04-23-386435.png,Facebook,Facebook,1,tagBox1,0.86471325,remindful-lapses.000webhostapp.com
apwg_sample_4190/2022-10/2022-10-02/2022-10-02-1248297.png,Amazon,Amazon,1,tagBox1,0.9225117,chekolechkirosabeselome.com
apwg_sample_4190/2022-06/2022-06-23/2022-06-23-24175.png,Facebook,Facebook,1,tagBox1,0.86884606,testting100.000webhostapp.com
apwg_sample_4190/2022-04/2022-04-24/2022-04-24-88715.png,Instagram,Instagram,1,tagBox1,0.9242643,copyrightcenterform.ml
apwg_sample_4190/2022-03/2022-03-23/2022-03-23-33962.png,au,,0,tagBox0,0,aiu.kdda.xkqztok.cn
apwg_sample_4190/2022-05/2022-05-29/2022-05-29-124324.png,Instagram,Instagram,1,tagBox1,0.8585696,alextdss.000webhostapp.com
apwg_sample_4190/2022-05/2022-05-04/2022-05-04-31942.png,Microsoft,Microsoft,1,tagBox1,0.8558549,polished-snowflake-8205.on.fleek.co
apwg_sample_4190/2022-03/2022-03-11/2022-03-11-25047.png,Instagram,,0,tagBox1,0.7798128,guardscloudnews.org
apwg_sample_4190/2022-03/2022-03-13/2022-03-13-63318.png,Facebook,,0,tagBox1,0.65905976,www.cettarpubg.com
apwg_sample_4190/2023-01/2023-01-05/2023-01-05-110933.png,Vietcombank,Microsoft,1,tagBox1,0.8363098,www.bangkokbankbeb.com
apwg_sample_4190/2022-04/2022-04-16/2022-04-16-106654.png,Facebook,,0,tagBox1,0.7397951,mo9.70003uc.duckdns.org
apwg_sample_4190/2022-08/2022-08-14/2022-08-14-113323.png,Facebook,Facebook,1,tagBox1,0.9407767,www.custream.com
apwg_sample_4190/2022-06/2022-06-16/2022-06-16-468490.png,Facebook,Facebook,1,tagBox1,0.8997042,exsecutive.000webhostapp.com
apwg_sample_4190/2022-11/2022-11-14/2022-11-14-32917.png,Trust Wallet,,0,tagBox1,0.59274924,pancakeswapwallets.granticket.com
apwg_sample_4190/2022-06/2022-06-18/2022-06-18-481718.png,Facebook,Facebook,1,tagBox1,0.9333567,securitytechfortesters.000webhostapp.com
apwg_sample_4190/2022-03/2022-03-02/2022-03-02-80420.png,Instagram,Instagram,1,tagBox1,0.86645174,instagram-picture.event94.com
apwg_sample_4190/2022-08/2022-08-17/2022-08-17-54677.png,Facebook,Facebook,1,tagBox1,0.9331749,regulation-100076767653435695748645636.tk
apwg_sample_4190/2022-04/2022-04-21/2022-04-21-384039.png,Instagram,Instagram,1,tagBox1,0.83331597,lnstagramhlpspam.000webhostapp.com
apwg_sample_4190/2022-09/2022-09-20/2022-09-20-52120.png,Outlook,Microsoft,1,tagBox1,0.8914538,wuerth-mail.com
apwg_sample_4190/2022-03/2022-03-13/2022-03-13-63502.png,Facebook,,0,tagBox1,0.63742614,officialevent.org
apwg_sample_4190/2022-06/2022-06-15/2022-06-15-291582.png,Microsoft,Microsoft,1,tagBox1,0.92512476,kurindubaitullah.com
apwg_sample_4190/2023-02/2023-02-11/2023-02-11-101710.png,GoDaddy,,0,tagBox1,0.89904773,intesasanpaolo-vita.com
apwg_sample_4190/2022-05/2022-05-08/2022-05-08-28468.png,Facebook,Facebook,1,tagBox1,0.8941618,asfartggf-ateaerse-s.agilecrm.com
apwg_sample_4190/2022-03/2022-03-31/2022-03-31-54994.png,GoDaddy,,0,tagBox1,0.89904773,www.secure-4u.com
apwg_sample_4190/2022-03/2022-03-31/2022-03-31-48507.png,GoDaddy,,0,tagBox1,0.89904773,www.secure-4u.com
apwg_sample_4190/2022-03/2022-03-31/2022-03-31-37857.png,GoDaddy,,0,tagBox1,0.89904773,www.secure-4u.com
apwg_sample_4190/2022-03/2022-03-31/2022-03-31-46513.png,GoDaddy,,0,tagBox1,0.89904773,www.secure-4u.com
apwg_sample_4190/2022-03/2022-03-31/2022-03-31-54432.png,GoDaddy,,0,tagBox1,0.89904773,www.secure-4u.com
apwg_sample_4190/2022-03/2022-03-31/2022-03-31-50166.png,GoDaddy,,0,tagBox1,0.89904773,www.secure-4u.com
apwg_sample_4190/2022-03/2022-03-31/2022-03-31-44428.png,GoDaddy,,0,tagBox1,0.89904773,www.secure-4u.com
apwg_sample_4190/2022-03/2022-03-31/2022-03-31-48687.png,GoDaddy,,0,tagBox1,0.89904773,www.secure-4u.com
apwg_sample_4190/2022-03/2022-03-31/2022-03-31-55220.png,GoDaddy,,0,tagBox1,0.89904773,www.secure-4u.com
apwg_sample_4190/2022-04/2022-04-01/2022-04-01-77070.png,GoDaddy,,0,tagBox1,0.89904773,www.secure-4u.com
apwg_sample_4190/2022-03/2022-03-31/2022-03-31-52185.png,Microsoft Bing,,0,tagBox1,0.78458285,app.my.commbank.com.au.australia.location.aus.loginandtakeback.secureaccount.security.lower.reset.petscremation.com.sg
apwg_sample_4190/2022-03/2022-03-31/2022-03-31-48548.png,GoDaddy,,0,tagBox1,0.89904773,www.secure-4u.com
apwg_sample_4190/2022-03/2022-03-31/2022-03-31-52296.png,GoDaddy,,0,tagBox1,0.89904773,www.secure-4u.com
apwg_sample_4190/2022-03/2022-03-31/2022-03-31-42848.png,Alaska USA Federal Credit Union,Alaska USA Federal Credit Union,1,tagBox1,0.9581375,ditlantas.ntb.polri.go.id
apwg_sample_4190/2022-05/2022-05-06/2022-05-06-195951.png,Microsoft,Microsoft,1,tagBox1,0.94998217,liwindiinvestments.co.ke
apwg_sample_4190/2022-03/2022-03-31/2022-03-31-51748.png,GoDaddy,,0,tagBox1,0.89904773,secure-4u.com
apwg_sample_4190/2022-03/2022-03-31/2022-03-31-51764.png,GoDaddy,,0,tagBox1,0.89904773,www.secure-4u.com
apwg_sample_4190/2022-03/2022-03-31/2022-03-31-52411.png,GoDaddy,,0,tagBox1,0.89904773,www.secure-4u.com
apwg_sample_4190/2022-04/2022-04-09/2022-04-09-238286.png,PayPal,PayPal,1,tagBox1,0.900047,www.inmoabc.com
apwg_sample_4190/2023-06/2023-06-13/2023-06-13-12957.png,Facebook,,0,tagBox1,0.8273641,shaheerfacebook.onrender.com
apwg_sample_4190/2023-02/2023-02-23/2023-02-23-100121.png,Yahoo,Yahoo!,1,tagBox1,0.8553196,baisrefoel.com
apwg_sample_4190/2023-01/2023-01-12/2023-01-12-174984.png,Piraeus Bank,,0,tagBox0,0,win-go-auth.com
apwg_sample_4190/2023-05/2023-05-30/2023-05-30-76747.png,Facebook,,0,tagBox1,0.7584812,sfgdxgdsrtsd.blogspot.com.co
apwg_sample_4190/2022-04/2022-04-02/2022-04-02-171552.png,Instagram,Instagram,1,tagBox1,0.9086707,www.notificationhelpteam.ga
apwg_sample_4190/2022-04/2022-04-06/2022-04-06-441695.png,M&T Bank Corporation,M & T Bank Coporation,1,tagBox1,0.9441757,net.csjla.pe
apwg_sample_4190/2022-04/2022-04-25/2022-04-25-304192.png,JCB Co Ltd,,0,tagBox0,0,visa.co.jp.visajp.xyz
apwg_sample_4190/2022-09/2022-09-10/2022-09-10-148972.png,Namecheap,,0,tagBox1,0.76421297,yzvideo.xyz
apwg_sample_4190/2023-04/2023-04-12/2023-04-12-67576.png,Microsoft,Microsoft,1,tagBox1,0.9298092,giveawaydesigns.online
apwg_sample_4190/2022-07/2022-07-21/2022-07-21-23137.png,National Bank of Canada,National Bank of Canada,1,tagBox1,0.9705869,congresoselis.info
apwg_sample_4190/2022-05/2022-05-11/2022-05-11-193971.png,Facebook,,0,tagBox1,0.72403884,mlbb-eventnew-free.duckdns.org
apwg_sample_4190/2022-08/2022-08-13/2022-08-13-119299.png,Meta,,0,tagBox1,0.80619323,kayracii.000webhostapp.com
apwg_sample_4190/2022-04/2022-04-09/2022-04-09-238827.png,Facebook,Facebook,1,tagBox1,0.95967495,cuocthihoahau2k.000webhostapp.com
apwg_sample_4190/2023-06/2023-06-23/2023-06-23-103631.png,Facebook,,0,tagBox1,0.60717523,vbncvbncvbndfghdfgh86658.blogspot.no
apwg_sample_4190/2022-08/2022-08-14/2022-08-14-111184.png,LoginPage,,0,tagBox0,0,dailygames24.com
apwg_sample_4190/2022-08/2022-08-01/2022-08-01-421601.png,SharePoint,,0,tagBox1,0.7276987,holy-disk-fe09.valeracooper00.workers.dev
apwg_sample_4190/2023-03/2023-03-14/2023-03-14-11363.png,Microsoft,,0,tagBox0,0,bafybeifq4lzevehze752r2gwu3b2hczosfzlofru2r53bzanxohiltxpue.ipfs.dweb.link
apwg_sample_4190/2022-03/2022-03-13/2022-03-13-61970.png,Lufthansa,,0,tagBox0,0,mail.iatp.com
apwg_sample_4190/2022-04/2022-04-23/2022-04-23-388085.png,Wildberries,,0,tagBox1,0.7794175,kch6l80.cn
apwg_sample_4190/2022-03/2022-03-28/2022-03-28-72014.png,Facebook,Facebook,1,tagBox1,0.833605,critical-eq-rd-clay.trycloudflare.com
apwg_sample_4190/2023-07/2023-07-10/2023-07-10-4717.png,Outlook,Microsoft,1,tagBox1,0.8914538,ipfs.io
apwg_sample_4190/2022-10/2022-10-14/2022-10-14-161084.png,Microsoft,,0,tagBox1,0.6130697,642sqoepoiwqegra.ml
apwg_sample_4190/2022-10/2022-10-24/2022-10-24-304914.png,Microsoft,Microsoft,1,tagBox1,0.8558549,www.thehillslc.com.au
apwg_sample_4190/2022-04/2022-04-08/2022-04-08-175281.png,Chase Bank,,0,tagBox1,0.7544119,cosmetologiadobem.com.br
apwg_sample_4190/2022-09/2022-09-11/2022-09-11-222182.png,Namecheap,,0,tagBox1,0.66964996,crosswaypostcourier.com
apwg_sample_4190/2022-03/2022-03-09/2022-03-09-90755.png,Naver Corporation,Naver,1,tagBox1,0.9089853,anjiabbs.com
apwg_sample_4190/2023-07/2023-07-21/2023-07-21-63873.png,Facebook,Facebook,1,tagBox1,0.8941618,facebuuklite.agilecrm.com
apwg_sample_4190/2022-04/2022-04-14/2022-04-14-348622.png,Wells Fargo Bank,,0,tagBox1,0.7969334,mentorplus.ca
apwg_sample_4190/2023-03/2023-03-07/2023-03-07-17691.png,Microsoft,Microsoft,1,tagBox1,0.85313725,cool-haibt.46-101-207-246.plesk.page
apwg_sample_4190/2022-09/2022-09-14/2022-09-14-163550.png,Adobe,Adobe,1,tagBox1,0.9290087,hrweb.duckdns.org
apwg_sample_4190/2022-04/2022-04-07/2022-04-07-1924.png,AT&T,AT&T,1,tagBox1,0.93414026,linktr.ee
apwg_sample_4190/2022-04/2022-04-13/2022-04-13-549428.png,Wells Fargo Bank,,0,tagBox1,0.7969334,mrazavi.ca
apwg_sample_4190/2022-06/2022-06-07/2022-06-07-552944.png,Facebook,Facebook,1,tagBox1,0.9262533,ryjyrfjyuktfhjdfghgjdfghjdh.000webhostapp.com
apwg_sample_4190/2022-04/2022-04-05/2022-04-05-59746.png,Naver Corporation,Naver,1,tagBox1,0.9039681,pay.naver.pages258s.page461.com
apwg_sample_4190/2022-08/2022-08-06/2022-08-06-464435.png,Instagram,Instagram,1,tagBox1,0.9162741,redirect-insta.github.io
apwg_sample_4190/2022-08/2022-08-14/2022-08-14-111293.png,AT&T,,0,tagBox1,0.71524096,yahoo-108616.weeblysite.com
apwg_sample_4190/2022-05/2022-05-31/2022-05-31-104506.png,Facebook,,0,tagBox1,0.7584812,gagansaini421.blogspot.com.ar
apwg_sample_4190/2022-04/2022-04-27/2022-04-27-461463.png,Wildberries,,0,tagBox1,0.7794175,h5l7vfz.cn
apwg_sample_4190/2022-07/2022-07-16/2022-07-16-66195.png,Facebook,,0,tagBox1,0.52222663,cutt.ly
apwg_sample_4190/2022-09/2022-09-09/2022-09-09-132088.png,Deutsche Post,,0,tagBox0,0,fantolavertsae819-bb115e.ingress-bonde.ewp.live
apwg_sample_4190/2022-07/2022-07-12/2022-07-12-12615.png,Provider,,0,tagBox1,0.72887295,jollylandkids.buzzdigitaleg.com
apwg_sample_4190/2022-05/2022-05-25/2022-05-25-114861.png,GTE Financial,,0,tagBox1,0.67801595,stepnteam.shop
apwg_sample_4190/2023-03/2023-03-03/2023-03-03-24567.png,Naver Corporation,Naver,1,tagBox1,0.9036535,zealous-seen-globeflower.glitch.me
apwg_sample_4190/2022-03/2022-03-09/2022-03-09-90378.png,Naver Corporation,Naver,1,tagBox1,0.9124368,luise.schafzucht-strobl.at
apwg_sample_4190/2022-05/2022-05-03/2022-05-03-9829.png,Naver Corporation,,0,tagBox0,0,navcorpvteam.site
apwg_sample_4190/2023-07/2023-07-19/2023-07-19-44464.png,Facebook,Facebook,1,tagBox1,0.8563772,social-logins.com
apwg_sample_4190/2023-05/2023-05-10/2023-05-10-135169.png,Naver Corporation,Naver,1,tagBox1,0.8906119,still-bread-2193.on.fleek.co
apwg_sample_4190/2022-03/2022-03-06/2022-03-06-90943.png,Facebook,,0,tagBox1,0.6230966,melbet-fvc.xyz
apwg_sample_4190/2023-05/2023-05-19/2023-05-19-9968.png,Facebook,Facebook,1,tagBox1,0.8778986,f41dc64b1b4bff.lhr.life
apwg_sample_4190/2022-05/2022-05-29/2022-05-29-129501.png,Namecheap,,0,tagBox1,0.8089184,www.hillsidearms.com
apwg_sample_4190/2022-04/2022-04-09/2022-04-09-243517.png,Wells Fargo Bank,Government of Canada,1,tagBox1,0.8743061,loxyteh.cn
apwg_sample_4190/2022-04/2022-04-09/2022-04-09-238923.png,Wildberries,,0,tagBox1,0.7794175,1euegbi.cn
apwg_sample_4190/2022-04/2022-04-13/2022-04-13-549430.png,International Card Services,International Card Services B.V,1,tagBox1,0.8936832,eastcoastsearch.com
apwg_sample_4190/2022-04/2022-04-04/2022-04-04-181789.png,International Card Services,International Card Services B.V,1,tagBox1,0.87986976,eastcoastsearch.com
apwg_sample_4190/2022-04/2022-04-07/2022-04-07-3773.png,Sparkasse,,0,tagBox1,0.77655184,spk-kunden-nutzen.com
apwg_sample_4190/2023-01/2023-01-17/2023-01-17-236445.png,Microsoft 365,Microsoft,1,tagBox1,0.8851426,damgroup-mx.com
apwg_sample_4190/2023-01/2023-01-30/2023-01-30-91545.png,Intuit,,0,tagBox1,0.53296447,gamingaccesories.za.com
apwg_sample_4190/2022-04/2022-04-09/2022-04-09-242436.png,International Card Services,International Card Services B.V,1,tagBox1,0.87270266,eastcoastsearch.com
apwg_sample_4190/2022-04/2022-04-13/2022-04-13-553426.png,Microsoft,Microsoft,1,tagBox1,0.9439415,f065.steveneugen1234.workers.dev
apwg_sample_4190/2022-09/2022-09-04/2022-09-04-48076.png,Facebook,,0,tagBox1,0.72515905,apzonisaza.my.id
apwg_sample_4190/2022-10/2022-10-11/2022-10-11-327260.png,Wells Fargo Bank,,0,tagBox1,0.7969334,xnxxthailand.com
apwg_sample_4190/2022-04/2022-04-14/2022-04-14-341507.png,Sparkasse,Sparkasse Bank,1,tagBox1,0.94739884,wehogaypride.com
apwg_sample_4190/2022-08/2022-08-08/2022-08-08-478059.png,Meta,,0,tagBox1,0.7095456,tinyurl.com
apwg_sample_4190/2022-10/2022-10-06/2022-10-06-1222009.png,Instagram,Instagram,1,tagBox1,0.8943776,dev-ig-show.pantheonsite.io
apwg_sample_4190/2022-08/2022-08-19/2022-08-19-122513.png,Wells Fargo Bank,,0,tagBox1,0.7969334,jinglegems.com
apwg_sample_4190/2022-04/2022-04-18/2022-04-18-396218.png,Wells Fargo Bank,,0,tagBox1,0.7969334,wetechs.ca
apwg_sample_4190/2022-04/2022-04-29/2022-04-29-329484.png,Instagram,Instagram,1,tagBox1,0.85951364,instagram-com-p.proxy.webtoppings.bar
apwg_sample_4190/2022-04/2022-04-17/2022-04-17-39537.png,Wildberries,,0,tagBox1,0.7794175,clsnkc4.cn
apwg_sample_4190/2022-04/2022-04-17/2022-04-17-8929.png,Microsoft,Microsoft,1,tagBox1,0.91647243,s3.us-east-1.wasabisys.com
apwg_sample_4190/2022-07/2022-07-21/2022-07-21-23488.png,Alaska USA Federal Credit Union,Alaska USA Federal Credit Union,1,tagBox1,0.9581375,mail.happyfamilysupport.com
apwg_sample_4190/2022-04/2022-04-16/2022-04-16-104680.png,Apple,Apple,1,tagBox1,0.8565697,svims.com
apwg_sample_4190/2022-05/2022-05-03/2022-05-03-9560.png,Microsoft,Microsoft,1,tagBox1,0.8558549,arisresidences.live
apwg_sample_4190/2022-08/2022-08-20/2022-08-20-98818.png,Facebook,Facebook,1,tagBox1,0.8623023,faceboookcuentanuevaprivada.filesusr.com
apwg_sample_4190/2022-04/2022-04-16/2022-04-16-133040.png,Instagram,Instagram,1,tagBox1,0.9302008,appeal-for-contact-form.ml
apwg_sample_4190/2023-02/2023-02-08/2023-02-08-14629.png,State Bank of India,Zoopla,1,tagBox1,0.85498166,qrwc.com.au
apwg_sample_4190/2022-10/2022-10-10/2022-10-10-797283.png,Instagram,Instagram,1,tagBox1,0.9531904,autts.com
apwg_sample_4190/2022-08/2022-08-21/2022-08-21-185349.png,Facebook,Facebook,1,tagBox1,0.9331749,regulation-100020003567867447877827.tk
apwg_sample_4190/2022-04/2022-04-16/2022-04-16-129964.png,Wells Fargo Bank,,0,tagBox1,0.7969334,wetechs.ca
apwg_sample_4190/2022-04/2022-04-23/2022-04-23-385842.png,Huntington Bank,Huntington Bank,1,tagBox1,0.88405114,xsdlxs34wnet.ru
apwg_sample_4190/2022-04/2022-04-19/2022-04-19-236469.png,Microsoft,Microsoft,1,tagBox1,0.8987764,falling-moon-f74f.jigar220008290.workers.dev
apwg_sample_4190/2022-05/2022-05-29/2022-05-29-121951.png,Wells Fargo Bank,,0,tagBox1,0.7969334,israeltest.prescafecrew.com
apwg_sample_4190/2022-06/2022-06-20/2022-06-20-8453.png,Instagram,Instagram,1,tagBox1,0.9242643,babanaberya.000webhostapp.com
apwg_sample_4190/2023-02/2023-02-26/2023-02-26-21052.png,Facebook,Facebook,1,tagBox1,0.8613335,tinyurl.com
apwg_sample_4190/2022-04/2022-04-08/2022-04-08-175202.png,Wildberries,,0,tagBox1,0.7794175,pqcxsp.tw
apwg_sample_4190/2022-04/2022-04-10/2022-04-10-80720.png,Wells Fargo Bank,Government of Canada,1,tagBox1,0.8905879,hmtt0io.cn
apwg_sample_4190/2022-05/2022-05-15/2022-05-15-219780.png,Microsoft,,0,tagBox1,0.6333157,clocktin.com
apwg_sample_4190/2022-04/2022-04-10/2022-04-10-81430.png,Volksbank Raiffeisenbanken,,0,tagBox1,0.70907986,xialdeco.es
apwg_sample_4190/2022-06/2022-06-02/2022-06-02-504021.png,JCB Co Ltd,Visa International Service Association,1,tagBox1,0.90874225,www.vvisaosceoi.oqajupv.presse.ci
apwg_sample_4190/2023-05/2023-05-06/2023-05-06-7475.png,Facebook,Facebook,1,tagBox1,0.92705476,bolevideo512.es.tl
apwg_sample_4190/2022-10/2022-10-19/2022-10-19-102111.png,Microsoft,Microsoft,1,tagBox1,0.93957376,jivadesigns.com
apwg_sample_4190/2022-06/2022-06-06/2022-06-06-595749.png,Facebook,,0,tagBox0,0,lvckydraws.com
apwg_sample_4190/2022-06/2022-06-27/2022-06-27-367471.png,Netflix,,0,tagBox1,0.61965287,packgesupportramz.ml
apwg_sample_4190/2022-04/2022-04-25/2022-04-25-323252.png,Instagram,Instagram,1,tagBox1,0.8525596,assistantformworkhelp.org
apwg_sample_4190/2022-04/2022-04-20/2022-04-20-73434.png,DHL,,0,tagBox1,0.845246,hindustanpolyfab.co.in
apwg_sample_4190/2022-05/2022-05-09/2022-05-09-98534.png,Yahoo,Yahoo!,1,tagBox1,0.9174254,fxsinvestment.com
apwg_sample_4190/2022-04/2022-04-29/2022-04-29-329206.png,Facebook,,0,tagBox0,0,x-suitmaterial.net
apwg_sample_4190/2022-10/2022-10-15/2022-10-15-513484.png,State Bank of India,,0,tagBox1,0.722186,issbb125.000webhostapp.com
apwg_sample_4190/2022-08/2022-08-11/2022-08-11-367965.png,Microsoft,Microsoft,1,tagBox1,0.9458089,younganddivine.co.uk
apwg_sample_4190/2022-08/2022-08-11/2022-08-11-369937.png,Facebook,Facebook,1,tagBox1,0.9435675,greenscreenproductions.co.uk
apwg_sample_4190/2022-05/2022-05-15/2022-05-15-219907.png,BT Group,BT Group plc,1,tagBox1,0.9341314,webmail-109276.weeblysite.com
apwg_sample_4190/2022-06/2022-06-15/2022-06-15-294343.png,Microsoft,,0,tagBox1,0.6908375,ryanschumackd3dc.myportfolio.com
apwg_sample_4190/2022-04/2022-04-01/2022-04-01-76640.png,GoDaddy,,0,tagBox1,0.89904773,www.secure-4u.com
apwg_sample_4190/2022-08/2022-08-25/2022-08-25-258713.png,Microsoft,,0,tagBox1,0.71126306,omaeoqwpeob429.ml
apwg_sample_4190/2022-08/2022-08-22/2022-08-22-302032.png,Microsoft,Microsoft,1,tagBox1,0.9289708,miyanji.com
apwg_sample_4190/2022-09/2022-09-15/2022-09-15-75221.png,M&T Bank Corporation,M & T Bank Coporation,1,tagBox1,0.9653435,luckyfinance.co.in
apwg_sample_4190/2023-05/2023-05-30/2023-05-30-74797.png,Facebook,,0,tagBox1,0.7584812,sfdxzfcsdfzxcxz.blogspot.bg
apwg_sample_4190/2023-06/2023-06-19/2023-06-19-141402.png,Facebook,Facebook,1,tagBox1,0.9067111,sos-fakty24h.pl
apwg_sample_4190/2022-08/2022-08-10/2022-08-10-405680.png,M&T Bank Corporation,M & T Bank Coporation,1,tagBox1,0.9653435,kmcthealthsciences.org
apwg_sample_4190/2022-04/2022-04-10/2022-04-10-83475.png,Singapore Airlines,,0,tagBox0,0,niby8.tw
apwg_sample_4190/2023-01/2023-01-08/2023-01-08-9842.png,Messenger,,0,tagBox0,0,mountainous.tech
apwg_sample_4190/2022-10/2022-10-02/2022-10-02-1222379.png,Facebook,,0,tagBox0,0,app-okon.z7dzfbmm4d-xoy4wn7gr4pw.p.temp-site.link
apwg_sample_4190/2022-06/2022-06-01/2022-06-01-284294.png,Standard Bank,,0,tagBox0,0,nationalcollegeofpharmacy.org
apwg_sample_4190/2022-09/2022-09-15/2022-09-15-66715.png,Facebook,Facebook,1,tagBox1,0.8827318,verifikasikeamanan-akunblokiridentiitas.weebly.com
apwg_sample_4190/2022-08/2022-08-18/2022-08-18-389957.png,Microsoft,Microsoft,1,tagBox1,0.9054781,sentulland.co.id
apwg_sample_4190/2022-04/2022-04-12/2022-04-12-161355.png,VakıfBank,,0,tagBox1,0.80434144,vakifbankdigital-v3-comtr.tk
apwg_sample_4190/2022-04/2022-04-28/2022-04-28-144209.png,Instagram,,0,tagBox1,0.7607739,contactserver-83739.tk
apwg_sample_4190/2022-04/2022-04-24/2022-04-24-87699.png,Microsoft Bing,,0,tagBox1,0.79980844,www.crazyweb.my
apwg_sample_4190/2022-04/2022-04-24/2022-04-24-91756.png,Microsoft Bing,,0,tagBox1,0.79980844,www.intesasanpaolo.persone-e-famiglie.on-lt.net
apwg_sample_4190/2022-04/2022-04-25/2022-04-25-320040.png,Instagram,Yahoo!,1,tagBox1,0.8425259,denemeitaly.tk
apwg_sample_4190/2022-04/2022-04-23/2022-04-23-387198.png,Microsoft Bing,Microsoft,1,tagBox1,0.86247414,www.crazyweb.my
apwg_sample_4190/2022-04/2022-04-24/2022-04-24-88717.png,Banco Estado,Banco del Estado de Chile,1,tagBox1,0.91877484,bancoestado-creditos-web.ml
apwg_sample_4190/2022-04/2022-04-23/2022-04-23-385571.png,Facebook,Facebook,1,tagBox1,0.892138,facebook948930.glitch.me
apwg_sample_4190/2022-07/2022-07-14/2022-07-14-110106.png,Facebook,Facebook,1,tagBox1,0.8558588,www2022.co.vu
apwg_sample_4190/2022-08/2022-08-11/2022-08-11-371026.png,Trust Wallet,,0,tagBox1,0.59942216,trustwailet.cn
apwg_sample_4190/2022-06/2022-06-06/2022-06-06-595707.png,Microsoft,Microsoft,1,tagBox1,0.91647243,summer-frost-9891.on.fleek.co
apwg_sample_4190/2022-10/2022-10-01/2022-10-01-1043498.png,Shopify,,0,tagBox0,0,www.ogsoft.cz
apwg_sample_4190/2022-05/2022-05-29/2022-05-29-125558.png,Shopify,,0,tagBox0,0,sylabs-dz.com
apwg_sample_4190/2022-06/2022-06-10/2022-06-10-305599.png,Shopify,,0,tagBox0,0,ggojrhebdh3re7dyhd.azureedge.net
apwg_sample_4190/2022-04/2022-04-29/2022-04-29-329353.png,DHL,DHL Airways,1,tagBox1,0.93972635,siuosiooziozlz-gikodit257911665.codeanyapp.com
apwg_sample_4190/2022-05/2022-05-14/2022-05-14-112829.png,Facebook,,0,tagBox1,0.6676383,item-pubg-collect187.duckdns.org
apwg_sample_4190/2022-04/2022-04-30/2022-04-30-447844.png,Sumitomo Mitsui Banking Corporation,,0,tagBox1,0.6643795,www.smnbcfnc.top
apwg_sample_4190/2022-05/2022-05-20/2022-05-20-78529.png,Microsoft,Microsoft,1,tagBox1,0.9108771,storageapi.fleek.co
apwg_sample_4190/2022-06/2022-06-29/2022-06-29-435352.png,Instagram,Instagram,1,tagBox1,0.92231554,copysystemguard.com
apwg_sample_4190/2022-07/2022-07-02/2022-07-02-119969.png,Microsoft,Microsoft,1,tagBox1,0.9057343,cofs456worg.ru
apwg_sample_4190/2022-04/2022-04-12/2022-04-12-156273.png,Wildberries,,0,tagBox1,0.7794175,zzzar47.cn
apwg_sample_4190/2022-04/2022-04-12/2022-04-12-157534.png,Deutsche Post,,0,tagBox0,0,faro.caryse.com
apwg_sample_4190/2022-09/2022-09-06/2022-09-06-219089.png,Wells Fargo Bank,,0,tagBox1,0.6600592,pinu4564ps4t.ru
apwg_sample_4190/2022-07/2022-07-11/2022-07-11-111368.png,Instagram,Instagram,1,tagBox1,0.98183346,instafollowersincrease12.000webhostapp.com
apwg_sample_4190/2022-04/2022-04-08/2022-04-08-174651.png,Chase Bank,,0,tagBox1,0.77484035,cosmetologiadobem.com.br
apwg_sample_4190/2022-04/2022-04-08/2022-04-08-172935.png,Singapore Airlines,,0,tagBox0,0,niby8.tw
apwg_sample_4190/2022-04/2022-04-04/2022-04-04-185263.png,GoDaddy,,0,tagBox1,0.89904773,www.secure-4u.com
apwg_sample_4190/2022-04/2022-04-04/2022-04-04-183658.png,GoDaddy,,0,tagBox1,0.89904773,www.secure-4u.com
apwg_sample_4190/2022-12/2022-12-10/2022-12-10-359735.png,United States Postal Service,,0,tagBox0,0,usps2fa.com
apwg_sample_4190/2022-05/2022-05-11/2022-05-11-182109.png,Instagram,Instagram,1,tagBox1,0.8943776,image-apl.firebaseapp.com
apwg_sample_4190/2022-06/2022-06-03/2022-06-03-455826.png,WalletConnect,,0,tagBox1,0.7520865,dappfixed.com
apwg_sample_4190/2022-04/2022-04-03/2022-04-03-187065.png,Messenger,,0,tagBox0,0,messenger-amira.blogspot.li
apwg_sample_4190/2022-09/2022-09-01/2022-09-01-202661.png,Facebook,Facebook,1,tagBox1,0.92666215,cutt.ly
apwg_sample_4190/2022-04/2022-04-19/2022-04-19-219028.png,Facebook,,0,tagBox1,0.7584812,spyronoobie.blogspot.nl
apwg_sample_4190/2022-06/2022-06-10/2022-06-10-307585.png,Facebook,Facebook,1,tagBox1,0.9571259,www.biographies.link
apwg_sample_4190/2022-04/2022-04-19/2022-04-19-203357.png,Facebook,,0,tagBox0,0,asdfsaef43.blogspot.com.by
apwg_sample_4190/2022-05/2022-05-25/2022-05-25-114975.png,Facebook,Facebook,1,tagBox1,0.9331749,100000000015564867163564823-gq.tk
apwg_sample_4190/2022-04/2022-04-26/2022-04-26-249792.png,Santander Bank,Grupo Santander,1,tagBox1,0.92953575,www.satander3notice.diskstation.eu
apwg_sample_4190/2022-05/2022-05-27/2022-05-27-208983.png,Facebook,Facebook,1,tagBox1,0.9331749,100000000087146589746541345-gq.tk
apwg_sample_4190/2022-04/2022-04-22/2022-04-22-582393.png,Microsoft,Microsoft,1,tagBox1,0.85016906,opinionbfgg42.azurewebsites.net
apwg_sample_4190/2022-05/2022-05-08/2022-05-08-26699.png,Facebook,Facebook,1,tagBox1,0.93049645,1000000000985416511041547622-gq.tk
apwg_sample_4190/2022-04/2022-04-09/2022-04-09-241895.png,Singapore Airlines,,0,tagBox0,0,niby8.tw
apwg_sample_4190/2022-05/2022-05-14/2022-05-14-113115.png,Amazon,Amazon,1,tagBox1,0.948357,qrco.de
apwg_sample_4190/2022-04/2022-04-26/2022-04-26-283286.png,Nedbank,NedBank Limited,1,tagBox1,0.8982637,saklagroup.com
apwg_sample_4190/2022-04/2022-04-25/2022-04-25-311147.png,Microsoft Bing,,0,tagBox1,0.7082509,sinerginews.co.id
apwg_sample_4190/2022-08/2022-08-18/2022-08-18-388816.png,Standard Bank,,0,tagBox0,0,madusppm.com
apwg_sample_4190/2022-04/2022-04-26/2022-04-26-280240.png,Microsoft Bing,Facebook,1,tagBox1,0.8604437,consor-portal.com
apwg_sample_4190/2022-08/2022-08-25/2022-08-25-285732.png,Chase Bank,Chase Personal Banking,1,tagBox1,0.8884892,chicken.uptoo.fun
apwg_sample_4190/2022-04/2022-04-25/2022-04-25-325730.png,Facebook,,0,tagBox1,0.79690224,coverdaadrianadefacebook.blogspot.com
apwg_sample_4190/2022-07/2022-07-21/2022-07-21-23248.png,Facebook,Facebook,1,tagBox1,0.94156194,pixel.show.co
apwg_sample_4190/2022-12/2022-12-05/2022-12-05-151872.png,WalletConnect,,0,tagBox1,0.7520865,diniance.art
apwg_sample_4190/2022-07/2022-07-08/2022-07-08-121144.png,Facebook,Facebook,1,tagBox1,0.90835786,confirmmetapage-5654532.asia
apwg_sample_4190/2022-07/2022-07-09/2022-07-09-2480.png,Navy Federal Credit Union,Navy Federal Credit Union,1,tagBox1,0.9524028,prong-brash-boa.glitch.me
apwg_sample_4190/2023-02/2023-02-22/2023-02-22-3385.png,Yahoo,Yahoo!,1,tagBox1,0.9373561,www.ictech.it
apwg_sample_4190/2022-04/2022-04-26/2022-04-26-269589.png,Microsoft,Microsoft,1,tagBox1,0.920542,sunoffice3-87706.web.app
apwg_sample_4190/2022-05/2022-05-06/2022-05-06-205428.png,Facebook,,0,tagBox0,0,r2lnemx.com
apwg_sample_4190/2022-04/2022-04-14/2022-04-14-349391.png,Instagram,Instagram,1,tagBox1,0.9544068,l24.im
apwg_sample_4190/2022-04/2022-04-25/2022-04-25-304052.png,Microsoft Bing,,0,tagBox1,0.7576275,www.crazyweb.my
apwg_sample_4190/2022-08/2022-08-20/2022-08-20-82338.png,Ozon,,0,tagBox1,0.71520346,woodrectmarfetin.ml
apwg_sample_4190/2023-01/2023-01-26/2023-01-26-2022.png,Naver Corporation,,0,tagBox0,0,jzcjx.oneandgrouponelinkinc.work.gd
apwg_sample_4190/2022-04/2022-04-25/2022-04-25-324824.png,Microsoft Bing,,0,tagBox1,0.79221034,www.crazyweb.my
apwg_sample_4190/2022-04/2022-04-25/2022-04-25-317073.png,Microsoft Bing,,0,tagBox1,0.7576275,www.crazyweb.my
apwg_sample_4190/2022-04/2022-04-25/2022-04-25-312932.png,Microsoft Bing,,0,tagBox1,0.7576275,www.crazyweb.my
apwg_sample_4190/2022-04/2022-04-25/2022-04-25-311385.png,Microsoft Bing,,0,tagBox1,0.7576275,www.crazyweb.my
apwg_sample_4190/2022-11/2022-11-05/2022-11-05-70636.png,State Bank of India,,0,tagBox0,0,sawdffco.wwwaz1-ss105.a2hosted.com
apwg_sample_4190/2022-04/2022-04-25/2022-04-25-312863.png,Microsoft Bing,,0,tagBox1,0.7576275,www.crazyweb.my
apwg_sample_4190/2022-04/2022-04-25/2022-04-25-315206.png,Microsoft Bing,,0,tagBox1,0.7576275,www.crazyweb.my
apwg_sample_4190/2022-04/2022-04-25/2022-04-25-327102.png,Microsoft Bing,,0,tagBox1,0.7576275,www.intesasanpaolo.persone-e-famiglie.on-lt.net
apwg_sample_4190/2022-04/2022-04-25/2022-04-25-317331.png,Microsoft Bing,,0,tagBox1,0.7576275,www.crazyweb.my
apwg_sample_4190/2022-04/2022-04-25/2022-04-25-323678.png,Microsoft Bing,,0,tagBox1,0.7576275,www.crazyweb.my
apwg_sample_4190/2023-01/2023-01-09/2023-01-09-135027.png,OpenSea,,0,tagBox1,0.73955214,www.opensea.betaearn.com.ng
apwg_sample_4190/2022-09/2022-09-27/2022-09-27-231686.png,DHL,DHL Airways,1,tagBox1,0.9593426,delivery.attempt.failure.feedmybot.net
apwg_sample_4190/2022-08/2022-08-16/2022-08-16-397043.png,PayPal,PayPal,1,tagBox1,0.8376425,info.oik.appex-supplies.com
apwg_sample_4190/2022-04/2022-04-29/2022-04-29-328950.png,Wildberries,,0,tagBox1,0.7794175,ywk1sse.cn
apwg_sample_4190/2022-04/2022-04-29/2022-04-29-331414.png,Walmart,,0,tagBox0,0,ywk1sse.cn
apwg_sample_4190/2022-04/2022-04-29/2022-04-29-328427.png,Walmart,,0,tagBox0,0,ywk1sse.cn
apwg_sample_4190/2022-07/2022-07-03/2022-07-03-124295.png,Facebook,Facebook,1,tagBox1,0.9468359,show.co
apwg_sample_4190/2022-04/2022-04-29/2022-04-29-327965.png,Microsoft,,0,tagBox0,0,www.eservicebits.com
apwg_sample_4190/2022-08/2022-08-01/2022-08-01-412900.png,Facebook,,0,tagBox0,0,freeuse2022.blogspot.com.ng
apwg_sample_4190/2022-07/2022-07-21/2022-07-21-23226.png,Facebook,,0,tagBox0,0,instagramvideospot.blogspot.ae
apwg_sample_4190/2022-10/2022-10-05/2022-10-05-953805.png,Tesla,,0,tagBox0,0,teslayoutube.org
apwg_sample_4190/2022-04/2022-04-21/2022-04-21-381535.png,Instagram,,0,tagBox1,0.72095543,copyrightobservationcenter.com
apwg_sample_4190/2023-01/2023-01-20/2023-01-20-156990.png,Instagram,Instagram,1,tagBox1,0.9336881,mail.share.infopicture-instagram.com
apwg_sample_4190/2022-06/2022-06-11/2022-06-11-211656.png,Facebook,,0,tagBox1,0.7464155,brebrebreebrez.000webhostapp.com
apwg_sample_4190/2022-05/2022-05-28/2022-05-28-6394.png,Microsoft,,0,tagBox0,0,outlook-office365-login.myportfolio.com
apwg_sample_4190/2022-06/2022-06-15/2022-06-15-294378.png,Microsoft,Microsoft,1,tagBox1,0.9342785,bafybeicjf3lqjgajmg32jqrdtdxxjqh6takfn3lrjsuo3mfcpxuqkv6azm.ipfs.dweb.link
apwg_sample_4190/2022-04/2022-04-11/2022-04-11-377884.png,Wildberries,,0,tagBox1,0.7794175,pqcxsp.tw
apwg_sample_4190/2022-08/2022-08-15/2022-08-15-698.png,Facebook,Facebook,1,tagBox1,0.87873673,1900121040.000webhostapp.com
apwg_sample_4190/2022-10/2022-10-10/2022-10-10-766559.png,Deutsche Post,,0,tagBox0,0,gruilasropanale503-bd529e.ingress-florina.ewp.live
apwg_sample_4190/2022-09/2022-09-19/2022-09-19-99580.png,Instagram,Instagram,1,tagBox1,0.86808735,getf-ollowers-certified.000webhostapp.com
apwg_sample_4190/2022-09/2022-09-24/2022-09-24-179332.png,Instagram,Instagram,1,tagBox1,0.9539572,amarsharma111.github.io
apwg_sample_4190/2023-03/2023-03-10/2023-03-10-32055.png,Facebook,Facebook,1,tagBox1,0.8507494,wwwvideosexypornogratuit.blogspot.bg
apwg_sample_4190/2022-04/2022-04-21/2022-04-21-384000.png,Capital One,Capital One Financial Corporation,1,tagBox1,0.96519107,20.203.236.208
apwg_sample_4190/2022-11/2022-11-08/2022-11-08-236713.png,Netflix,,0,tagBox1,0.64711,sets4search.com
apwg_sample_4190/2022-07/2022-07-22/2022-07-22-87897.png,Facebook,,0,tagBox1,0.8118105,bernd-bohnet.de
apwg_sample_4190/2022-04/2022-04-22/2022-04-22-581469.png,Roundcube,,0,tagBox0,0,empty-field-8641.on.fleek.co
apwg_sample_4190/2022-04/2022-04-23/2022-04-23-386147.png,WalletConnect,,0,tagBox0,0,link-walletconnect.com
apwg_sample_4190/2023-01/2023-01-06/2023-01-06-22319.png,Intuit,,0,tagBox1,0.5391971,main.d3aujg1u31uiyu.amplifyapp.com
apwg_sample_4190/2022-09/2022-09-09/2022-09-09-125664.png,Mail Center,French Health Insurance,1,tagBox1,0.83837664,www.keyhdg.top
apwg_sample_4190/2022-09/2022-09-26/2022-09-26-108251.png,AT&T,,0,tagBox1,0.7908418,att-103193.square.site
apwg_sample_4190/2022-08/2022-08-28/2022-08-28-48418.png,Facebook,Facebook,1,tagBox1,0.8311932,verifiikasi-akun-anda777.weebly.com
apwg_sample_4190/2022-05/2022-05-03/2022-05-03-15178.png,Facebook,,0,tagBox0,0,bizigratuitgroupewhatsapp0178.blogspot.ca
apwg_sample_4190/2023-01/2023-01-05/2023-01-05-112969.png,Facebook,Facebook,1,tagBox1,0.8587234,verifikasiaccountanda357.weebly.com
apwg_sample_4190/2022-07/2022-07-06/2022-07-06-22071.png,Netflix,Netflix,1,tagBox1,0.87537026,blairbot.com
apwg_sample_4190/2022-04/2022-04-27/2022-04-27-471264.png,Walmart,,0,tagBox0,0,o9zpknv.cn
apwg_sample_4190/2022-06/2022-06-23/2022-06-23-28453.png,Instagram,Instagram,1,tagBox1,0.9226135,www.livescheckmeta.cf
apwg_sample_4190/2023-01/2023-01-22/2023-01-22-28342.png,DHL,DHL Airways,1,tagBox1,0.919119,moncar.com.mx
apwg_sample_4190/2022-04/2022-04-15/2022-04-15-508833.png,Wildberries,,0,tagBox1,0.7794175,zy6m6wy.cn
apwg_sample_4190/2022-09/2022-09-15/2022-09-15-61862.png,Facebook,Facebook,1,tagBox1,0.8563772,facebook.clouduz.ru
apwg_sample_4190/2022-12/2022-12-11/2022-12-11-97042.png,Global Sources,,0,tagBox1,0.77308404,pelouses-vertes.dixitest.com
apwg_sample_4190/2022-04/2022-04-13/2022-04-13-579383.png,Wildberries,,0,tagBox1,0.7794175,hmtt0io.cn
apwg_sample_4190/2022-10/2022-10-02/2022-10-02-1226772.png,DHL,DHL Airways,1,tagBox1,0.95096177,gennou.com
apwg_sample_4190/2022-08/2022-08-28/2022-08-28-47830.png,Naver Corporation,Naver,1,tagBox1,0.9124368,jolly-tartufo-6a95a0.netlify.app
apwg_sample_4190/2022-08/2022-08-09/2022-08-09-35948.png,Naver Corporation,Naver,1,tagBox1,0.856516,kukmingaseol.com
apwg_sample_4190/2022-06/2022-06-07/2022-06-07-553499.png,Facebook,,0,tagBox1,0.6498114,starcaptain.000webhostapp.com
apwg_sample_4190/2022-05/2022-05-27/2022-05-27-209150.png,Namecheap,,0,tagBox1,0.7107749,www.eticaretkurulum.com
apwg_sample_4190/2022-05/2022-05-28/2022-05-28-6839.png,DHL,DHL Airways,1,tagBox1,0.94007623,7ngjl-yaaaa-aaaad-qb6ua-cai.ic.fleek.co
apwg_sample_4190/2022-08/2022-08-06/2022-08-06-462916.png,Apple,,0,tagBox1,0.47609317,www.itunesappleitalia.com
apwg_sample_4190/2022-05/2022-05-31/2022-05-31-106811.png,Standard Bank,,0,tagBox0,0,blogs.laborvale.com
apwg_sample_4190/2022-05/2022-05-01/2022-05-01-62219.png,Facebook,Facebook,1,tagBox1,0.8551297,aperzaerbnsza.cf
apwg_sample_4190/2022-07/2022-07-12/2022-07-12-12464.png,Facebook,,0,tagBox0,0,link-appeal-46239.herokuapp.com
apwg_sample_4190/2022-05/2022-05-30/2022-05-30-212043.png,Instagram,,0,tagBox1,0.7087954,informationshlp.co.uk
apwg_sample_4190/2022-05/2022-05-28/2022-05-28-6596.png,Namecheap,,0,tagBox1,0.7187152,sh017.hostgator.tempwebhost.net
apwg_sample_4190/2022-06/2022-06-02/2022-06-02-500807.png,Mercado Pago,,0,tagBox1,0.7750767,mercadopajudaa.com
apwg_sample_4190/2022-05/2022-05-03/2022-05-03-16011.png,Wildberries,,0,tagBox1,0.7794175,ltz80wb.cn
apwg_sample_4190/2022-05/2022-05-03/2022-05-03-11429.png,Microsoft Bing,,0,tagBox1,0.5347307,www.intesasanpaolo.persone-e-famiglie.on-lt.net
apwg_sample_4190/2022-05/2022-05-03/2022-05-03-8508.png,International Card Services,International Card Services B.V,1,tagBox1,0.88349354,www.smoglog.com
apwg_sample_4190/2022-05/2022-05-04/2022-05-04-36077.png,International Card Services,International Card Services B.V,1,tagBox1,0.88349354,www.smoglog.com
apwg_sample_4190/2022-05/2022-05-03/2022-05-03-10706.png,Microsoft Bing,,0,tagBox1,0.5347307,www.intesasanpaolo.persone-e-famiglie.on-lt.net
apwg_sample_4190/2022-05/2022-05-04/2022-05-04-34396.png,International Card Services,International Card Services B.V,1,tagBox1,0.87270266,ezfastprinting.com
apwg_sample_4190/2022-08/2022-08-18/2022-08-18-386596.png,Standard Bank,,0,tagBox0,0,cienciainformativa.com.br
apwg_sample_4190/2022-06/2022-06-18/2022-06-18-481714.png,Facebook,Facebook,1,tagBox1,0.92114127,facebook-video-reportes-01.systeme.io
apwg_sample_4190/2022-08/2022-08-11/2022-08-11-370828.png,Netflix,,0,tagBox1,0.5246748,surveway.com
apwg_sample_4190/2022-05/2022-05-08/2022-05-08-31102.png,Facebook,Facebook,1,tagBox1,0.9483577,cutt.ly
apwg_sample_4190/2022-05/2022-05-08/2022-05-08-24336.png,Facebook,Facebook,1,tagBox1,0.98213196,onlineupdatesvid.blogspot.lt
apwg_sample_4190/2022-05/2022-05-08/2022-05-08-27953.png,Namecheap,,0,tagBox1,0.7107749,www.eticaretkurulum.com
apwg_sample_4190/2022-05/2022-05-09/2022-05-09-98045.png,Facebook,,0,tagBox0,0,videonetfacebookemm.blogspot.ae
apwg_sample_4190/2022-05/2022-05-08/2022-05-08-19196.png,Facebook,Facebook,1,tagBox1,0.9831649,newvideoupdatess.blogspot.de
apwg_sample_4190/2022-05/2022-05-31/2022-05-31-107468.png,Facebook,,0,tagBox0,0,ffffrrrrcccc.blogspot.ba
apwg_sample_4190/2022-05/2022-05-08/2022-05-08-21352.png,Facebook,,0,tagBox0,0,videonetfacebookaa.blogspot.al
apwg_sample_4190/2022-05/2022-05-08/2022-05-08-19394.png,ASB Bank,ASB Bank Limited,1,tagBox1,0.9447701,verify-asb.co.nz
apwg_sample_4190/2022-05/2022-05-21/2022-05-21-85265.png,Facebook,,0,tagBox1,0.5358138,luckyspinm.000webhostapp.com
apwg_sample_4190/2022-05/2022-05-05/2022-05-05-46964.png,ING Group,,0,tagBox1,0.75411797,sau-094e3-or.servercontrol.com.au
apwg_sample_4190/2022-12/2022-12-01/2022-12-01-138399.png,Mail Center,infinisource,1,tagBox1,0.85712373,ipfs.io
apwg_sample_4190/2022-05/2022-05-05/2022-05-05-47537.png,ING Group,ING,1,tagBox1,0.9505069,sau-094e3-or.servercontrol.com.au
apwg_sample_4190/2022-05/2022-05-12/2022-05-12-139253.png,Chase Bank,,0,tagBox0,0,450mm.com
apwg_sample_4190/2023-04/2023-04-17/2023-04-17-16284.png,reCAPTCHA,sharp,1,tagBox1,0.85003567,g3o5njas.dreamwp.com
apwg_sample_4190/2022-06/2022-06-07/2022-06-07-552610.png,Facebook,,0,tagBox1,0.5318602,bgmihac.000webhostapp.com
apwg_sample_4190/2022-07/2022-07-16/2022-07-16-66080.png,Facebook,,0,tagBox0,0,flasempormexs.com
apwg_sample_4190/2022-05/2022-05-04/2022-05-04-42132.png,Interac,,0,tagBox0,0,185.186.245.22
apwg_sample_4190/2022-05/2022-05-04/2022-05-04-38723.png,WalletConnect,,0,tagBox0,0,chain-runners.xyz
apwg_sample_4190/2022-05/2022-05-04/2022-05-04-35849.png,Trust Wallet,,0,tagBox1,0.72871524,polygonn-technology.ga
apwg_sample_4190/2022-05/2022-05-15/2022-05-15-219394.png,Instagram,Instagram,1,tagBox1,0.9732435,emredeneme2.ml
apwg_sample_4190/2022-07/2022-07-13/2022-07-13-892.png,Namecheap,,0,tagBox1,0.7106192,ww9.virginuk-updatebillinginfo.com
apwg_sample_4190/2022-09/2022-09-03/2022-09-03-151211.png,Facebook,,0,tagBox1,0.74024034,livebritanpagangguanm.blogspot.com
apwg_sample_4190/2022-09/2022-09-26/2022-09-26-103081.png,M&T Bank Corporation,M & T Bank Coporation,1,tagBox1,0.97250456,vfitsport.com
apwg_sample_4190/2022-05/2022-05-22/2022-05-22-49189.png,Facebook,,0,tagBox0,0,bd-game-top-up-bazar-bd.blogspot.co.uk
apwg_sample_4190/2022-05/2022-05-25/2022-05-25-114402.png,Wayfair,TalkTalk Communications,1,tagBox1,0.8636768,nicecedar.com
apwg_sample_4190/2023-03/2023-03-09/2023-03-09-5170.png,Facebook,Facebook,1,tagBox1,0.94249743,pelofinoeselmasvago.blogspot.al
apwg_sample_4190/2023-07/2023-07-27/2023-07-27-34901.png,Apple,Apple,1,tagBox1,0.88008416,appsyl.viixeec.cn
apwg_sample_4190/2022-06/2022-06-08/2022-06-08-664692.png,Facebook,Facebook,1,tagBox1,0.9114568,callearty.000webhostapp.com
apwg_sample_4190/2022-05/2022-05-19/2022-05-19-59370.png,Facebook,,0,tagBox0,0,pubgnewevents.cf
apwg_sample_4190/2022-05/2022-05-31/2022-05-31-104554.png,Namecheap,,0,tagBox1,0.7107749,www.eticaretkurulum.com
apwg_sample_4190/2022-05/2022-05-13/2022-05-13-51456.png,Facebook,,0,tagBox0,0,httpppgroupe.blogspot.com.co
apwg_sample_4190/2022-05/2022-05-13/2022-05-13-51410.png,Facebook,,0,tagBox0,0,5ghgj6jk7.blogspot.com
apwg_sample_4190/2022-06/2022-06-15/2022-06-15-292857.png,Chase Bank,,0,tagBox0,0,peak-health.com.au
apwg_sample_4190/2022-05/2022-05-21/2022-05-21-85826.png,AT&T,AT&T,1,tagBox1,0.9624033,erfghj-103368.square.site
apwg_sample_4190/2022-05/2022-05-19/2022-05-19-58980.png,Facebook,,0,tagBox1,0.7025571,account-protecter-8.blogspot.co.ke
apwg_sample_4190/2022-05/2022-05-19/2022-05-19-57647.png,Facebook,,0,tagBox0,0,whaysappgrouprencontre.blogspot.sk
apwg_sample_4190/2022-06/2022-06-28/2022-06-28-514123.png,Wells Fargo Bank,,0,tagBox1,0.77968353,juradolawfirm.com
apwg_sample_4190/2022-06/2022-06-09/2022-06-09-571303.png,AT&T,AT&T,1,tagBox1,0.96128404,367373yournewvwesionupdatelineye6677hatt.weebly.com
apwg_sample_4190/2022-05/2022-05-19/2022-05-19-57455.png,Wayfair,,0,tagBox0,0,www.discountstore9.xyz
apwg_sample_4190/2022-05/2022-05-19/2022-05-19-57178.png,Apple,Apple,1,tagBox1,0.8473828,rfsupplies.com
apwg_sample_4190/2022-07/2022-07-15/2022-07-15-3961.png,Internal Revenue Service,IRS,1,tagBox1,0.93685734,irs-claimtaxrelief-usmanage.com
apwg_sample_4190/2022-05/2022-05-23/2022-05-23-66197.png,AT&T,AT&T,1,tagBox1,0.92627484,welcometonewatt.weebly.com
apwg_sample_4190/2022-06/2022-06-29/2022-06-29-430836.png,Internal Revenue Service,IRS,1,tagBox1,0.93685734,irsinfoo.com
apwg_sample_4190/2022-06/2022-06-05/2022-06-05-663010.png,Facebook,Facebook,1,tagBox1,0.95816886,matchmasterofficiallijkk.blogspot.ie
apwg_sample_4190/2022-06/2022-06-18/2022-06-18-481649.png,DHL,,0,tagBox0,0,noorgate.com
apwg_sample_4190/2022-05/2022-05-31/2022-05-31-107168.png,Instagram,Instagram,1,tagBox1,0.91023505,xn--nstagramsecurity-qrb.com
apwg_sample_4190/2022-09/2022-09-29/2022-09-29-199344.png,Shopee,,0,tagBox1,0.78591526,vnshop752.com
apwg_sample_4190/2022-08/2022-08-10/2022-08-10-405663.png,Huntington Bank,Huntington Bank,1,tagBox1,0.88404167,customer-huntington.azurewebsites.net
apwg_sample_4190/2022-06/2022-06-19/2022-06-19-499658.png,DHL,,0,tagBox0,0,noorgate.com
apwg_sample_4190/2022-06/2022-06-19/2022-06-19-497985.png,Instagram,,0,tagBox1,0.7838601,formsecurityformactivemeta.ml
apwg_sample_4190/2022-05/2022-05-10/2022-05-10-76191.png,Facebook,,0,tagBox0,0,garenafreefire26.blogspot.hu
apwg_sample_4190/2022-05/2022-05-10/2022-05-10-72227.png,Facebook,,0,tagBox0,0,garena-freefire-22.blogspot.com
apwg_sample_4190/2022-05/2022-05-10/2022-05-10-73556.png,Facebook,,0,tagBox0,0,freefire-garena-1.blogspot.lu
apwg_sample_4190/2022-08/2022-08-20/2022-08-20-100428.png,Microsoft,Microsoft,1,tagBox1,0.88428307,rto3.bitbucket.io
apwg_sample_4190/2022-05/2022-05-20/2022-05-20-80144.png,Facebook,,0,tagBox1,0.7527859,matchmastersfreecoinsijk.blogspot.hr
apwg_sample_4190/2022-06/2022-06-26/2022-06-26-266479.png,Instagram,Instagram,1,tagBox1,0.9090159,stupefied-hertz.51-13-65-170.plesk.page
apwg_sample_4190/2022-05/2022-05-26/2022-05-26-88199.png,Adobe,Adobe,1,tagBox1,0.86495125,desnv.com
apwg_sample_4190/2022-06/2022-06-15/2022-06-15-293539.png,Netflix,Netflix,1,tagBox1,0.85646176,114.141.253.232
apwg_sample_4190/2022-07/2022-07-27/2022-07-27-103694.png,Facebook,Facebook,1,tagBox1,0.9083043,facebook-simpleaccess-com.webnode.page
apwg_sample_4190/2022-08/2022-08-04/2022-08-04-382947.png,DHL,DHL Airways,1,tagBox1,0.9651976,peaktitlepro.com
apwg_sample_4190/2022-08/2022-08-31/2022-08-31-455975.png,Yahoo,Yahoo!,1,tagBox1,0.93964183,tuasesorcontablehg.com
apwg_sample_4190/2022-05/2022-05-12/2022-05-12-148062.png,Facebook,,0,tagBox1,0.67799723,facebook-pe.blogspot.hr
apwg_sample_4190/2022-07/2022-07-26/2022-07-26-118005.png,Microsoft,Microsoft,1,tagBox1,0.8680079,lawrence.pages.dev
apwg_sample_4190/2022-06/2022-06-20/2022-06-20-2605.png,Chase Bank,,0,tagBox1,0.77519095,switchgreenltd.com.ng
apwg_sample_4190/2022-08/2022-08-08/2022-08-08-473859.png,Instagram,,0,tagBox1,0.7798128,gamesareacontroller.cf
apwg_sample_4190/2022-05/2022-05-29/2022-05-29-131566.png,Namecheap,,0,tagBox1,0.7107749,www.eticaretkurulum.com
apwg_sample_4190/2022-08/2022-08-15/2022-08-15-6180.png,DHL,DHL Airways,1,tagBox1,0.9593426,muasasat-habibalkul.com
apwg_sample_4190/2022-05/2022-05-09/2022-05-09-98811.png,Facebook,,0,tagBox1,0.76170456,facebooktvrape.blogspot.co.il
apwg_sample_4190/2023-07/2023-07-27/2023-07-27-35688.png,Microsoft,Microsoft,1,tagBox1,0.9124788,pub-9f66401a984c4ef0b5cde3218dda9165.r2.dev
apwg_sample_4190/2023-03/2023-03-14/2023-03-14-12125.png,Facebook,Facebook,1,tagBox1,0.88517946,imduyv.gob.mx
apwg_sample_4190/2022-06/2022-06-01/2022-06-01-281291.png,ING Group,ING,1,tagBox1,0.8462105,shauqimpex.org
apwg_sample_4190/2022-05/2022-05-31/2022-05-31-107397.png,Microsoft Bing,,0,tagBox1,0.7569091,179.43.187.80
apwg_sample_4190/2022-05/2022-05-31/2022-05-31-103843.png,Facebook,,0,tagBox0,0,pubgnewupdateof.blogspot.com
apwg_sample_4190/2022-05/2022-05-31/2022-05-31-106639.png,DHL,DHL Airways,1,tagBox1,0.919119,viettelhoadondientu.com
apwg_sample_4190/2022-06/2022-06-03/2022-06-03-465810.png,Google,Google,1,tagBox1,0.9576454,midb.mx
apwg_sample_4190/2022-05/2022-05-30/2022-05-30-211232.png,DHL,DHL Airways,1,tagBox1,0.919119,viettelhoadondientu.com
apwg_sample_4190/2022-05/2022-05-31/2022-05-31-104740.png,DHL,,0,tagBox0,0,noorgate.com
apwg_sample_4190/2022-05/2022-05-29/2022-05-29-122982.png,Citibank,,0,tagBox0,0,34.82.235.31
apwg_sample_4190/2022-05/2022-05-31/2022-05-31-105090.png,DHL,,0,tagBox0,0,noorgate.com
apwg_sample_4190/2022-06/2022-06-08/2022-06-08-667547.png,Apple,Apple,1,tagBox1,0.87398237,secure-id4329-apple.com
apwg_sample_4190/2022-06/2022-06-04/2022-06-04-74317.png,DHL,,0,tagBox0,0,noorgate.com
apwg_sample_4190/2022-06/2022-06-04/2022-06-04-72888.png,DHL,,0,tagBox0,0,noorgate.com
apwg_sample_4190/2022-10/2022-10-02/2022-10-02-1230854.png,Facebook,,0,tagBox1,0.7278296,fb-secured.tae4kls2zl-eqg35qk513xn.p.temp-site.link
apwg_sample_4190/2022-05/2022-05-29/2022-05-29-128550.png,DHL,,0,tagBox0,0,noorgate.com
apwg_sample_4190/2022-06/2022-06-03/2022-06-03-449040.png,DHL,,0,tagBox0,0,noorgate.com
apwg_sample_4190/2022-05/2022-05-31/2022-05-31-108989.png,International Card Services,International Card Services B.V,1,tagBox1,0.8825187,kristinlopopolo.com
apwg_sample_4190/2023-05/2023-05-22/2023-05-22-86056.png,Instagram,Instagram,1,tagBox1,0.96568155,web.dpallet.com.mx
apwg_sample_4190/2022-09/2022-09-16/2022-09-16-17044.png,Provider,,0,tagBox1,0.78591526,hh2751.com
apwg_sample_4190/2022-06/2022-06-27/2022-06-27-372105.png,Microsoft,Microsoft,1,tagBox1,0.9400469,clarksoncare4kids.com.au
apwg_sample_4190/2022-09/2022-09-10/2022-09-10-147051.png,Namecheap,,0,tagBox1,0.80689585,yes-down.com
apwg_sample_4190/2022-05/2022-05-29/2022-05-29-122002.png,International Card Services,International Card Services B.V,1,tagBox1,0.8815492,www.threewordsgame.com
apwg_sample_4190/2022-05/2022-05-29/2022-05-29-131000.png,International Card Services,International Card Services B.V,1,tagBox1,0.87912226,www.threewordsgame.com
apwg_sample_4190/2022-12/2022-12-03/2022-12-03-278863.png,DHL,DHL Airways,1,tagBox1,0.95840526,kvrettos.com
apwg_sample_4190/2022-06/2022-06-20/2022-06-20-11061.png,Standard Bank,,0,tagBox0,0,99fm.co.mz
apwg_sample_4190/2023-02/2023-02-05/2023-02-05-26372.png,GCash,Citrix ShareFile,1,tagBox1,0.8792994,v.ht
apwg_sample_4190/2022-05/2022-05-12/2022-05-12-153919.png,Instagram,Instagram,1,tagBox1,0.9544068,newsystemcontrol.com
apwg_sample_4190/2022-12/2022-12-01/2022-12-01-129501.png,BT Group,BT Group plc,1,tagBox1,0.90765065,omercadolocal.com
apwg_sample_4190/2022-11/2022-11-01/2022-11-01-191183.png,Apple,Apple,1,tagBox1,0.9058504,dk-opdatering.securitytactics.com
apwg_sample_4190/2022-08/2022-08-25/2022-08-25-290475.png,Microsoft 365,,0,tagBox0,0,playlocalbaseball.com
apwg_sample_4190/2022-08/2022-08-06/2022-08-06-459319.png,Facebook,,0,tagBox0,0,facebook-perfil-brunabeatriz.blogspot.co.nz
apwg_sample_4190/2022-05/2022-05-30/2022-05-30-215925.png,Bank of America,Bank of America,1,tagBox1,0.97952163,henhen199.github.io
apwg_sample_4190/2022-06/2022-06-06/2022-06-06-594490.png,Adobe,Adobe,1,tagBox1,0.93653184,conexaodigitalcrv.com.br
apwg_sample_4190/2022-06/2022-06-07/2022-06-07-551828.png,Bank Millennium,,0,tagBox1,0.7398891,forfecom.tk
apwg_sample_4190/2022-08/2022-08-30/2022-08-30-216660.png,Citibank,,0,tagBox0,0,animalespecial.com
apwg_sample_4190/2022-05/2022-05-30/2022-05-30-216266.png,Facebook,Facebook,1,tagBox1,0.9331749,1000000000987651321005469873-gq.tk
apwg_sample_4190/2022-08/2022-08-18/2022-08-18-390531.png,DHL,DHL Airways,1,tagBox1,0.9593426,muasasat-habibalkul.com
apwg_sample_4190/2023-03/2023-03-07/2023-03-07-16211.png,Bank of America,Bank of America,1,tagBox1,0.96435905,realvestors.com
apwg_sample_4190/2022-09/2022-09-04/2022-09-04-48084.png,Namecheap,,0,tagBox1,0.7430594,napthengay.net
apwg_sample_4190/2022-06/2022-06-20/2022-06-20-13111.png,Webmail,NedBank Limited,1,tagBox1,0.9052712,18.204.170.25
apwg_sample_4190/2022-06/2022-06-20/2022-06-20-2597.png,Microsoft Bing,,0,tagBox1,0.61561775,vps-75256.fhnet.fr
apwg_sample_4190/2022-06/2022-06-20/2022-06-20-18.png,Microsoft Bing,,0,tagBox1,0.61561775,vps-75256.fhnet.fr
apwg_sample_4190/2022-06/2022-06-20/2022-06-20-7829.png,DHL,DHL Airways,1,tagBox1,0.9554628,noorgate.com
apwg_sample_4190/2022-06/2022-06-20/2022-06-20-1740.png,Microsoft Bing,,0,tagBox1,0.61561775,vps-75256.fhnet.fr
apwg_sample_4190/2022-12/2022-12-12/2022-12-12-234516.png,ANZ Bank,,0,tagBox0,0,www.anz-audeactivated.org
apwg_sample_4190/2022-06/2022-06-20/2022-06-20-154.png,Microsoft Bing,,0,tagBox1,0.61561775,vps-75159.fhnet.fr
apwg_sample_4190/2022-06/2022-06-19/2022-06-19-495106.png,DHL,DHL Airways,1,tagBox1,0.96548903,noorgate.com
apwg_sample_4190/2022-06/2022-06-20/2022-06-20-13845.png,Microsoft Bing,,0,tagBox1,0.61561775,vps-75159.fhnet.fr
apwg_sample_4190/2022-06/2022-06-20/2022-06-20-5759.png,Webmail,NedBank Limited,1,tagBox1,0.9052712,fon-gsm.pl
apwg_sample_4190/2022-06/2022-06-20/2022-06-20-14628.png,Microsoft Bing,,0,tagBox1,0.7219629,vps-75159.fhnet.fr
apwg_sample_4190/2022-06/2022-06-20/2022-06-20-209.png,Microsoft Bing,,0,tagBox1,0.61561775,vps-75256.fhnet.fr
apwg_sample_4190/2022-06/2022-06-20/2022-06-20-5913.png,Microsoft Bing,,0,tagBox1,0.61561775,vps-75159.fhnet.fr
apwg_sample_4190/2022-06/2022-06-20/2022-06-20-11969.png,DHL,DHL Airways,1,tagBox1,0.9534197,noorgate.com
apwg_sample_4190/2022-06/2022-06-20/2022-06-20-423.png,DHL,,0,tagBox0,0,noorgate.com
apwg_sample_4190/2022-06/2022-06-20/2022-06-20-12511.png,Microsoft Bing,,0,tagBox1,0.61561775,vps-75159.fhnet.fr
apwg_sample_4190/2022-06/2022-06-26/2022-06-26-228088.png,DHL,,0,tagBox0,0,noorgate.com
apwg_sample_4190/2022-06/2022-06-08/2022-06-08-664243.png,DHL,,0,tagBox0,0,noorgate.com
apwg_sample_4190/2022-06/2022-06-20/2022-06-20-1864.png,Microsoft Bing,,0,tagBox0,0,vps-75256.fhnet.fr
apwg_sample_4190/2022-06/2022-06-20/2022-06-20-10327.png,Webmail,NedBank Limited,1,tagBox1,0.9052712,fon-gsm.pl
apwg_sample_4190/2022-06/2022-06-20/2022-06-20-8316.png,DHL,,0,tagBox0,0,noorgate.com
apwg_sample_4190/2022-06/2022-06-17/2022-06-17-393238.png,Facebook,,0,tagBox0,0,battleground-free-in.xyz
apwg_sample_4190/2022-06/2022-06-20/2022-06-20-1637.png,Microsoft Bing,,0,tagBox1,0.61561775,vps-75159.fhnet.fr
apwg_sample_4190/2022-06/2022-06-20/2022-06-20-9239.png,Microsoft Bing,,0,tagBox1,0.61561775,vps-75159.fhnet.fr
apwg_sample_4190/2022-06/2022-06-20/2022-06-20-10848.png,DHL,,0,tagBox0,0,noorgate.com
apwg_sample_4190/2022-06/2022-06-20/2022-06-20-12752.png,DHL,,0,tagBox0,0,noorgate.com
apwg_sample_4190/2022-06/2022-06-20/2022-06-20-10610.png,DHL,,0,tagBox0,0,noorgate.com
apwg_sample_4190/2022-06/2022-06-20/2022-06-20-8165.png,DHL,DHL Airways,1,tagBox1,0.9552481,noorgate.com
apwg_sample_4190/2022-06/2022-06-20/2022-06-20-9637.png,DHL,,0,tagBox0,0,noorgate.com
apwg_sample_4190/2022-06/2022-06-19/2022-06-19-500181.png,Microsoft Bing,,0,tagBox1,0.7219629,vps-75159.fhnet.fr
apwg_sample_4190/2022-12/2022-12-01/2022-12-01-124860.png,ANZ Bank,,0,tagBox0,0,wagihabbas.com
apwg_sample_4190/2022-06/2022-06-20/2022-06-20-14423.png,DHL,,0,tagBox0,0,noorgate.com
apwg_sample_4190/2022-07/2022-07-03/2022-07-03-124326.png,Instagram,,0,tagBox1,0.69477606,copyrightinstagram.cf
apwg_sample_4190/2022-06/2022-06-16/2022-06-16-469621.png,DHL,DHL Airways,1,tagBox1,0.9413599,noorgate.com
apwg_sample_4190/2022-06/2022-06-11/2022-06-11-214685.png,Volksbank Raiffeisenbanken,Bank of Scotland,1,tagBox1,0.8341372,cloud.rodemsys.com
apwg_sample_4190/2022-06/2022-06-19/2022-06-19-494506.png,Microsoft Bing,,0,tagBox1,0.7219629,vps-75159.fhnet.fr
apwg_sample_4190/2022-06/2022-06-20/2022-06-20-15078.png,DHL,,0,tagBox0,0,noorgate.com
apwg_sample_4190/2022-06/2022-06-20/2022-06-20-3242.png,DHL,,0,tagBox0,0,noorgate.com
apwg_sample_4190/2022-06/2022-06-20/2022-06-20-6317.png,DHL,,0,tagBox0,0,noorgate.com
apwg_sample_4190/2022-06/2022-06-26/2022-06-26-244085.png,DHL,,0,tagBox0,0,noorgate.com
apwg_sample_4190/2022-06/2022-06-19/2022-06-19-496540.png,DHL,,0,tagBox0,0,noorgate.com
apwg_sample_4190/2022-07/2022-07-12/2022-07-12-13146.png,Orange,,0,tagBox1,0.7253581,mail.estartupchallenge-egabon.org
apwg_sample_4190/2022-06/2022-06-08/2022-06-08-669645.png,DHL,,0,tagBox0,0,noorgate.com
apwg_sample_4190/2022-12/2022-12-01/2022-12-01-128747.png,Facebook,Facebook,1,tagBox1,0.94538826,sign-in-739127400939567.ml
apwg_sample_4190/2022-06/2022-06-08/2022-06-08-665871.png,Facebook,,0,tagBox1,0.5319173,mail.10hipoilosetr.ga
apwg_sample_4190/2022-10/2022-10-21/2022-10-21-884771.png,Magazine Luiza,Magalu,1,tagBox1,0.9046379,outubro-br.com
apwg_sample_4190/2022-07/2022-07-12/2022-07-12-11338.png,Facebook,Facebook,1,tagBox1,0.8855705,grapefruit12500509.brizy.site
apwg_sample_4190/2022-07/2022-07-05/2022-07-05-19152.png,SharePoint,,0,tagBox0,0,parolaassessoria.com
apwg_sample_4190/2022-06/2022-06-19/2022-06-19-494921.png,Microsoft Bing,,0,tagBox1,0.7219629,vps-75159.fhnet.fr
apwg_sample_4190/2022-09/2022-09-05/2022-09-05-153147.png,Tesco Bank,,0,tagBox1,0.7645871,tasty-wise-polka.glitch.me
apwg_sample_4190/2022-12/2022-12-14/2022-12-14-31830.png,GCash,Citrix ShareFile,1,tagBox1,0.8803366,nikransanaat.ir
apwg_sample_4190/2022-06/2022-06-16/2022-06-16-469433.png,Facebook,Facebook,1,tagBox1,0.86884606,facezbook989.000webhostapp.com
apwg_sample_4190/2022-06/2022-06-15/2022-06-15-292179.png,Facebook,Facebook,1,tagBox1,0.8778986,urban-jade-ugly-offered.trycloudflare.com
apwg_sample_4190/2022-06/2022-06-22/2022-06-22-133711.png,Facebook,,0,tagBox1,0.7203332,facebookcomdot.blogspot.com.br
apwg_sample_4190/2022-07/2022-07-08/2022-07-08-121034.png,Facebook,Facebook,1,tagBox1,0.9282571,unas-wmiescie.eu
apwg_sample_4190/2022-12/2022-12-16/2022-12-16-7865.png,Yahoo,nordea,1,tagBox1,0.8452536,yavhoo50.godaddysites.com
apwg_sample_4190/2022-07/2022-07-13/2022-07-13-556.png,Bank of America,Bank of America,1,tagBox1,0.9498745,secureloginnow.ecom.iqsademo.com
apwg_sample_4190/2022-08/2022-08-15/2022-08-15-8492.png,Facebook,,0,tagBox0,0,checkpoint-99299739-ba.ml
apwg_sample_4190/2022-06/2022-06-24/2022-06-24-200428.png,Facebook,,0,tagBox0,0,bgmix.my.id
apwg_sample_4190/2022-06/2022-06-23/2022-06-23-33878.png,Meta,,0,tagBox1,0.7278296,chekpoinacn.tk
apwg_sample_4190/2022-06/2022-06-04/2022-06-04-73419.png,Facebook,,0,tagBox1,0.8190087,facebookviralvideoshtwgh.blogspot.al
apwg_sample_4190/2022-06/2022-06-17/2022-06-17-394842.png,Microsoft,Microsoft,1,tagBox1,0.895126,a00a1fc5adee8a31bf6393759a7d329a-dot-office-352115.uk.r.appspot.com
apwg_sample_4190/2022-06/2022-06-06/2022-06-06-596384.png,Citibank,,0,tagBox0,0,mail.162-241-87-22.cprapid.com
apwg_sample_4190/2022-07/2022-07-02/2022-07-02-118987.png,AT&T,AT&T,1,tagBox1,0.9716511,www.oidc.idp.elogin.att.com.vidyalekshmi.com
apwg_sample_4190/2023-01/2023-01-13/2023-01-13-82248.png,Microsoft,Microsoft,1,tagBox1,0.9381111,axvcgxa3.ga
apwg_sample_4190/2022-06/2022-06-11/2022-06-11-212104.png,Facebook,Facebook,1,tagBox1,0.9282571,faacbkmk.pl
apwg_sample_4190/2022-06/2022-06-03/2022-06-03-449779.png,DHL,DHL Airways,1,tagBox1,0.919119,viettelhoadondientu.com
apwg_sample_4190/2022-08/2022-08-01/2022-08-01-414872.png,Telegram,,0,tagBox1,0.71528995,t.me
apwg_sample_4190/2022-06/2022-06-25/2022-06-25-93351.png,Facebook,Facebook,1,tagBox1,0.91556567,videos-messenger-updare.blogspot.com.by
apwg_sample_4190/2022-06/2022-06-30/2022-06-30-625198.png,Facebook,Facebook,1,tagBox1,0.93574786,tinyurl.com
apwg_sample_4190/2022-09/2022-09-10/2022-09-10-149698.png,GoDaddy,,0,tagBox1,0.89904773,thuongmaivietnhat.com
apwg_sample_4190/2022-12/2022-12-31/2022-12-31-53939.png,Instagram,,0,tagBox1,0.82348573,l24.im
apwg_sample_4190/2022-08/2022-08-09/2022-08-09-32263.png,Google Play,,0,tagBox1,0.73243296,bettertestexperience.top
apwg_sample_4190/2022-06/2022-06-24/2022-06-24-170433.png,Facebook,Facebook,1,tagBox1,0.88980204,acebook-web-videos-app1.blogspot.com.ng
apwg_sample_4190/2022-09/2022-09-12/2022-09-12-243768.png,Itau,Itau Unibanco S.A,1,tagBox1,0.88437265,paragutya23.paraguay22.repl.co
apwg_sample_4190/2022-06/2022-06-22/2022-06-22-124900.png,WhatsApp,,0,tagBox1,0.6787325,app.yeapyeap.co
apwg_sample_4190/2022-06/2022-06-21/2022-06-21-331738.png,Michal Stopka,,0,tagBox1,0.699379,disobliged.xyz
apwg_sample_4190/2022-06/2022-06-21/2022-06-21-338411.png,Facebook,Facebook,1,tagBox1,0.94966996,checkpoint-10000087699783.tk
apwg_sample_4190/2022-07/2022-07-05/2022-07-05-17402.png,Microsoft,Microsoft,1,tagBox1,0.86643666,bold-art-3643.on.fleek.co
apwg_sample_4190/2022-08/2022-08-06/2022-08-06-458676.png,Facebook,Facebook,1,tagBox1,0.87365687,formulario-casasbahias-recrutamentos.com
apwg_sample_4190/2023-06/2023-06-20/2023-06-20-153100.png,Microsoft,Microsoft,1,tagBox1,0.93578976,8829274757597580648.royalwebhosting.net
apwg_sample_4190/2022-10/2022-10-13/2022-10-13-457805.png,"Stripe, Inc.",,0,tagBox1,0.7581986,sjninww.com
apwg_sample_4190/2022-07/2022-07-03/2022-07-03-123692.png,Facebook,Facebook,1,tagBox1,0.89684683,youtube.rf5gt.com
apwg_sample_4190/2022-06/2022-06-24/2022-06-24-196790.png,Credit Agricole,Credit Agricole S.A,1,tagBox1,0.93797004,happy-poincare.62-210-119-210.plesk.page
apwg_sample_4190/2022-08/2022-08-29/2022-08-29-47026.png,reCAPTCHA,,0,tagBox1,0.70806193,boasecurity01.co.vu
apwg_sample_4190/2023-07/2023-07-16/2023-07-16-93621.png,IONOS,MBNA Corportation,1,tagBox1,0.8432313,e-flowtollcharges-ie.com
apwg_sample_4190/2022-06/2022-06-11/2022-06-11-225637.png,Facebook,Facebook,1,tagBox1,0.8966841,dkhotest123.blogspot.qa
apwg_sample_4190/2022-06/2022-06-11/2022-06-11-226667.png,Facebook,Facebook,1,tagBox1,0.9282571,feabaml.pl
apwg_sample_4190/2022-06/2022-06-12/2022-06-12-580148.png,DHL,,0,tagBox1,0.82958376,vmp.com.br
apwg_sample_4190/2022-06/2022-06-11/2022-06-11-219705.png,Facebook,,0,tagBox1,0.6637606,fotsue-soo.tk
apwg_sample_4190/2022-11/2022-11-05/2022-11-05-75466.png,National Australia Bank,National Australia Bank Limited,1,tagBox1,0.93288565,nablogin.device-protectvisions-au.com
apwg_sample_4190/2023-05/2023-05-25/2023-05-25-50522.png,Microsoft,Microsoft,1,tagBox1,0.9371129,pub-26dcb68aff8845ecac02aa91a5b5a275.r2.dev
apwg_sample_4190/2022-06/2022-06-09/2022-06-09-563775.png,Facebook,,0,tagBox1,0.6637606,eventmscmlbbb.gq
apwg_sample_4190/2023-04/2023-04-08/2023-04-08-22285.png,DenizBank,,0,tagBox0,0,mobildeniz-v3kredim.top
apwg_sample_4190/2022-08/2022-08-15/2022-08-15-1755.png,WhatsApp,WhatsApp,1,tagBox1,0.8771782,whhhartsapp.xyz
apwg_sample_4190/2022-09/2022-09-24/2022-09-24-181646.png,Facebook,Facebook,1,tagBox1,0.8515029,cutt.ly
apwg_sample_4190/2022-07/2022-07-03/2022-07-03-124556.png,Facebook,,0,tagBox0,0,ssur.cc
apwg_sample_4190/2022-06/2022-06-01/2022-06-01-277904.png,DHL,,0,tagBox1,0.76587343,mustknew.com
apwg_sample_4190/2022-06/2022-06-01/2022-06-01-279426.png,Aruba,,0,tagBox1,0.7814552,www.kruegers.net
apwg_sample_4190/2022-09/2022-09-12/2022-09-12-234992.png,Facebook,Magalu,1,tagBox1,0.88949656,marketplace-item94120495832.com
apwg_sample_4190/2022-06/2022-06-15/2022-06-15-292736.png,Wells Fargo Bank,,0,tagBox1,0.7969334,gogetthatjobnow.com
apwg_sample_4190/2022-06/2022-06-15/2022-06-15-293063.png,Wells Fargo Bank,,0,tagBox1,0.7969334,gogetthatjobnow.com
apwg_sample_4190/2022-06/2022-06-15/2022-06-15-292482.png,Wells Fargo Bank,,0,tagBox1,0.7969334,gogetthatjobnow.com
apwg_sample_4190/2022-06/2022-06-15/2022-06-15-291414.png,Facebook,Facebook,1,tagBox1,0.90416545,www.chipku3.b0tnet.com
apwg_sample_4190/2022-06/2022-06-15/2022-06-15-292433.png,Wells Fargo Bank,,0,tagBox1,0.7969334,gogetthatjobnow.com
apwg_sample_4190/2022-06/2022-06-15/2022-06-15-291723.png,Instagram,Instagram,1,tagBox1,0.97091484,www.pgmb.buzz
apwg_sample_4190/2022-06/2022-06-09/2022-06-09-572167.png,DenizBank,,0,tagBox0,0,acikdenizv2denizmobil.ml
apwg_sample_4190/2022-06/2022-06-17/2022-06-17-394770.png,Wells Fargo Bank,,0,tagBox1,0.7969334,gogetthatjobnow.com
apwg_sample_4190/2022-06/2022-06-15/2022-06-15-291430.png,PayPal,PayPal,1,tagBox1,0.86144763,cpcontacts.shireeshaext.co.in
apwg_sample_4190/2022-06/2022-06-17/2022-06-17-393807.png,Wells Fargo Bank,,0,tagBox1,0.7969334,gogetthatjobnow.com
apwg_sample_4190/2022-06/2022-06-15/2022-06-15-292356.png,Wells Fargo Bank,,0,tagBox1,0.7969334,gogetthatjobnow.com
apwg_sample_4190/2022-07/2022-07-01/2022-07-01-51986.png,Chase Bank,,0,tagBox1,0.7905061,login.chaseverifyv2.com
apwg_sample_4190/2022-06/2022-06-15/2022-06-15-290970.png,Wells Fargo Bank,,0,tagBox1,0.7969334,gogetthatjobnow.com
apwg_sample_4190/2022-08/2022-08-22/2022-08-22-305334.png,DHL,DHL Airways,1,tagBox1,0.94653296,desk-space-molan-b8458b.ingress-earth.ewp.live
apwg_sample_4190/2022-07/2022-07-27/2022-07-27-101803.png,Instagram,,0,tagBox1,0.7216016,instagram.securitycenters.gq
apwg_sample_4190/2022-08/2022-08-07/2022-08-07-67541.png,Intuit,,0,tagBox1,0.53296447,lasvegashighlimit.com
apwg_sample_4190/2022-06/2022-06-09/2022-06-09-563304.png,Facebook,Facebook,1,tagBox1,0.9620949,copyrightviolationinfringement.web.app
apwg_sample_4190/2023-04/2023-04-15/2023-04-15-35004.png,Facebook,,0,tagBox0,0,facebooksecuritys.blogspot.li
apwg_sample_4190/2022-07/2022-07-15/2022-07-15-5041.png,Swiss Post,PostFinance,1,tagBox1,0.8641027,makhadochlkhoraalmodakira.blogspot.com
apwg_sample_4190/2022-11/2022-11-11/2022-11-11-36924.png,Wells Fargo Bank,Bank of America,1,tagBox1,0.8311049,stylesourcingbd.com
apwg_sample_4190/2023-05/2023-05-20/2023-05-20-110060.png,AOL,AOL,1,tagBox1,0.8926973,00000000000000000000000000000000000000000000.s3.us-east-005.backblazeb2.com
apwg_sample_4190/2022-06/2022-06-29/2022-06-29-432253.png,InPost,,0,tagBox0,0,inpost.qismfl.org
apwg_sample_4190/2022-08/2022-08-01/2022-08-01-419063.png,Hipercard Banci Multiplo SA,,0,tagBox1,0.78152424,consulta-faturahiper02022.com
apwg_sample_4190/2022-08/2022-08-21/2022-08-21-183457.png,Facebook,Facebook,1,tagBox1,0.8508687,ximnx6-urib63.000webhostapp.com
apwg_sample_4190/2023-01/2023-01-24/2023-01-24-70714.png,Facebook,Facebook,1,tagBox1,0.833605,carroll-reserve-tear-ball.trycloudflare.com
apwg_sample_4190/2022-08/2022-08-12/2022-08-12-468601.png,ANZ Bank,,0,tagBox0,0,www.freshnclean.com.sg
apwg_sample_4190/2023-05/2023-05-29/2023-05-29-129374.png,DHL,DHL Airways,1,tagBox1,0.9622767,wordpress-1007289-3554195.cloudwaysapps.com
apwg_sample_4190/2023-05/2023-05-16/2023-05-16-70393.png,Microsoft,,0,tagBox1,0.7468546,pub-17e091f688184c639a33a52d4fee5bfb.r2.dev
apwg_sample_4190/2022-07/2022-07-21/2022-07-21-24058.png,Microsoft,Microsoft,1,tagBox1,0.9124788,micro-identification.com
apwg_sample_4190/2022-06/2022-06-17/2022-06-17-392570.png,Outlook,Microsoft,1,tagBox1,0.91311747,bankia444.firebaseapp.com
apwg_sample_4190/2022-06/2022-06-17/2022-06-17-393791.png,Facebook,Facebook,1,tagBox1,0.9620949,account-settings-form102985.web.app
apwg_sample_4190/2023-06/2023-06-12/2023-06-12-118931.png,Facebook,Facebook,1,tagBox1,0.86593205,enlace0gratis0hijo0y0madrastra.blogspot.com.by
apwg_sample_4190/2022-06/2022-06-29/2022-06-29-435287.png,"Rakuten Group, Inc.",,0,tagBox1,0.7586811,rakuten-ml.com
apwg_sample_4190/2023-03/2023-03-09/2023-03-09-1174.png,Facebook,,0,tagBox1,0.79266584,fbcaseappeal173649869313740.live
apwg_sample_4190/2023-04/2023-04-12/2023-04-12-67584.png,Coinbase,Magalu,1,tagBox1,0.85154927,irsh.link
apwg_sample_4190/2023-01/2023-01-20/2023-01-20-157035.png,Microsoft,Microsoft,1,tagBox1,0.8785664,oac.com.af
apwg_sample_4190/2022-07/2022-07-25/2022-07-25-64267.png,M&T Bank Corporation,M & T Bank Coporation,1,tagBox1,0.9259056,kupfersac.com
apwg_sample_4190/2023-04/2023-04-03/2023-04-03-80902.png,Facebook,,0,tagBox1,0.79266584,metahelpdesk133145123.live
apwg_sample_4190/2022-06/2022-06-03/2022-06-03-447702.png,Namecheap,,0,tagBox1,0.7107749,www.eticaretkurulum.com
apwg_sample_4190/2022-11/2022-11-17/2022-11-17-18576.png,Microsoft,shoptet,1,tagBox1,0.86857605,clownfish-app-uxmit.ondigitalocean.app
apwg_sample_4190/2023-02/2023-02-25/2023-02-25-6911.png,Facebook,Facebook,1,tagBox1,0.8607961,facebookvideo.great-site.net
apwg_sample_4190/2022-06/2022-06-07/2022-06-07-553685.png,"Rakuten Group, Inc.",,0,tagBox0,0,d.mfeof02w.top
apwg_sample_4190/2022-07/2022-07-02/2022-07-02-119141.png,Facebook,Facebook,1,tagBox1,0.9282571,tjkakws.pl
apwg_sample_4190/2022-11/2022-11-12/2022-11-12-174544.png,International Card Services,International Card Services B.V,1,tagBox1,0.94245654,modulent-zelfregend.art
apwg_sample_4190/2022-11/2022-11-01/2022-11-01-186879.png,International Card Services,International Card Services B.V,1,tagBox1,0.9042744,mijnsca-clientview.109-71-253-24.plesk.page
apwg_sample_4190/2023-02/2023-02-08/2023-02-08-17074.png,DHL,DHL Airways,1,tagBox1,0.9571254,chhotumaharaj.com
apwg_sample_4190/2022-11/2022-11-13/2022-11-13-91188.png,Santander Bank,Grupo Santander,1,tagBox1,0.9060347,inquisitivecobra.build067.wpsandbox.app
apwg_sample_4190/2022-10/2022-10-22/2022-10-22-419419.png,DHL,DHL Airways,1,tagBox1,0.919119,theartiste.us
apwg_sample_4190/2022-09/2022-09-21/2022-09-21-138018.png,DHL,DHL Airways,1,tagBox1,0.9593426,czeshdelivery.com
apwg_sample_4190/2022-08/2022-08-16/2022-08-16-404363.png,Bendigo Bank,,0,tagBox1,0.7876316,bendigo-onlinesecurity.com
apwg_sample_4190/2022-08/2022-08-17/2022-08-17-55094.png,DHL,DHL Airways,1,tagBox1,0.9593426,muasasat-habibalkul.com
apwg_sample_4190/2023-06/2023-06-07/2023-06-07-37953.png,Microsoft,Microsoft,1,tagBox1,0.9001088,lovelylawnscaping-1318334846.cos.ap-jakarta.myqcloud.com
apwg_sample_4190/2022-06/2022-06-08/2022-06-08-668627.png,DHL,DHL Airways,1,tagBox1,0.919119,viettelhoadondientu.com
apwg_sample_4190/2022-06/2022-06-06/2022-06-06-593444.png,Facebook,Facebook,1,tagBox1,0.9637407,matchmastersofficialfreecoinslinks.blogspot.mx
apwg_sample_4190/2022-06/2022-06-06/2022-06-06-593417.png,Facebook,Facebook,1,tagBox1,0.9609029,matchmastersofficialcoinlinjjlk.blogspot.lt
apwg_sample_4190/2022-06/2022-06-06/2022-06-06-594048.png,Meta,,0,tagBox1,0.7303729,kamunisturgalaman.ga
apwg_sample_4190/2023-07/2023-07-05/2023-07-05-74304.png,Facebook,Magalu,1,tagBox1,0.9071261,product-list2479.atwebpages.com
apwg_sample_4190/2022-07/2022-07-19/2022-07-19-86762.png,Facebook,Facebook,1,tagBox1,0.8681954,verificar-cuenta-151654.click
apwg_sample_4190/2022-08/2022-08-08/2022-08-08-475108.png,Facebook,Facebook,1,tagBox1,0.9420551,pageverification718277.co.vu
apwg_sample_4190/2022-10/2022-10-11/2022-10-11-328613.png,Instagram,,0,tagBox1,0.6864089,helpsforms232434.atwebpages.com
apwg_sample_4190/2022-08/2022-08-25/2022-08-25-264404.png,Facebook,,0,tagBox1,0.6552844,bgmirewardsevent2022.000webhostapp.com
apwg_sample_4190/2022-07/2022-07-14/2022-07-14-109788.png,Facebook,Facebook,1,tagBox1,0.9420551,tiny.one
apwg_sample_4190/2022-08/2022-08-05/2022-08-05-28500.png,Instagram,Instagram,1,tagBox1,0.9037486,xn--ghelp-p81b.com
apwg_sample_4190/2022-09/2022-09-02/2022-09-02-142025.png,Facebook,Facebook,1,tagBox1,0.86884606,alexnigel.000webhostapp.com
apwg_sample_4190/2022-07/2022-07-17/2022-07-17-100547.png,Facebook,Facebook,1,tagBox1,0.9420551,confirmpage834656.co.vu
apwg_sample_4190/2022-07/2022-07-26/2022-07-26-116379.png,Facebook,,0,tagBox0,0,popry.co.vu
apwg_sample_4190/2022-07/2022-07-10/2022-07-10-107829.png,Facebook,Facebook,1,tagBox1,0.89100224,photo.dff44.quest
apwg_sample_4190/2022-08/2022-08-18/2022-08-18-387053.png,Microsoft,Microsoft,1,tagBox1,0.9043001,bwxfpbccev.web.app
apwg_sample_4190/2022-07/2022-07-10/2022-07-10-107413.png,Facebook,,0,tagBox1,0.6552844,bgmiskinsoffer.000webhostapp.com
apwg_sample_4190/2022-07/2022-07-20/2022-07-20-112166.png,Facebook,Facebook,1,tagBox1,0.9420551,fbprivacy379.click
apwg_sample_4190/2022-08/2022-08-09/2022-08-09-34988.png,LinkedIn,LinkedIn Corporation,1,tagBox1,0.9471073,dev-celex.pantheonsite.io
apwg_sample_4190/2022-07/2022-07-29/2022-07-29-95224.png,Facebook,Facebook,1,tagBox1,0.9420551,submitng2643.site
apwg_sample_4190/2023-06/2023-06-01/2023-06-01-83077.png,Facebook,Facebook,1,tagBox1,0.86593205,gfd45456456fdsfd.blogspot.com
apwg_sample_4190/2022-07/2022-07-09/2022-07-09-1792.png,Facebook,Facebook,1,tagBox1,0.8966841,facebookkingandother.blogspot.com
apwg_sample_4190/2022-07/2022-07-16/2022-07-16-66585.png,Facebook,,0,tagBox1,0.7464155,guykghfdtrh.000webhostapp.com
apwg_sample_4190/2022-07/2022-07-08/2022-07-08-122022.png,Facebook,,0,tagBox1,0.6725224,www.idsverificationcenter.11126897531859228.web.id
apwg_sample_4190/2022-10/2022-10-15/2022-10-15-519276.png,Facebook,Facebook,1,tagBox1,0.8558588,hrhrhrhrrjfssfdfdggd.000webhostapp.com
apwg_sample_4190/2022-07/2022-07-05/2022-07-05-18517.png,Facebook,Facebook,1,tagBox1,0.9282571,informatorpolski-736421289846.azureedge.net
apwg_sample_4190/2022-12/2022-12-16/2022-12-16-10649.png,Credit Agricole,Credit Agricole S.A,1,tagBox1,0.89465404,besecuripascaistete.ga
apwg_sample_4190/2022-07/2022-07-14/2022-07-14-108715.png,Facebook,Facebook,1,tagBox1,0.9083285,aniuzare.co.vu
apwg_sample_4190/2022-12/2022-12-23/2022-12-23-108521.png,Facebook,,0,tagBox0,0,pubgm11148734.api-bagas2023.my.id
apwg_sample_4190/2022-07/2022-07-28/2022-07-28-7717.png,Wirtualna Polska,Charities Aid Foundation,1,tagBox1,0.8871318,article-fb-unshelfen111.netlify.app
apwg_sample_4190/2022-08/2022-08-02/2022-08-02-37186.png,Instagram,Instagram,1,tagBox1,0.9332376,abyrgd.is
apwg_sample_4190/2022-10/2022-10-14/2022-10-14-164676.png,Facebook,Facebook,1,tagBox1,0.9420551,pageconfirmation260402.co.vu
apwg_sample_4190/2022-07/2022-07-23/2022-07-23-16501.png,Facebook,Magalu,1,tagBox1,0.8829263,confirmpage-45645775.asia
apwg_sample_4190/2022-08/2022-08-22/2022-08-22-319561.png,Facebook,,0,tagBox0,0,new-event-spin-claim-now.duckdns.org
apwg_sample_4190/2022-07/2022-07-22/2022-07-22-87724.png,Microsoft,Microsoft,1,tagBox1,0.9438193,496323357221737.kitlanchesisa.com.br
apwg_sample_4190/2022-07/2022-07-21/2022-07-21-24276.png,Facebook,,0,tagBox0,0,www.securepubgmclaim.securesignin.duckdns.org
apwg_sample_4190/2022-07/2022-07-27/2022-07-27-102854.png,Yahoo,AOL,1,tagBox1,0.8549247,my-business-102162-108616.square.site
apwg_sample_4190/2023-07/2023-07-30/2023-07-30-102432.png,Facebook,Facebook,1,tagBox1,0.8558588,gghhghgtjttjyj.000webhostapp.com
apwg_sample_4190/2022-09/2022-09-09/2022-09-09-126962.png,Itau,,0,tagBox1,0.7023933,compruebpyitaupy.userspybnc22.repl.co
apwg_sample_4190/2022-07/2022-07-19/2022-07-19-85855.png,Mail Center,,0,tagBox1,0.7497364,bensapingoma-bonalinvestenmnment.pages.dev
apwg_sample_4190/2022-09/2022-09-02/2022-09-02-142531.png,Microsoft,Microsoft,1,tagBox1,0.9313862,noplmazrf.dns.army
apwg_sample_4190/2022-08/2022-08-03/2022-08-03-56876.png,Wells Fargo Bank,,0,tagBox1,0.7208419,enore.jp
apwg_sample_4190/2022-07/2022-07-19/2022-07-19-85419.png,Microsoft,Microsoft,1,tagBox1,0.91272587,vadsao.dns.army
apwg_sample_4190/2023-07/2023-07-05/2023-07-05-74082.png,Swiss Federal Railways,,0,tagBox0,0,lsl.international
apwg_sample_4190/2022-07/2022-07-20/2022-07-20-113956.png,Facebook,Facebook,1,tagBox1,0.92705476,mobilnewscnn.hs-sites-eu1.com
apwg_sample_4190/2023-01/2023-01-18/2023-01-18-147086.png,Facebook,,0,tagBox1,0.5047788,eventsskinsenjatadanbandelgratissfreefire2023.000webhostapp.com
apwg_sample_4190/2022-09/2022-09-05/2022-09-05-154009.png,Facebook,Facebook,1,tagBox1,0.86884606,fb.alrbnb.support
apwg_sample_4190/2023-07/2023-07-24/2023-07-24-121527.png,Facebook,Facebook,1,tagBox1,0.9029034,dynatos48.shop
apwg_sample_4190/2022-07/2022-07-06/2022-07-06-20225.png,Facebook,Facebook,1,tagBox1,0.8558588,eggeeggegrrgrgrh.000webhostapp.com
apwg_sample_4190/2023-05/2023-05-04/2023-05-04-90393.png,Facebook,,0,tagBox1,0.8082379,secure-us.blogspot.com
apwg_sample_4190/2023-01/2023-01-16/2023-01-16-193112.png,DHL,DHL Airways,1,tagBox1,0.8828918,www.tiki-trade.ro
apwg_sample_4190/2022-07/2022-07-20/2022-07-20-114243.png,Facebook,Facebook,1,tagBox1,0.8984041,www.parkrozwrywki.click
apwg_sample_4190/2022-09/2022-09-14/2022-09-14-164156.png,Itau,Itau Unibanco S.A,1,tagBox1,0.97002757,weeuntimelymarkuplanguage.atenciontaupy.repl.co
apwg_sample_4190/2022-07/2022-07-01/2022-07-01-33596.png,Facebook,Facebook,1,tagBox1,0.93526304,polskinews-91525850.azureedge.net
apwg_sample_4190/2022-07/2022-07-20/2022-07-20-112227.png,Facebook,Facebook,1,tagBox1,0.93526304,info-45682176.azureedge.net
apwg_sample_4190/2022-07/2022-07-25/2022-07-25-62631.png,Apple,Apple,1,tagBox1,0.95141065,mail.info-login-apple.us
apwg_sample_4190/2022-07/2022-07-25/2022-07-25-65307.png,Facebook,,0,tagBox1,0.5490226,immiaccount.blogspot.lt
apwg_sample_4190/2023-05/2023-05-09/2023-05-09-100915.png,Facebook,Facebook,1,tagBox1,0.86593205,xcvxcvwewerw.blogspot.ba
apwg_sample_4190/2023-02/2023-02-15/2023-02-15-103532.png,Facebook,Magalu,1,tagBox1,0.8953564,jostepicicolli.com
apwg_sample_4190/2023-07/2023-07-28/2023-07-28-69552.png,Microsoft,Microsoft,1,tagBox1,0.8639972,mail032-1-exch014-serverdata-net-new-docusign-document.us-ord-1.linodeobjects.com
apwg_sample_4190/2022-09/2022-09-12/2022-09-12-244229.png,Facebook,Facebook,1,tagBox1,0.85661054,neozoic-submarines.000webhostapp.com
apwg_sample_4190/2022-08/2022-08-11/2022-08-11-370456.png,Microsoft,Microsoft,1,tagBox1,0.9219773,siasky.net
apwg_sample_4190/2022-08/2022-08-22/2022-08-22-295698.png,Facebook,,0,tagBox1,0.68908787,0eb.xyz
apwg_sample_4190/2022-08/2022-08-29/2022-08-29-46889.png,Wells Fargo Bank,,0,tagBox1,0.6600592,pinu4564ps4t.ru
apwg_sample_4190/2022-09/2022-09-22/2022-09-22-174754.png,Facebook,Facebook,1,tagBox1,0.9022331,mattglosdubai.com
apwg_sample_4190/2022-09/2022-09-14/2022-09-14-171366.png,Wells Fargo Bank,,0,tagBox1,0.6600592,pinu4564ps4t.ru
apwg_sample_4190/2022-08/2022-08-25/2022-08-25-268541.png,Netflix,Giffgaff,1,tagBox1,0.83630514,nextlinks.co.jp
apwg_sample_4190/2023-01/2023-01-04/2023-01-04-243908.png,Facebook,M & T Bank Coporation,1,tagBox1,0.87586004,alicialeon.net
apwg_sample_4190/2022-10/2022-10-10/2022-10-10-750354.png,Facebook,Facebook,1,tagBox1,0.86884606,crytopricebot.000webhostapp.com
apwg_sample_4190/2022-09/2022-09-21/2022-09-21-139524.png,Namecheap,Uber,1,tagBox1,0.8651269,banco-santander-chille.ml
apwg_sample_4190/2022-07/2022-07-04/2022-07-04-97970.png,Microsoft,Microsoft,1,tagBox1,0.9129163,micronotifications.com
apwg_sample_4190/2022-09/2022-09-26/2022-09-26-110619.png,Credit Agricole,Credit Agricole S.A,1,tagBox1,0.8955382,wordpress-844498-2910713.cloudwaysapps.com
apwg_sample_4190/2023-04/2023-04-30/2023-04-30-53950.png,Facebook,,0,tagBox0,0,claim-event-pubg.fornews.me
apwg_sample_4190/2023-01/2023-01-03/2023-01-03-56100.png,Facebook,Facebook,1,tagBox1,0.86593205,dsafdsgfdgfdhgf.blogspot.com.eg
apwg_sample_4190/2023-04/2023-04-14/2023-04-14-29354.png,AT&T,,0,tagBox0,0,attmailsubjected324567ncdsuytuw7348ed-38eudxwsa.weebly.com
apwg_sample_4190/2022-09/2022-09-14/2022-09-14-156817.png,Microsoft,,0,tagBox0,0,wednesday14.c1.biz
apwg_sample_4190/2022-09/2022-09-12/2022-09-12-234309.png,DHL,,0,tagBox0,0,www.painspecialistnearme.com
apwg_sample_4190/2022-07/2022-07-02/2022-07-02-119125.png,Facebook,Facebook,1,tagBox1,0.9282571,www.nwaklas.pl
apwg_sample_4190/2022-09/2022-09-01/2022-09-01-203794.png,Internal Revenue Service,IRS,1,tagBox1,0.92109674,labreport.lk
apwg_sample_4190/2022-12/2022-12-11/2022-12-11-97090.png,Facebook,,0,tagBox0,0,jatsinhra.xyz
apwg_sample_4190/2022-08/2022-08-03/2022-08-03-64319.png,Naver Corporation,Naver,1,tagBox1,0.9124368,storied-blini-e5fe94.netlify.app
apwg_sample_4190/2023-02/2023-02-19/2023-02-19-6512.png,Facebook,Facebook,1,tagBox1,0.89565986,glucky.cfd
apwg_sample_4190/2022-07/2022-07-08/2022-07-08-120383.png,Facebook,,0,tagBox0,0,perfil-camilamartins2022.blogspot.pt
apwg_sample_4190/2022-07/2022-07-08/2022-07-08-122543.png,Facebook,,0,tagBox0,0,perfil-gabrileoliveira-2022.blogspot.ug
apwg_sample_4190/2022-07/2022-07-08/2022-07-08-122349.png,Facebook,,0,tagBox0,0,kauannymoreira-perfil2022.blogspot.co.uk
apwg_sample_4190/2023-06/2023-06-18/2023-06-18-187841.png,Facebook,Facebook,1,tagBox1,0.9109181,nabcy-43.mtfj.xyz
apwg_sample_4190/2022-10/2022-10-10/2022-10-10-798578.png,DHL,DHL Airways,1,tagBox1,0.9691092,login-address-confirmation.upcpeoria.org
apwg_sample_4190/2022-08/2022-08-15/2022-08-15-3020.png,Facebook,Facebook,1,tagBox1,0.94156194,us--b-250523.blogspot.jp
apwg_sample_4190/2022-08/2022-08-15/2022-08-15-6297.png,Wildberries,,0,tagBox1,0.7794175,9lj0eg.cyou
apwg_sample_4190/2022-08/2022-08-15/2022-08-15-10006.png,Microsoft Bing,Microsoft,1,tagBox1,0.8638172,hoa.silverstartelluride.com
apwg_sample_4190/2022-08/2022-08-15/2022-08-15-6444.png,DHL,DHL Airways,1,tagBox1,0.9476118,www.katana17.com
apwg_sample_4190/2022-08/2022-08-15/2022-08-15-4777.png,DHL,,0,tagBox1,0.7310158,vanderkruijs.nl
apwg_sample_4190/2022-08/2022-08-15/2022-08-15-10359.png,Microsoft Bing,Microsoft,1,tagBox1,0.8638172,hoa.silverstartelluride.com
apwg_sample_4190/2022-08/2022-08-15/2022-08-15-4931.png,Microsoft Bing,Microsoft,1,tagBox1,0.8638172,hoa.silverstartelluride.com
apwg_sample_4190/2022-10/2022-10-02/2022-10-02-1240604.png,DHL,DHL Airways,1,tagBox1,0.95251983,gennou.com
apwg_sample_4190/2022-08/2022-08-15/2022-08-15-5350.png,Microsoft Bing,Microsoft,1,tagBox1,0.8638172,kvraustralia.com
apwg_sample_4190/2022-08/2022-08-18/2022-08-18-392913.png,Wells Fargo Bank,Bank of America,1,tagBox1,0.8311049,www--wellsfargo--com--ae49329d48d6c.wsipv6.com
apwg_sample_4190/2022-08/2022-08-16/2022-08-16-399886.png,Microsoft Bing,Microsoft,1,tagBox1,0.8638172,hoa.silverstartelluride.com
apwg_sample_4190/2022-08/2022-08-15/2022-08-15-5901.png,Microsoft Bing,Microsoft,1,tagBox1,0.8638172,icscards.nl.online-identificatie.allyengroup.com
apwg_sample_4190/2022-08/2022-08-16/2022-08-16-398710.png,Microsoft Bing,Microsoft,1,tagBox1,0.8638172,hoa.silverstartelluride.com
apwg_sample_4190/2022-08/2022-08-11/2022-08-11-370904.png,DHL,,0,tagBox0,0,www.katana17.com
apwg_sample_4190/2022-08/2022-08-15/2022-08-15-6402.png,DHL,DHL Airways,1,tagBox1,0.9476118,www.katana17.com
apwg_sample_4190/2022-08/2022-08-25/2022-08-25-258068.png,Standard Bank,,0,tagBox0,0,zealous-sammet.195-154-23-202.plesk.page
apwg_sample_4190/2022-08/2022-08-11/2022-08-11-369712.png,DHL,DHL Airways,1,tagBox1,0.9476118,www.katana17.com
apwg_sample_4190/2022-08/2022-08-13/2022-08-13-116111.png,DHL,DHL Airways,1,tagBox1,0.9476118,www.katana17.com
apwg_sample_4190/2022-08/2022-08-15/2022-08-15-2899.png,International Card Services,Microsoft,1,tagBox1,0.8638172,icscards.nl.online-identificatie.allyengroup.com
apwg_sample_4190/2022-08/2022-08-15/2022-08-15-8834.png,Microsoft Bing,Microsoft,1,tagBox1,0.8638172,hoa.silverstartelluride.com
apwg_sample_4190/2022-08/2022-08-15/2022-08-15-7185.png,Microsoft Bing,Microsoft,1,tagBox1,0.8550763,icscards.nl.online-identificatie.allyengroup.com
apwg_sample_4190/2022-08/2022-08-13/2022-08-13-114713.png,DHL,,0,tagBox0,0,www.katana17.com
apwg_sample_4190/2022-08/2022-08-15/2022-08-15-6956.png,DHL,DHL Airways,1,tagBox1,0.9476118,www.katana17.com
apwg_sample_4190/2022-08/2022-08-20/2022-08-20-98621.png,Facebook,Facebook,1,tagBox1,0.9420551,verificationcenter-948564.site
apwg_sample_4190/2022-08/2022-08-12/2022-08-12-467655.png,DHL,DHL Airways,1,tagBox1,0.9476118,www.katana17.com
apwg_sample_4190/2022-09/2022-09-11/2022-09-11-225325.png,DHL,DHL Airways,1,tagBox1,0.95096177,www.esnafbenim.com
apwg_sample_4190/2022-08/2022-08-15/2022-08-15-3709.png,DHL,DHL Airways,1,tagBox1,0.94995826,hldpz-yqaaa-aaaai-qiesa-cai.raw.ic0.app
apwg_sample_4190/2022-08/2022-08-10/2022-08-10-407057.png,DHL,DHL Airways,1,tagBox1,0.9476118,www.katana17.com
apwg_sample_4190/2022-08/2022-08-17/2022-08-17-54732.png,Microsoft,,0,tagBox0,0,divineemploymentsolutions.com
apwg_sample_4190/2022-08/2022-08-11/2022-08-11-367709.png,DHL,DHL Airways,1,tagBox1,0.9476118,www.katana17.com
apwg_sample_4190/2022-08/2022-08-13/2022-08-13-120802.png,DHL,DHL Airways,1,tagBox1,0.9476118,www.katana17.com
apwg_sample_4190/2022-08/2022-08-12/2022-08-12-468068.png,DHL,DHL Airways,1,tagBox1,0.9476118,www.katana17.com
apwg_sample_4190/2022-08/2022-08-09/2022-08-09-34610.png,DHL,DHL Airways,1,tagBox1,0.88379145,www.katana17.com
apwg_sample_4190/2022-08/2022-08-15/2022-08-15-5669.png,DHL,DHL Airways,1,tagBox1,0.9476118,www.katana17.com
apwg_sample_4190/2022-08/2022-08-10/2022-08-10-407659.png,DHL,DHL Airways,1,tagBox1,0.9476118,www.katana17.com
apwg_sample_4190/2022-08/2022-08-12/2022-08-12-473598.png,DHL,DHL Airways,1,tagBox1,0.9476118,www.katana17.com
apwg_sample_4190/2022-11/2022-11-20/2022-11-20-235093.png,Facebook,,0,tagBox0,0,pubgmdev.biz.id
apwg_sample_4190/2022-12/2022-12-27/2022-12-27-181775.png,PT Bank Rakyat Indonesia ,,0,tagBox1,0.652134,brilogin2977.blockerhome.biz.id
apwg_sample_4190/2022-08/2022-08-15/2022-08-15-7509.png,Facebook,Facebook,1,tagBox1,0.9420551,identifyconfirmattendant81522.click
apwg_sample_4190/2022-08/2022-08-15/2022-08-15-3082.png,DHL,,0,tagBox1,0.7256794,www.katana17.com
apwg_sample_4190/2022-10/2022-10-11/2022-10-11-357098.png,Facebook,Facebook,1,tagBox1,0.89565986,3buy.xyz
apwg_sample_4190/2022-08/2022-08-12/2022-08-12-472672.png,DHL,,0,tagBox0,0,www.katana17.com
apwg_sample_4190/2022-09/2022-09-01/2022-09-01-203947.png,Facebook,Facebook,1,tagBox1,0.9420551,successall-564654151.space
apwg_sample_4190/2022-08/2022-08-19/2022-08-19-123640.png,Facebook,Facebook,1,tagBox1,0.9420551,verificationcenter7789775.co.vu
apwg_sample_4190/2022-08/2022-08-27/2022-08-27-245310.png,Facebook,Facebook,1,tagBox1,0.8508687,crocked-mule.000webhostapp.com
apwg_sample_4190/2022-08/2022-08-20/2022-08-20-98404.png,Wells Fargo Bank,Bank of America,1,tagBox1,0.8311049,www--wellsfargo--com--en49329d48d6c.wsipv6.com
apwg_sample_4190/2022-08/2022-08-14/2022-08-14-110260.png,Microsoft Bing,Microsoft,1,tagBox1,0.8550763,icscards.nl.online-identificatie.allyengroup.com
apwg_sample_4190/2023-01/2023-01-06/2023-01-06-23845.png,DHL,DHL Airways,1,tagBox1,0.9593426,delivery.buyvenoms.com
apwg_sample_4190/2022-08/2022-08-05/2022-08-05-27786.png,Facebook,,0,tagBox0,0,m-perfil-karollynnasouza-2022.blogspot.de
apwg_sample_4190/2022-08/2022-08-10/2022-08-10-409765.png,Apple,,0,tagBox1,0.77743524,apple-reseller-partner-support-online.com
apwg_sample_4190/2022-08/2022-08-05/2022-08-05-21903.png,Facebook,,0,tagBox0,0,m-perfil-com-marianalopes1203.blogspot.se
apwg_sample_4190/2022-08/2022-08-05/2022-08-05-21088.png,Namecheap,,0,tagBox1,0.7803315,sparkasse.de-server8.club
apwg_sample_4190/2022-08/2022-08-04/2022-08-04-382371.png,Facebook,,0,tagBox0,0,m-facebook-gabrielaoliveira.blogspot.sn
apwg_sample_4190/2022-12/2022-12-09/2022-12-09-342201.png,Santander Bank,Grupo Santander,1,tagBox1,0.9076997,agreeablecottonmouth.build067.wpsandbox.app
apwg_sample_4190/2022-08/2022-08-10/2022-08-10-406306.png,Microsoft,,0,tagBox1,0.81632376,ikihaaa.ga
apwg_sample_4190/2022-08/2022-08-07/2022-08-07-69238.png,DHL,,0,tagBox0,0,www.katana17.com
apwg_sample_4190/2022-08/2022-08-08/2022-08-08-473940.png,DHL,,0,tagBox0,0,www.katana17.com
apwg_sample_4190/2022-09/2022-09-01/2022-09-01-203655.png,Societe Generale Group,,0,tagBox1,0.78592455,agencesgwn011.firebaseapp.com
apwg_sample_4190/2023-05/2023-05-21/2023-05-21-89693.png,Instagram,Instagram,1,tagBox1,0.8829636,fotonewsimgs.brq-tmo.net
apwg_sample_4190/2022-08/2022-08-30/2022-08-30-216298.png,Facebook,Facebook,1,tagBox1,0.8935689,sexphotox98.000webhostapp.com
apwg_sample_4190/2022-08/2022-08-08/2022-08-08-475653.png,DHL,DHL Airways,1,tagBox1,0.919119,pangpang.gabia.io
apwg_sample_4190/2022-08/2022-08-10/2022-08-10-411271.png,Bank of America,Bank of America,1,tagBox1,0.9419619,mail.corpbancafinance.com
apwg_sample_4190/2022-08/2022-08-11/2022-08-11-369974.png,FedEx Corporation,,0,tagBox0,0,a-trk.aj7l.info
apwg_sample_4190/2022-09/2022-09-27/2022-09-27-230461.png,Credit Agricole,Credit Agricole S.A,1,tagBox1,0.906986,ahuehrtrmougoutaperldonnergherur-bc5faf.ingress-comporellon.ewp.live
apwg_sample_4190/2022-08/2022-08-10/2022-08-10-406919.png,"SunTrust Banks, Inc.",SunTrust Bank,1,tagBox1,0.9742533,corpbancafinance.com
apwg_sample_4190/2023-02/2023-02-04/2023-02-04-144547.png,Trust Wallet,,0,tagBox1,0.7752568,stakingmigrate899897878.live
apwg_sample_4190/2023-02/2023-02-28/2023-02-28-141745.png,Meta,,0,tagBox1,0.6579311,helpcentral85647.click
apwg_sample_4190/2022-08/2022-08-09/2022-08-09-33153.png,Facebook,Facebook,1,tagBox1,0.9251138,fb-checkpoint-256487692314878.ga
apwg_sample_4190/2023-03/2023-03-05/2023-03-05-9445.png,Facebook,Facebook,1,tagBox1,0.9536021,mods-because-bryan-donations.trycloudflare.com
apwg_sample_4190/2023-03/2023-03-01/2023-03-01-15187.png,AT&T,AT&T,1,tagBox1,0.9791983,servicess.godaddysites.com
apwg_sample_4190/2022-08/2022-08-07/2022-08-07-68628.png,Standard Bank,,0,tagBox0,0,www.harborviewfunding.com
apwg_sample_4190/2022-09/2022-09-06/2022-09-06-220430.png,Facebook,Facebook,1,tagBox1,0.8623023,fbvote-international-program-contest--snigdha.000webhostapp.com
apwg_sample_4190/2022-12/2022-12-07/2022-12-07-167276.png,Yahoo,Yahoo!,1,tagBox1,0.9302165,cjhoyf.shop
apwg_sample_4190/2022-08/2022-08-31/2022-08-31-455920.png,Facebook,Facebook,1,tagBox1,0.93241704,metaplatform-policyissues144.tk
apwg_sample_4190/2022-08/2022-08-31/2022-08-31-456514.png,Facebook,Facebook,1,tagBox1,0.9420551,activated-1356367.click
apwg_sample_4190/2022-09/2022-09-15/2022-09-15-65509.png,Sparkasse,Sparkasse Bank,1,tagBox1,0.9531712,spksupport-verifizierung.de
apwg_sample_4190/2022-08/2022-08-30/2022-08-30-217588.png,Wells Fargo Bank,,0,tagBox1,0.6600592,pinu4564ps4t.ru
apwg_sample_4190/2022-08/2022-08-29/2022-08-29-47175.png,Facebook,Facebook,1,tagBox1,0.92710006,faceebook.trendinmusic.com
apwg_sample_4190/2022-10/2022-10-30/2022-10-30-166325.png,PayPal,PayPal,1,tagBox1,0.9002099,a.dwnl.my.id
apwg_sample_4190/2022-09/2022-09-15/2022-09-15-72611.png,Facebook,Facebook,1,tagBox1,0.9420551,verif5532.space
apwg_sample_4190/2022-12/2022-12-08/2022-12-08-333256.png,Hostinger,,0,tagBox1,0.710407,notification-alert.net
apwg_sample_4190/2022-09/2022-09-20/2022-09-20-56776.png,Wells Fargo Bank,,0,tagBox1,0.6600592,pinu4564ps4t.ru
apwg_sample_4190/2023-02/2023-02-24/2023-02-24-38763.png,Facebook,,0,tagBox0,0,bgmi.devilshizuvip.xyz
apwg_sample_4190/2022-09/2022-09-29/2022-09-29-186980.png,Microsoft,Microsoft,1,tagBox1,0.9109093,www.advetrading.com
apwg_sample_4190/2023-02/2023-02-21/2023-02-21-8515.png,Microsoft,Microsoft,1,tagBox1,0.9294287,www.eiliashop.com
apwg_sample_4190/2022-08/2022-08-29/2022-08-29-46266.png,Chase Bank,,0,tagBox1,0.6776785,mail.cybtechsite.com.ng
apwg_sample_4190/2023-04/2023-04-11/2023-04-11-66.png,Wells Fargo Bank,,0,tagBox1,0.48499113,coltok.com
apwg_sample_4190/2022-09/2022-09-16/2022-09-16-17847.png,Facebook,Facebook,1,tagBox1,0.9420551,offdown998.site
apwg_sample_4190/2022-09/2022-09-06/2022-09-06-219987.png,Apple,Apple,1,tagBox1,0.84723115,mgrecipes.com
apwg_sample_4190/2022-10/2022-10-05/2022-10-05-964593.png,Alaska USA Federal Credit Union,Alaska USA Federal Credit Union,1,tagBox1,0.9581375,alsekausa.com
apwg_sample_4190/2022-08/2022-08-21/2022-08-21-204927.png,Facebook,Facebook,1,tagBox1,0.9420551,metoocfo29fanpagee-135.pw
apwg_sample_4190/2022-09/2022-09-04/2022-09-04-47853.png,Facebook,,0,tagBox0,0,officall.bgmii.in
apwg_sample_4190/2022-09/2022-09-08/2022-09-08-85107.png,Facebook,Facebook,1,tagBox1,0.9420551,pageconfirmation887816.co.vu
apwg_sample_4190/2022-09/2022-09-14/2022-09-14-162105.png,Facebook,,0,tagBox1,0.6231016,jangansuspen.my.id
apwg_sample_4190/2022-09/2022-09-13/2022-09-13-86464.png,DHL,,0,tagBox1,0.61590827,intelligence.hk
apwg_sample_4190/2022-09/2022-09-03/2022-09-03-152091.png,Facebook,,0,tagBox1,0.73233306,000vipwolf00.000webhostapp.com
apwg_sample_4190/2022-09/2022-09-10/2022-09-10-147925.png,Facebook,Facebook,1,tagBox1,0.9420551,activationteam994656.co.vu
apwg_sample_4190/2022-12/2022-12-30/2022-12-30-65946.png,PT Bank Rakyat Indonesia ,,0,tagBox0,0,info-layanan-bank.my.id
apwg_sample_4190/2023-04/2023-04-03/2023-04-03-79750.png,Wells Fargo Bank,,0,tagBox1,0.7853526,coltok.com
apwg_sample_4190/2022-09/2022-09-15/2022-09-15-61346.png,Facebook,Facebook,1,tagBox1,0.9331749,facebook10002.ml
apwg_sample_4190/2022-09/2022-09-17/2022-09-17-19970.png,Facebook,Facebook,1,tagBox1,0.93049645,metapoint6005807.ml
apwg_sample_4190/2023-02/2023-02-17/2023-02-17-44863.png,AT&T,,0,tagBox1,0.76682514,xbeualskdgjf.godaddysites.com
apwg_sample_4190/2023-02/2023-02-15/2023-02-15-102486.png,Facebook,,0,tagBox1,0.60789907,freefirereward773.blogspot.com
apwg_sample_4190/2022-10/2022-10-24/2022-10-24-272356.png,Facebook,,0,tagBox0,0,mlbb.iiuubri.live
apwg_sample_4190/2022-09/2022-09-17/2022-09-17-21662.png,Facebook,Facebook,1,tagBox1,0.9331749,1000036598795625.ml
apwg_sample_4190/2022-08/2022-08-17/2022-08-17-52985.png,Microsoft Bing,mbank,1,tagBox1,0.8918135,kvraustralia.com
apwg_sample_4190/2022-08/2022-08-17/2022-08-17-51897.png,Microsoft Bing,,0,tagBox1,0.5963752,hoa.silverstartelluride.com
apwg_sample_4190/2022-08/2022-08-16/2022-08-16-398993.png,Microsoft Bing,mbank,1,tagBox1,0.8918135,kvraustralia.com
apwg_sample_4190/2022-08/2022-08-17/2022-08-17-51340.png,Microsoft Bing,,0,tagBox1,0.5963752,kvraustralia.com
apwg_sample_4190/2022-09/2022-09-15/2022-09-15-73280.png,Facebook,Facebook,1,tagBox1,0.8908719,whoujeoise-985876.space
apwg_sample_4190/2022-08/2022-08-18/2022-08-18-390282.png,DHL,DHL Airways,1,tagBox1,0.9691092,dhllify.georgejohnrealestate.com
apwg_sample_4190/2022-08/2022-08-17/2022-08-17-48681.png,Microsoft Bing,,0,tagBox1,0.5963752,hoa.silverstartelluride.com
apwg_sample_4190/2022-08/2022-08-17/2022-08-17-52969.png,Microsoft Bing,mbank,1,tagBox1,0.8918135,icscards.nl.online-identificatie.vizagsmiles.com
apwg_sample_4190/2022-08/2022-08-17/2022-08-17-51067.png,Microsoft Bing,,0,tagBox1,0.5963752,kvraustralia.com
apwg_sample_4190/2022-08/2022-08-17/2022-08-17-50145.png,Microsoft Bing,,0,tagBox1,0.5963752,hoa.silverstartelluride.com
apwg_sample_4190/2022-08/2022-08-17/2022-08-17-49132.png,Microsoft Bing,mbank,1,tagBox1,0.8918135,kvraustralia.com
apwg_sample_4190/2022-08/2022-08-18/2022-08-18-387998.png,Microsoft Bing,,0,tagBox1,0.5963752,hoa.silverstartelluride.com
apwg_sample_4190/2023-03/2023-03-01/2023-03-01-15387.png,M&T Bank Corporation,M & T Bank Coporation,1,tagBox1,0.9727421,mtb.com.j-tropical-crops.com
apwg_sample_4190/2022-08/2022-08-17/2022-08-17-51621.png,Microsoft Bing,,0,tagBox1,0.5963752,hoa.silverstartelluride.com
apwg_sample_4190/2022-08/2022-08-17/2022-08-17-50765.png,Microsoft,Microsoft,1,tagBox1,0.92173624,uytretyuiouyt.duckdns.org
apwg_sample_4190/2022-08/2022-08-17/2022-08-17-49688.png,Microsoft Bing,,0,tagBox1,0.5963752,kvraustralia.com
apwg_sample_4190/2022-08/2022-08-17/2022-08-17-50680.png,Microsoft Bing,,0,tagBox1,0.5963752,kvraustralia.com
apwg_sample_4190/2022-08/2022-08-17/2022-08-17-48767.png,Microsoft Bing,mbank,1,tagBox1,0.8918135,hoa.silverstartelluride.com
apwg_sample_4190/2022-08/2022-08-17/2022-08-17-53153.png,Microsoft Bing,,0,tagBox1,0.5963752,hoa.silverstartelluride.com
apwg_sample_4190/2022-08/2022-08-17/2022-08-17-49074.png,Microsoft Bing,,0,tagBox1,0.60244125,kvraustralia.com
apwg_sample_4190/2022-08/2022-08-17/2022-08-17-54579.png,Microsoft Bing,,0,tagBox1,0.5963752,kvraustralia.com
apwg_sample_4190/2022-10/2022-10-25/2022-10-25-1029642.png,PT Bank Rakyat Indonesia ,,0,tagBox1,0.622311,sytem-bri-terkini.com
apwg_sample_4190/2022-08/2022-08-16/2022-08-16-398964.png,Microsoft Bing,,0,tagBox1,0.7456313,kvraustralia.com
apwg_sample_4190/2022-08/2022-08-17/2022-08-17-53019.png,Microsoft Bing,,0,tagBox1,0.5963752,kvraustralia.com
apwg_sample_4190/2022-08/2022-08-17/2022-08-17-55195.png,Microsoft Bing,,0,tagBox1,0.5963752,hoa.silverstartelluride.com
apwg_sample_4190/2022-08/2022-08-16/2022-08-16-399141.png,Microsoft Bing,mbank,1,tagBox1,0.8918135,hoa.silverstartelluride.com
apwg_sample_4190/2022-08/2022-08-17/2022-08-17-52379.png,ING Group,,0,tagBox0,0,kvraustralia.com
apwg_sample_4190/2022-08/2022-08-17/2022-08-17-52500.png,Microsoft Bing,,0,tagBox1,0.5963752,hoa.silverstartelluride.com
apwg_sample_4190/2022-08/2022-08-17/2022-08-17-52696.png,Microsoft Bing,,0,tagBox1,0.5963752,kvraustralia.com
apwg_sample_4190/2022-08/2022-08-16/2022-08-16-401786.png,Microsoft Bing,,0,tagBox0,0,hoa.silverstartelluride.com
apwg_sample_4190/2023-03/2023-03-07/2023-03-07-16300.png,Wells Fargo Bank,,0,tagBox1,0.7853526,coltok.com
apwg_sample_4190/2022-08/2022-08-18/2022-08-18-392339.png,DHL,DHL Airways,1,tagBox1,0.9691092,dhlllllll-user.phoenixsongsbio.org
apwg_sample_4190/2022-08/2022-08-18/2022-08-18-395111.png,DHL,DHL Airways,1,tagBox1,0.9691092,dhlllllll-user.prescottadamsgroup.net
apwg_sample_4190/2022-08/2022-08-17/2022-08-17-51629.png,TD Bank,TD Bank Group,1,tagBox1,0.839674,srbyg.podidemo.dk
apwg_sample_4190/2022-08/2022-08-18/2022-08-18-393831.png,Facebook,,0,tagBox1,0.7172488,2ae.xyz
apwg_sample_4190/2022-08/2022-08-18/2022-08-18-392762.png,Facebook,,0,tagBox1,0.7799321,2ae.xyz
apwg_sample_4190/2022-08/2022-08-18/2022-08-18-386232.png,DHL,DHL Airways,1,tagBox1,0.9691092,dhllify.georgejohnrealestate.com
apwg_sample_4190/2022-08/2022-08-18/2022-08-18-395278.png,Trust Wallet,,0,tagBox1,0.6327627,sarratillo.com
apwg_sample_4190/2022-08/2022-08-18/2022-08-18-387174.png,DHL,DHL Airways,1,tagBox1,0.9691092,dhlllllll-user.prescottadamsgroup.net
apwg_sample_4190/2022-08/2022-08-30/2022-08-30-215085.png,Facebook,,0,tagBox0,0,bgmieventreward.com
apwg_sample_4190/2022-09/2022-09-23/2022-09-23-43413.png,Microsoft,Microsoft,1,tagBox1,0.92327607,xr3e-8uzz-nb5l.xyz
apwg_sample_4190/2022-08/2022-08-18/2022-08-18-388571.png,DHL,DHL Airways,1,tagBox1,0.9691092,dhllify.georgejohnrealestate.com
apwg_sample_4190/2022-08/2022-08-03/2022-08-03-56676.png,Facebook,Facebook,1,tagBox1,0.8966841,facebook12175.blogspot.lt
apwg_sample_4190/2023-06/2023-06-22/2023-06-22-129258.png,AT&T,AT&T,1,tagBox1,0.97514397,mauheio204.boxmode.io
apwg_sample_4190/2022-08/2022-08-18/2022-08-18-390866.png,DHL,DHL Airways,1,tagBox1,0.9691092,dhllify.georgejohnrealestate.com
apwg_sample_4190/2022-12/2022-12-01/2022-12-01-134167.png,Credit Suisse Group AG,,0,tagBox1,0.722931,direct-credit-suisse-e1f47.firebaseapp.com
apwg_sample_4190/2022-10/2022-10-19/2022-10-19-144835.png,Naver Corporation,Naver,1,tagBox1,0.8916818,zesty-cendol-1c4db3.netlify.app
apwg_sample_4190/2022-08/2022-08-07/2022-08-07-70588.png,DHL,DHL Airways,1,tagBox1,0.919119,pangpang.gabia.io
apwg_sample_4190/2022-08/2022-08-08/2022-08-08-476654.png,DHL,DHL Airways,1,tagBox1,0.919119,pangpang.gabia.io
apwg_sample_4190/2022-08/2022-08-31/2022-08-31-455900.png,Facebook,Facebook,1,tagBox1,0.9182457,voteforokesharon.000webhostapp.com
apwg_sample_4190/2022-08/2022-08-25/2022-08-25-262809.png,DHL,DHL Airways,1,tagBox1,0.919119,dev-valleverde.tk
apwg_sample_4190/2022-08/2022-08-21/2022-08-21-179738.png,StormGain,,0,tagBox1,0.59893036,www-stormgain.com
apwg_sample_4190/2022-10/2022-10-31/2022-10-31-1334282.png,Military Bank,,0,tagBox1,0.80647564,congvidientuplus.com
apwg_sample_4190/2022-08/2022-08-20/2022-08-20-100432.png,DHL,DHL Airways,1,tagBox1,0.919119,yamboro.com
apwg_sample_4190/2022-08/2022-08-20/2022-08-20-100966.png,Military Bank,,0,tagBox0,0,ipayvidientu247.com
apwg_sample_4190/2022-08/2022-08-20/2022-08-20-102649.png,VietinBank,,0,tagBox1,0.7592554,ipayvidientu247.com
apwg_sample_4190/2022-08/2022-08-19/2022-08-19-126252.png,Orange,,0,tagBox1,0.8101735,mail.estartupchallenge-egabon.org
apwg_sample_4190/2022-09/2022-09-14/2022-09-14-169168.png,Military Bank,sharp,1,tagBox1,0.8585815,congvidientupay.com
apwg_sample_4190/2022-10/2022-10-31/2022-10-31-1333733.png,Military Bank,,0,tagBox1,0.7272918,congvidientuplus.com
apwg_sample_4190/2022-08/2022-08-31/2022-08-31-455210.png,Facebook,,0,tagBox1,0.63966,bgmifreerewads.000webhostapp.com
apwg_sample_4190/2022-11/2022-11-24/2022-11-24-67141.png,Intesa Sanpaolo,M & T Bank Coporation,1,tagBox1,0.8610328,gliservizisonostateinterrotti.sarasofia.co
apwg_sample_4190/2022-09/2022-09-14/2022-09-14-172409.png,Military Bank,,0,tagBox1,0.6725235,congvidientupay.com
apwg_sample_4190/2022-08/2022-08-20/2022-08-20-106188.png,Military Bank,,0,tagBox1,0.7162257,ipayvidientu247.com
apwg_sample_4190/2023-07/2023-07-29/2023-07-29-79477.png,Microsoft,Microsoft,1,tagBox1,0.92389274,outlook.office45.liveblog365.com
apwg_sample_4190/2022-08/2022-08-20/2022-08-20-106633.png,Military Bank,,0,tagBox1,0.7156651,ipayvidientu247.com
apwg_sample_4190/2022-10/2022-10-31/2022-10-31-1336472.png,Military Bank,,0,tagBox0,0,congvidientuplus.com
apwg_sample_4190/2022-11/2022-11-24/2022-11-24-60010.png,Military Bank,,0,tagBox1,0.6857946,hethongnhantien.com
apwg_sample_4190/2023-01/2023-01-17/2023-01-17-232308.png,Microsoft,Microsoft,1,tagBox1,0.94252694,ajskdkawsd.royalwebhosting.net
apwg_sample_4190/2023-03/2023-03-06/2023-03-06-35725.png,DHL,DHL Airways,1,tagBox1,0.95096177,cnsc.edu.ph
apwg_sample_4190/2022-08/2022-08-13/2022-08-13-120373.png,Microsoft Bing,mbank,1,tagBox1,0.83529526,icscards.nl.online-identificatie.allyengroup.com
apwg_sample_4190/2022-11/2022-11-02/2022-11-02-182899.png,Bank of Queensland,,0,tagBox0,0,slothville.test.bankofqueensland.adobecqms.net
apwg_sample_4190/2022-08/2022-08-13/2022-08-13-118117.png,Microsoft Bing,mbank,1,tagBox1,0.83529526,icscards.nl.online-identificatie.realtormis.com
apwg_sample_4190/2022-08/2022-08-12/2022-08-12-473274.png,Microsoft Bing,,0,tagBox1,0.7783972,icscards.nl.online-identificatie.allyengroup.com
apwg_sample_4190/2022-08/2022-08-13/2022-08-13-116941.png,Microsoft Bing,mbank,1,tagBox1,0.83529526,icscards.nl.online-identificatie.allyengroup.com
apwg_sample_4190/2022-08/2022-08-19/2022-08-19-128528.png,DHL,DHL Airways,1,tagBox1,0.919119,yamboro.com
apwg_sample_4190/2023-07/2023-07-27/2023-07-27-36091.png,Netflix,,0,tagBox1,0.60793364,netflix-clone-tutorial.vercel.app
apwg_sample_4190/2022-08/2022-08-24/2022-08-24-352288.png,Messenger,,0,tagBox0,0,hypnotic-weak-veterinarian.glitch.me
apwg_sample_4190/2022-08/2022-08-18/2022-08-18-384746.png,Microsoft,Microsoft,1,tagBox1,0.850937,sea-turtle-app-8729x.ondigitalocean.app
apwg_sample_4190/2023-01/2023-01-24/2023-01-24-70156.png,Standard Bank,,0,tagBox0,0,loving-tharp.45-14-165-241.plesk.page
apwg_sample_4190/2022-08/2022-08-22/2022-08-22-298501.png,DHL,DHL Airways,1,tagBox1,0.919119,dev-valleverde.tk
apwg_sample_4190/2022-11/2022-11-03/2022-11-03-215555.png,Facebook,,0,tagBox0,0,iko-s1.akmalstore.site
apwg_sample_4190/2022-08/2022-08-30/2022-08-30-214972.png,Microsoft Bing,,0,tagBox0,0,icscards.nl.online-identificatie.alhaqre.com
apwg_sample_4190/2022-10/2022-10-16/2022-10-16-1154673.png,Instagram,Instagram,1,tagBox1,0.9039913,instatopluban.000webhostapp.com
apwg_sample_4190/2022-08/2022-08-31/2022-08-31-456802.png,Microsoft,Microsoft,1,tagBox1,0.9313862,noplmazs.dns.army
apwg_sample_4190/2022-08/2022-08-31/2022-08-31-455690.png,Wells Fargo Bank,Bank of America,1,tagBox1,0.8311049,www--wellsfargo--com--qu49329d48d6c.wsipv6.com
apwg_sample_4190/2022-08/2022-08-30/2022-08-30-215440.png,Microsoft Bing,,0,tagBox1,0.7228953,icscards.nl.online-identificatie.alhaqre.com
apwg_sample_4190/2022-10/2022-10-10/2022-10-10-756557.png,Facebook,Facebook,1,tagBox1,0.9096809,mail.seckueide0-92884.click
apwg_sample_4190/2022-12/2022-12-14/2022-12-14-41114.png,Nordea,,0,tagBox1,0.7899982,n0rdeanor.firebaseapp.com
apwg_sample_4190/2022-08/2022-08-30/2022-08-30-216262.png,Facebook,,0,tagBox1,0.6778364,bgmigiftopp.000webhostapp.com
apwg_sample_4190/2022-09/2022-09-15/2022-09-15-83078.png,Facebook,,0,tagBox0,0,mail.tekno6.duckdns.org
apwg_sample_4190/2023-03/2023-03-07/2023-03-07-15726.png,Microsoft,Microsoft,1,tagBox1,0.92389274,one-drive-371107.uk.r.appspot.com
apwg_sample_4190/2022-09/2022-09-11/2022-09-11-222944.png,Bank of Nova Scotia,Scotiabank,1,tagBox1,0.9146023,tahboubgroup.com
apwg_sample_4190/2022-08/2022-08-24/2022-08-24-363606.png,DHL,DHL Airways,1,tagBox1,0.919119,dev-valleverde.tk
apwg_sample_4190/2023-03/2023-03-08/2023-03-08-7145.png,Alibaba,Alibaba,1,tagBox1,0.9465426,fitterlab.com.sg
apwg_sample_4190/2022-09/2022-09-13/2022-09-13-94374.png,DHL,DHL Airways,1,tagBox1,0.88379145,www.painspecialistnearme.com
apwg_sample_4190/2022-11/2022-11-25/2022-11-25-126030.png,Tesla,,0,tagBox0,0,musk.d1ryxwgzcpp1nc.amplifyapp.com
apwg_sample_4190/2022-08/2022-08-11/2022-08-11-371228.png,Standard Bank,,0,tagBox1,0.64678,anbinmadal.org
apwg_sample_4190/2022-08/2022-08-11/2022-08-11-367443.png,International Card Services,,0,tagBox1,0.7524506,icscards.nl.online-identificatie.bullhornlocal.net
apwg_sample_4190/2022-08/2022-08-04/2022-08-04-383720.png,Facebook,,0,tagBox0,0,jadyddoares-perfil.blogspot.com.by
apwg_sample_4190/2022-08/2022-08-18/2022-08-18-386718.png,Microsoft Bing,Microsoft,1,tagBox1,0.84350955,kvraustralia.com
apwg_sample_4190/2022-08/2022-08-18/2022-08-18-386244.png,DHL,DHL Airways,1,tagBox1,0.9691092,dhlllllll-verify.georgejohnrealestate.com
apwg_sample_4190/2022-08/2022-08-18/2022-08-18-387252.png,ING Group,,0,tagBox1,0.5963752,hoa.silverstartelluride.com
apwg_sample_4190/2022-12/2022-12-13/2022-12-13-255769.png,Facebook,,0,tagBox0,0,freeclaimpubg333.skom.id
apwg_sample_4190/2022-09/2022-09-20/2022-09-20-54601.png,Huntington Bank,Huntington Bank,1,tagBox1,0.88405114,grayfatehunt-4ls7s.ondigitalocean.app
apwg_sample_4190/2022-08/2022-08-18/2022-08-18-388050.png,Facebook,Facebook,1,tagBox1,0.8966841,facebook-com100044222209992.blogspot.is
apwg_sample_4190/2022-08/2022-08-18/2022-08-18-395061.png,ING Group,Microsoft,1,tagBox1,0.84350955,kvraustralia.com
apwg_sample_4190/2022-08/2022-08-18/2022-08-18-394901.png,Adobe,,0,tagBox0,0,in.uplink.pua-ui.com
apwg_sample_4190/2022-08/2022-08-18/2022-08-18-394677.png,Microsoft Bing,Microsoft,1,tagBox1,0.84350955,icscards.nl.online-identificatie.vizagcityjobs.com
apwg_sample_4190/2022-08/2022-08-18/2022-08-18-392133.png,ING Group,,0,tagBox1,0.5963752,hoa.silverstartelluride.com
apwg_sample_4190/2022-08/2022-08-18/2022-08-18-392784.png,ING Group,Microsoft,1,tagBox1,0.84350955,kvraustralia.com
apwg_sample_4190/2022-08/2022-08-18/2022-08-18-386041.png,ING Group,Microsoft,1,tagBox1,0.84350955,hoa.silverstartelluride.com
apwg_sample_4190/2022-12/2022-12-23/2022-12-23-106907.png,Rabobank,,0,tagBox0,0,usps4logistic.com
apwg_sample_4190/2022-08/2022-08-16/2022-08-16-402009.png,Microsoft Bing,mbank,1,tagBox1,0.8918135,icscards.nl.online-identificatie.allyengroup.com
apwg_sample_4190/2022-08/2022-08-16/2022-08-16-400711.png,Microsoft Bing,Microsoft,1,tagBox1,0.8638172,kvraustralia.com
apwg_sample_4190/2022-08/2022-08-16/2022-08-16-400234.png,Microsoft Bing,mbank,1,tagBox1,0.8918135,kvraustralia.com
apwg_sample_4190/2022-08/2022-08-16/2022-08-16-399989.png,Microsoft Bing,mbank,1,tagBox1,0.8918135,kvraustralia.com
apwg_sample_4190/2022-08/2022-08-16/2022-08-16-398249.png,Microsoft Bing,mbank,1,tagBox1,0.8918135,hoa.silverstartelluride.com
apwg_sample_4190/2023-07/2023-07-27/2023-07-27-37385.png,Facebook,,0,tagBox1,0.7791095,app-mul.m4m4kok.biz.id
apwg_sample_4190/2022-12/2022-12-23/2022-12-23-103094.png,Absa Bank,Absa Group,1,tagBox1,0.8879355,online.absabank.mu
apwg_sample_4190/2023-01/2023-01-25/2023-01-25-258856.png,Microsoft,Microsoft,1,tagBox1,0.90493906,ryj-0gvfwe-t8hg-w9qjedvg-0ew8hr-09jt-hggt.obs.ap-southeast-1.myhuaweicloud.com
apwg_sample_4190/2022-08/2022-08-10/2022-08-10-411328.png,Apple,,0,tagBox1,0.8622348,www.test3.origin.footlocker.com
apwg_sample_4190/2023-04/2023-04-04/2023-04-04-14807.png,Facebook,,0,tagBox0,0,bgmirewards.matrixcheat.xyz
apwg_sample_4190/2022-09/2022-09-05/2022-09-05-153173.png,Facebook,,0,tagBox0,0,well-to-do-preparat.000webhostapp.com
apwg_sample_4190/2023-01/2023-01-06/2023-01-06-24960.png,Instagram,Instagram,1,tagBox1,0.91769385,instagram-phone-claim.web.app
apwg_sample_4190/2022-11/2022-11-08/2022-11-08-241307.png,Itau,Itau Unibanco S.A,1,tagBox1,0.885644,lomejordeldestino.ltaruuru.repl.co
apwg_sample_4190/2022-09/2022-09-09/2022-09-09-127591.png,Meta,,0,tagBox1,0.72808856,meta-adaccount-standards103480.web.app
apwg_sample_4190/2022-12/2022-12-09/2022-12-09-339494.png,Meta,,0,tagBox1,0.72808856,helpid100324589365893457.web.app
apwg_sample_4190/2023-04/2023-04-04/2023-04-04-15637.png,Charles Schwab,,0,tagBox0,0,www.synerquest.com
apwg_sample_4190/2023-01/2023-01-27/2023-01-27-288503.png,Wells Fargo Bank,,0,tagBox1,0.6936915,bgitopazdowntown.ddireal.vn
apwg_sample_4190/2023-02/2023-02-01/2023-02-01-133635.png,Provider,,0,tagBox1,0.64289373,www.tikizb.com
apwg_sample_4190/2023-07/2023-07-30/2023-07-30-101519.png,Facebook,,0,tagBox1,0.63374174,ff.membership.gearena.vn
apwg_sample_4190/2022-09/2022-09-16/2022-09-16-12617.png,DHL,DHL Airways,1,tagBox1,0.9593426,czeshdelivery.com
apwg_sample_4190/2022-09/2022-09-19/2022-09-19-98727.png,Facebook,Facebook,1,tagBox1,0.9435675,lucioperuggini.com
apwg_sample_4190/2022-09/2022-09-29/2022-09-29-187058.png,Facebook,Facebook,1,tagBox1,0.8466528,semananetparaafamilia.com
apwg_sample_4190/2022-09/2022-09-08/2022-09-08-85013.png,Facebook,Facebook,1,tagBox1,0.9331749,checkpoint-fb-80000000365948596325936972.tk
apwg_sample_4190/2022-09/2022-09-29/2022-09-29-193932.png,Facebook,Facebook,1,tagBox1,0.9426095,fb-appeal-form-76075.firebaseapp.com
apwg_sample_4190/2022-09/2022-09-28/2022-09-28-120972.png,Interac,,0,tagBox0,0,ineditf.com
apwg_sample_4190/2022-09/2022-09-14/2022-09-14-160161.png,DHL,,0,tagBox0,0,www.demo.cedcommerce.com
apwg_sample_4190/2022-09/2022-09-09/2022-09-09-132263.png,Instagram,Instagram,1,tagBox1,0.93993217,ig-verify.com
apwg_sample_4190/2022-09/2022-09-13/2022-09-13-94507.png,DHL,,0,tagBox1,0.81684244,www.painspecialistnearme.com
apwg_sample_4190/2022-09/2022-09-13/2022-09-13-95567.png,DHL,,0,tagBox1,0.7256794,www.demo.cedcommerce.com
apwg_sample_4190/2022-09/2022-09-14/2022-09-14-157263.png,DHL,DHL Airways,1,tagBox1,0.9600494,www.demo.cedcommerce.com
apwg_sample_4190/2022-09/2022-09-14/2022-09-14-162774.png,DHL,DHL Airways,1,tagBox1,0.9593426,czeshdelivery.com
apwg_sample_4190/2022-09/2022-09-13/2022-09-13-91522.png,DHL,,0,tagBox0,0,www.painspecialistnearme.com
apwg_sample_4190/2022-09/2022-09-15/2022-09-15-78478.png,DHL,DHL Airways,1,tagBox1,0.9400048,educafacso.facso.cl
apwg_sample_4190/2022-09/2022-09-30/2022-09-30-36315.png,Facebook,youtube,1,tagBox1,0.96115017,facebook-with-youtubes-videos.blogspot.pe
apwg_sample_4190/2022-09/2022-09-30/2022-09-30-32469.png,Facebook,youtube,1,tagBox1,0.9548476,facebook-videos-app-youtube.blogspot.sn
apwg_sample_4190/2022-09/2022-09-19/2022-09-19-99960.png,Facebook,Facebook,1,tagBox1,0.9131279,lucky-trifle-015d5b.netlify.app
apwg_sample_4190/2022-09/2022-09-12/2022-09-12-250331.png,Arabian Cryptoscam,,0,tagBox1,0.6201118,ucerc.com
apwg_sample_4190/2022-11/2022-11-01/2022-11-01-192414.png,Service Credit Union,,0,tagBox0,0,activeac342.ga
apwg_sample_4190/2022-10/2022-10-15/2022-10-15-499309.png,Facebook,,0,tagBox1,0.5592296,2eb.xyz
apwg_sample_4190/2022-10/2022-10-10/2022-10-10-748568.png,Facebook,Facebook,1,tagBox1,0.8437946,amazing-kringle-b32776.netlify.app
apwg_sample_4190/2022-10/2022-10-04/2022-10-04-705488.png,Raiffeisen Bank,Charities Aid Foundation,1,tagBox1,0.83776665,postch.sell-pay.info
apwg_sample_4190/2022-11/2022-11-23/2022-11-23-108860.png,Yahoo,,0,tagBox0,0,yirtovitre.weebly.com
apwg_sample_4190/2022-09/2022-09-29/2022-09-29-195752.png,DHL,DHL Airways,1,tagBox1,0.9593426,delivery.attempt.failure.feedmybot.net
apwg_sample_4190/2022-10/2022-10-15/2022-10-15-522694.png,Facebook,Facebook,1,tagBox1,0.9417055,support151022.asia
apwg_sample_4190/2022-10/2022-10-15/2022-10-15-515763.png,Facebook,,0,tagBox0,0,mail.maryati10.duckdns.org
apwg_sample_4190/2022-09/2022-09-23/2022-09-23-46092.png,Facebook,,0,tagBox0,0,haha.rezkybintangcakrawala.my.id
apwg_sample_4190/2022-09/2022-09-12/2022-09-12-249822.png,Apple,,0,tagBox0,0,kube.fliesserhof.at
apwg_sample_4190/2022-10/2022-10-02/2022-10-02-1239442.png,Apple,,0,tagBox0,0,booking.hotelmiramonti.it
apwg_sample_4190/2022-10/2022-10-01/2022-10-01-1061912.png,Apple,,0,tagBox1,0.4974363,kube-dev.dhainzl.dev
apwg_sample_4190/2022-10/2022-10-15/2022-10-15-486485.png,Apple,,0,tagBox0,0,buchung.landhotel-rittmeister.de
apwg_sample_4190/2022-11/2022-11-30/2022-11-30-49531.png,E-Mail Provider,Uber,1,tagBox1,0.8440882,www.kudamatsu-inshoku.com
apwg_sample_4190/2022-09/2022-09-12/2022-09-12-246322.png,Arabian Cryptoscam,,0,tagBox0,0,mining065.com
apwg_sample_4190/2022-10/2022-10-15/2022-10-15-525685.png,PT Bank Rakyat Indonesia ,,0,tagBox1,0.67274034,infolayananterupdate.com
apwg_sample_4190/2022-12/2022-12-27/2022-12-27-188027.png,DHL,DHL Airways,1,tagBox1,0.9453345,order-dhl.web.app
apwg_sample_4190/2022-10/2022-10-16/2022-10-16-1125419.png,Provider,,0,tagBox0,0,rqx3468.com
apwg_sample_4190/2023-01/2023-01-02/2023-01-02-77332.png,TPBank,,0,tagBox1,0.7828886,onlin.gbnjmj78d.com
apwg_sample_4190/2022-09/2022-09-26/2022-09-26-108277.png,Facebook,,0,tagBox1,0.5592296,3buy.xyz
apwg_sample_4190/2022-12/2022-12-15/2022-12-15-74007.png,Netflix,,0,tagBox1,0.5246748,granttlubricants.com
apwg_sample_4190/2022-09/2022-09-22/2022-09-22-172928.png,DHL,DHL Airways,1,tagBox1,0.9593426,czeshdelivery.com
apwg_sample_4190/2022-09/2022-09-24/2022-09-24-183521.png,Facebook,Facebook,1,tagBox1,0.9096809,showkerkuor-09883.online
apwg_sample_4190/2022-09/2022-09-23/2022-09-23-43859.png,DHL,DHL Airways,1,tagBox1,0.9593426,delivery.attempt.failure.feedmybot.net
apwg_sample_4190/2022-10/2022-10-04/2022-10-04-721536.png,Wells Fargo Bank,,0,tagBox1,0.81129724,www.wf120claim.com
apwg_sample_4190/2022-12/2022-12-05/2022-12-05-153849.png,DHL,DHL Airways,1,tagBox1,0.9567318,balancedhealthphysicaltherapy.com
apwg_sample_4190/2022-09/2022-09-20/2022-09-20-56947.png,Facebook,Facebook,1,tagBox1,0.9002336,luminous-salmiakki-e3fa26.netlify.app
apwg_sample_4190/2022-09/2022-09-23/2022-09-23-44950.png,DHL,,0,tagBox0,0,www.demo.cedcommerce.com
apwg_sample_4190/2022-12/2022-12-21/2022-12-21-197283.png,DHL,DHL Airways,1,tagBox1,0.9593426,delivery.imaginedbyjess.co
apwg_sample_4190/2022-10/2022-10-04/2022-10-04-733931.png,Apple,,0,tagBox1,0.7874743,silverlake.capitalvacations.com
apwg_sample_4190/2022-09/2022-09-27/2022-09-27-228287.png,Microsoft,Microsoft,1,tagBox1,0.895126,storageapi.fleek.co
apwg_sample_4190/2023-04/2023-04-15/2023-04-15-35442.png,Microsoft,Microsoft,1,tagBox1,0.9180491,cartomanziatrigono3.it
apwg_sample_4190/2023-05/2023-05-24/2023-05-24-94245.png,AT&T,AT&T,1,tagBox1,0.9716511,45.81.39.143
apwg_sample_4190/2022-09/2022-09-21/2022-09-21-138489.png,DHL,,0,tagBox0,0,www.painspecialistnearme.com
apwg_sample_4190/2022-10/2022-10-05/2022-10-05-1000210.png,Microsoft,Microsoft,1,tagBox1,0.9180491,hp.envidesign.com.letianji.com
apwg_sample_4190/2022-10/2022-10-09/2022-10-09-241352.png,Facebook,,0,tagBox1,0.77711,www.latitude-challenge.fr
apwg_sample_4190/2022-09/2022-09-10/2022-09-10-148464.png,Provider,,0,tagBox1,0.6986328,hotlive35.net
apwg_sample_4190/2022-09/2022-09-29/2022-09-29-188543.png,Yahoo,Yahoo!,1,tagBox1,0.83725893,tinyurl.com
apwg_sample_4190/2022-09/2022-09-29/2022-09-29-198366.png,Meta,,0,tagBox1,0.72980607,301apprc0veryh3lp01.co.vu
apwg_sample_4190/2022-09/2022-09-20/2022-09-20-50464.png,DHL,DHL Airways,1,tagBox1,0.9593426,czeshdelivery.com
apwg_sample_4190/2022-10/2022-10-10/2022-10-10-802776.png,Facebook,,0,tagBox1,0.55283856,eventfreebgmi.000webhostapp.com
apwg_sample_4190/2023-05/2023-05-03/2023-05-03-54868.png,Facebook,Delta Air Lines,1,tagBox1,0.85997784,74673q63q53454.blogspot.mx
apwg_sample_4190/2022-09/2022-09-14/2022-09-14-156499.png,DHL,,0,tagBox0,0,www.painspecialistnearme.com
apwg_sample_4190/2022-09/2022-09-12/2022-09-12-245897.png,DHL,,0,tagBox0,0,www.demo.cedcommerce.com
apwg_sample_4190/2022-09/2022-09-12/2022-09-12-235844.png,DHL,,0,tagBox0,0,www.demo.cedcommerce.com
apwg_sample_4190/2022-09/2022-09-19/2022-09-19-101220.png,Facebook,Facebook,1,tagBox1,0.92219424,cornerbridgestoreandbakery.blogspot.ae
apwg_sample_4190/2022-09/2022-09-15/2022-09-15-64482.png,DHL,,0,tagBox0,0,www.painspecialistnearme.com
apwg_sample_4190/2022-09/2022-09-27/2022-09-27-233616.png,Microsoft,Microsoft,1,tagBox1,0.9238491,ipfs.io
apwg_sample_4190/2022-09/2022-09-14/2022-09-14-156408.png,DHL,,0,tagBox0,0,www.painspecialistnearme.com
apwg_sample_4190/2022-12/2022-12-09/2022-12-09-340917.png,Microsoft,Microsoft,1,tagBox1,0.9277402,login.microsoftonline.primecomms.cc
apwg_sample_4190/2022-09/2022-09-20/2022-09-20-53449.png,Messenger,,0,tagBox0,0,maniticasvideosvipsd.netlify.app
apwg_sample_4190/2022-09/2022-09-19/2022-09-19-99475.png,Facebook,Facebook,1,tagBox1,0.92219424,cornerbridgestoreandbakery.blogspot.pt
apwg_sample_4190/2022-09/2022-09-20/2022-09-20-52943.png,DHL,,0,tagBox0,0,www.painspecialistnearme.com
apwg_sample_4190/2022-10/2022-10-05/2022-10-05-1001401.png,Microsoft,Microsoft,1,tagBox1,0.9180491,hp.tasman-geo.com.letianji.com
apwg_sample_4190/2022-09/2022-09-15/2022-09-15-62646.png,Microsoft,Microsoft,1,tagBox1,0.90440595,345g-09j3werkf-wkedc-wk-r59gjnw-9ghjn-rhng-8h.obs.ap-southeast-2.myhuaweicloud.com
apwg_sample_4190/2023-07/2023-07-11/2023-07-11-116842.png,Interac,,0,tagBox0,0,www.interacupdate-id923.servehttp.com.296413c29410513547.temporary.link
apwg_sample_4190/2022-09/2022-09-14/2022-09-14-169443.png,DHL,,0,tagBox0,0,www.demo.cedcommerce.com
apwg_sample_4190/2022-09/2022-09-25/2022-09-25-212739.png,Itau,Itau Unibanco S.A,1,tagBox1,0.91707426,segu1.seguridadbanco1.repl.co
apwg_sample_4190/2022-09/2022-09-12/2022-09-12-244711.png,DHL,,0,tagBox0,0,www.demo.cedcommerce.com
apwg_sample_4190/2022-09/2022-09-12/2022-09-12-240607.png,DHL,DHL Airways,1,tagBox1,0.9534197,www.painspecialistnearme.com
apwg_sample_4190/2022-09/2022-09-13/2022-09-13-92215.png,DHL,,0,tagBox0,0,www.painspecialistnearme.com
apwg_sample_4190/2022-09/2022-09-15/2022-09-15-77880.png,DHL,DHL Airways,1,tagBox1,0.9593426,czeshdelivery.com
apwg_sample_4190/2022-09/2022-09-12/2022-09-12-242806.png,DHL,,0,tagBox0,0,www.painspecialistnearme.com
apwg_sample_4190/2022-09/2022-09-11/2022-09-11-225954.png,Facebook,Facebook,1,tagBox1,0.94728917,47.91.149.178
apwg_sample_4190/2022-09/2022-09-12/2022-09-12-244409.png,DHL,,0,tagBox0,0,www.painspecialistnearme.com
apwg_sample_4190/2022-09/2022-09-12/2022-09-12-246804.png,DHL,DHL Airways,1,tagBox1,0.96548903,www.demo.cedcommerce.com
apwg_sample_4190/2022-09/2022-09-13/2022-09-13-96979.png,DHL,,0,tagBox0,0,www.painspecialistnearme.com
apwg_sample_4190/2022-09/2022-09-12/2022-09-12-237749.png,DHL,,0,tagBox0,0,www.painspecialistnearme.com
apwg_sample_4190/2022-09/2022-09-12/2022-09-12-249855.png,DHL,DHL Airways,1,tagBox1,0.958472,www.painspecialistnearme.com
apwg_sample_4190/2022-09/2022-09-12/2022-09-12-247154.png,DHL,,0,tagBox0,0,www.demo.cedcommerce.com
apwg_sample_4190/2022-09/2022-09-08/2022-09-08-84231.png,Instagram,,0,tagBox1,0.7584812,instagramloginnowksjhd.blogspot.ae
apwg_sample_4190/2022-09/2022-09-11/2022-09-11-221818.png,Wells Fargo Bank,Bank of America,1,tagBox1,0.8311049,www--wellsfargo--com--pj49329d48d6c.wsipv6.com
apwg_sample_4190/2022-09/2022-09-11/2022-09-11-225692.png,Wells Fargo Bank,Bank of America,1,tagBox1,0.8311049,www--wellsfargo--com--q849329d48d6c.wsipv6.com
apwg_sample_4190/2022-12/2022-12-04/2022-12-04-278634.png,DenizBank,,0,tagBox1,0.79291534,tumkullanicilarabmwx5baceklisideeeznzv6basvuru.net
apwg_sample_4190/2022-09/2022-09-11/2022-09-11-223976.png,Wells Fargo Bank,Bank of America,1,tagBox1,0.8311049,www--wellsfargo--com--xb49329d48d6c.wsipv6.com
apwg_sample_4190/2022-09/2022-09-11/2022-09-11-226724.png,Wells Fargo Bank,Bank of America,1,tagBox1,0.8311049,www--wellsfargo--com--w749329d48d6c.wsipv6.com
apwg_sample_4190/2022-09/2022-09-13/2022-09-13-88172.png,Namecheap,,0,tagBox1,0.6998868,podcastlivewire.com
apwg_sample_4190/2022-09/2022-09-13/2022-09-13-91200.png,Microsoft Bing,,0,tagBox1,0.63075024,icscards.nl.online-identificatie.alphaacetech.com
apwg_sample_4190/2022-09/2022-09-13/2022-09-13-88742.png,Namecheap,,0,tagBox1,0.6998868,podcastlivewire.com
apwg_sample_4190/2022-09/2022-09-13/2022-09-13-95006.png,DHL,,0,tagBox1,0.6998868,podcastlivewire.com
apwg_sample_4190/2022-09/2022-09-13/2022-09-13-89080.png,Microsoft Bing,,0,tagBox1,0.63075024,myhomes.it
apwg_sample_4190/2022-09/2022-09-13/2022-09-13-97055.png,Microsoft Bing,,0,tagBox1,0.63075024,icscards.nl.online-identificatie.alphaacetech.com
apwg_sample_4190/2022-11/2022-11-27/2022-11-27-273.png,Santander Bank,Grupo Santander,1,tagBox1,0.9250473,dingonow.elementor.cloud
apwg_sample_4190/2023-01/2023-01-17/2023-01-17-233251.png,Chase Bank,,0,tagBox1,0.78396326,institutoe625.com
apwg_sample_4190/2022-09/2022-09-12/2022-09-12-238130.png,Microsoft Bing,,0,tagBox1,0.6737983,abnamro.nl.mijn-abnamro.aanvragen-online.flsolution1.com
apwg_sample_4190/2022-10/2022-10-02/2022-10-02-1226489.png,DenizBank,,0,tagBox1,0.7263694,dijitalbankaciligimdeniz.net
apwg_sample_4190/2022-09/2022-09-12/2022-09-12-239348.png,Microsoft Bing,,0,tagBox1,0.6737983,abnamro.nl.mijn-abnamro.aanvragen-online.flsolution1.com
apwg_sample_4190/2022-09/2022-09-19/2022-09-19-100867.png,Facebook,Facebook,1,tagBox1,0.92219424,cornerbridgestoreandbakery.blogspot.co.ke
apwg_sample_4190/2022-09/2022-09-19/2022-09-19-100014.png,Facebook,Facebook,1,tagBox1,0.89486563,dreamy-pixie-77aa19.netlify.app
apwg_sample_4190/2022-09/2022-09-19/2022-09-19-102601.png,DHL,DHL Airways,1,tagBox1,0.9593426,czeshdelivery.com
apwg_sample_4190/2022-10/2022-10-01/2022-10-01-1053825.png,Facebook,Facebook,1,tagBox1,0.8481553,gifofgif01.blogspot.com
apwg_sample_4190/2023-02/2023-02-24/2023-02-24-39690.png,Facebook,Facebook,1,tagBox1,0.97996473,nsoducxhvei4362cvd.biz.id
apwg_sample_4190/2022-10/2022-10-31/2022-10-31-1333071.png,AT&T,AT&T,1,tagBox1,0.92627484,dklenwmenr.weebly.com
apwg_sample_4190/2022-09/2022-09-25/2022-09-25-206817.png,Facebook,,0,tagBox1,0.68124056,illustriousdango.netlify.app
apwg_sample_4190/2022-10/2022-10-02/2022-10-02-1240125.png,PT Bank Rakyat Indonesia ,,0,tagBox1,0.75601727,bri.infotrx.my.id
apwg_sample_4190/2023-02/2023-02-03/2023-02-03-50351.png,Provider,,0,tagBox1,0.51917624,emartaaxx.top
apwg_sample_4190/2023-04/2023-04-13/2023-04-13-69776.png,Microsoft,Microsoft,1,tagBox1,0.91822207,andavopro.com
apwg_sample_4190/2022-09/2022-09-27/2022-09-27-229260.png,DHL,DHL Airways,1,tagBox1,0.9593426,delivery.attempt.failure.feedmybot.net
apwg_sample_4190/2022-09/2022-09-28/2022-09-28-117291.png,Facebook,Facebook,1,tagBox1,0.92219424,afshflfsdhlkadfhklaf.blogspot.sn
apwg_sample_4190/2022-09/2022-09-29/2022-09-29-191298.png,DHL,DHL Airways,1,tagBox1,0.9593426,delivery.attempt.failure.feedmybot.net
apwg_sample_4190/2022-10/2022-10-31/2022-10-31-1333836.png,Facebook,,0,tagBox1,0.6708504,unsighted-custodian.000webhostapp.com
apwg_sample_4190/2022-09/2022-09-22/2022-09-22-174873.png,DHL,DHL Airways,1,tagBox1,0.9593426,delivery.attempt.failure.feedmybot.net
apwg_sample_4190/2022-10/2022-10-10/2022-10-10-786851.png,AT&T,AT&T,1,tagBox1,0.97246885,bityl.co
apwg_sample_4190/2022-09/2022-09-27/2022-09-27-228738.png,ASB Bank,ASB Bank Limited,1,tagBox1,0.9422343,bbsfarmfresh.com
apwg_sample_4190/2022-10/2022-10-11/2022-10-11-321322.png,DHL,,0,tagBox0,0,concretemeasure.com.pk
apwg_sample_4190/2022-10/2022-10-03/2022-10-03-17898.png,DHL,DHL Airways,1,tagBox1,0.88379145,delivery.folkino.com
apwg_sample_4190/2023-02/2023-02-07/2023-02-07-73948.png,Facebook,Facebook,1,tagBox1,0.93933845,facebook-help-1010742683251010.web.app
apwg_sample_4190/2022-09/2022-09-03/2022-09-03-151950.png,Facebook,,0,tagBox0,0,9as4g6asg13.blogspot.pe
apwg_sample_4190/2022-09/2022-09-10/2022-09-10-147389.png,ABN AMRO Bank,,0,tagBox1,0.6758703,abnamro.nl.mijn-abnamro.aanvragen-online.flsolution1.com
apwg_sample_4190/2023-02/2023-02-14/2023-02-14-37937.png,WhatsApp,WhatsApp,1,tagBox1,0.8315123,watvapp.com
apwg_sample_4190/2022-09/2022-09-25/2022-09-25-214827.png,DHL,DHL Airways,1,tagBox1,0.9593426,delivery.attempt.failure.feedmybot.net
apwg_sample_4190/2022-10/2022-10-11/2022-10-11-311441.png,Apple,,0,tagBox1,0.6604537,booking.hotel-resonanz.at
apwg_sample_4190/2022-09/2022-09-24/2022-09-24-181931.png,Instagram,Instagram,1,tagBox1,0.89335,akanshadubey223-instagram.blogspot.com.ar
apwg_sample_4190/2022-09/2022-09-24/2022-09-24-185174.png,Facebook,,0,tagBox1,0.53252494,new.bonuskoin.us
apwg_sample_4190/2022-09/2022-09-24/2022-09-24-182368.png,Facebook,Facebook,1,tagBox1,0.90229905,cutt.ly
apwg_sample_4190/2023-01/2023-01-11/2023-01-11-15521.png,Bell,,0,tagBox0,0,dossousgroup.com
apwg_sample_4190/2023-06/2023-06-28/2023-06-28-30453.png,Facebook,Facebook,1,tagBox1,0.86884606,market-post76320983209.com
apwg_sample_4190/2023-01/2023-01-18/2023-01-18-138303.png,Facebook,Facebook,1,tagBox1,0.9420551,spagesverifys255289.co.vu
apwg_sample_4190/2022-09/2022-09-11/2022-09-11-222658.png,ABN AMRO Bank,shoptet,1,tagBox1,0.8476214,abnamro.nl.mijn-abnamro.aanvragen-online.flsolution1.com
apwg_sample_4190/2022-09/2022-09-11/2022-09-11-221760.png,ABN AMRO Bank,shoptet,1,tagBox1,0.8476214,abnamro.nl.mijn-abnamro.aanvragen-online.flsolution1.com
apwg_sample_4190/2022-10/2022-10-15/2022-10-15-518786.png,Arabian Cryptoscam,,0,tagBox1,0.73062986,usdtglq.com
apwg_sample_4190/2022-09/2022-09-12/2022-09-12-249582.png,Microsoft Bing,,0,tagBox1,0.6737983,www.bhumipublishing.com
apwg_sample_4190/2022-09/2022-09-12/2022-09-12-249076.png,Microsoft Bing,,0,tagBox1,0.6737983,abnamro.nl.mijn-abnamro.aanvragen-online.flsolution1.com
apwg_sample_4190/2022-10/2022-10-03/2022-10-03-21547.png,ING Group,ING,1,tagBox1,0.8618369,gouvetech.com.br
apwg_sample_4190/2022-10/2022-10-03/2022-10-03-20207.png,ING Group,ING,1,tagBox1,0.85275185,gouvetech.com.br
apwg_sample_4190/2022-10/2022-10-03/2022-10-03-238.png,ING Group,ING,1,tagBox1,0.8462105,gouvetech.com.br
apwg_sample_4190/2022-10/2022-10-03/2022-10-03-3682.png,DHL,DHL Airways,1,tagBox1,0.9593426,pro-approach.com
apwg_sample_4190/2022-10/2022-10-04/2022-10-04-712990.png,DHL,DHL Airways,1,tagBox1,0.9593426,actp.com.au
apwg_sample_4190/2022-10/2022-10-25/2022-10-25-1039352.png,Apple,,0,tagBox1,0.67263186,booking.mondschein.at
apwg_sample_4190/2022-10/2022-10-11/2022-10-11-365178.png,ING Group,ING,1,tagBox1,0.8462105,gouvetech.com.br
apwg_sample_4190/2022-10/2022-10-12/2022-10-12-942638.png,Apple,,0,tagBox0,0,foxhunt.capitalvacations.com
apwg_sample_4190/2022-10/2022-10-03/2022-10-03-8773.png,Apple,,0,tagBox1,0.743835,silverlake.capitalvacations.com
apwg_sample_4190/2022-12/2022-12-30/2022-12-30-64596.png,Banorte,sharp,1,tagBox1,0.8608286,wvwenlacesantandercom.buzz
apwg_sample_4190/2022-10/2022-10-03/2022-10-03-21569.png,Facebook,Facebook,1,tagBox1,0.85423124,offer2022.creativityzamana.xyz
apwg_sample_4190/2022-10/2022-10-21/2022-10-21-884637.png,DHL,,0,tagBox0,0,dadolashes.com
apwg_sample_4190/2022-10/2022-10-27/2022-10-27-1260150.png,Capital One,Capital One Financial Corporation,1,tagBox1,0.93097156,digitopper.com
apwg_sample_4190/2022-10/2022-10-29/2022-10-29-449020.png,Facebook,Magalu,1,tagBox1,0.8967749,checkinformation67321.asia
apwg_sample_4190/2022-10/2022-10-25/2022-10-25-1014305.png,PT Bank Rakyat Indonesia ,,0,tagBox1,0.7048493,layananibbriterbaru.com
apwg_sample_4190/2022-12/2022-12-16/2022-12-16-22568.png,Facebook,Facebook,1,tagBox1,0.9420551,configidmanage870166.co.vu
apwg_sample_4190/2023-03/2023-03-09/2023-03-09-2280.png,Instagram,,0,tagBox1,0.6714737,instagram6dkhroc.mediafirexx.me
apwg_sample_4190/2022-10/2022-10-10/2022-10-10-787030.png,Facebook,Facebook,1,tagBox1,0.9420551,supportteam910.fun
apwg_sample_4190/2022-10/2022-10-10/2022-10-10-778466.png,Facebook,Facebook,1,tagBox1,0.9420551,supportteam910.site
apwg_sample_4190/2022-10/2022-10-13/2022-10-13-469803.png,Meta,,0,tagBox0,0,pageneedconfirm714473.co.vu
apwg_sample_4190/2023-01/2023-01-01/2023-01-01-119123.png,Facebook,Facebook,1,tagBox1,0.9420551,configuiddeaccmanage864464.co.vu
apwg_sample_4190/2022-12/2022-12-27/2022-12-27-187889.png,Instagram,Instagram,1,tagBox1,0.8591276,claim-followers.blogspot.com
apwg_sample_4190/2022-10/2022-10-28/2022-10-28-543544.png,DHL,DHL Airways,1,tagBox1,0.9593426,aytanromork.com
apwg_sample_4190/2023-06/2023-06-13/2023-06-13-13544.png,Instagram,Instagram,1,tagBox1,0.88550216,angryhanuman.github.io
apwg_sample_4190/2022-10/2022-10-19/2022-10-19-112001.png,DHL,DHL Airways,1,tagBox1,0.9593426,d.oznemedya.com
apwg_sample_4190/2022-10/2022-10-17/2022-10-17-619213.png,Microsoft,Microsoft,1,tagBox1,0.8558549,siasky.net
apwg_sample_4190/2022-10/2022-10-11/2022-10-11-320670.png,Orange,,0,tagBox1,0.7583513,sindemail.com
apwg_sample_4190/2023-02/2023-02-07/2023-02-07-69238.png,Facebook,,0,tagBox1,0.5387279,dasboarclaimnow-001-site1.ftempurl.com
apwg_sample_4190/2022-11/2022-11-04/2022-11-04-202898.png,Internal Revenue Service,,0,tagBox1,0.78556526,www.arizonapoolfencing.com
apwg_sample_4190/2022-12/2022-12-20/2022-12-20-357759.png,Bank of America,Bank of America,1,tagBox1,0.97738975,pestcleaningservices.com
apwg_sample_4190/2022-10/2022-10-14/2022-10-14-165098.png,DHL,DHL Airways,1,tagBox1,0.9593426,dadolashes.com
apwg_sample_4190/2022-10/2022-10-14/2022-10-14-165263.png,Citibank,,0,tagBox0,0,main.d3998he9yt8l86.amplifyapp.com
apwg_sample_4190/2022-10/2022-10-14/2022-10-14-158319.png,Capital One,Capital One Financial Corporation,1,tagBox1,0.96593046,merchitect.org
apwg_sample_4190/2022-10/2022-10-15/2022-10-15-510558.png,DHL,DHL Airways,1,tagBox1,0.9593426,lpsofusafoundation.com
apwg_sample_4190/2023-06/2023-06-28/2023-06-28-30222.png,Microsoft,Microsoft,1,tagBox1,0.9115155,request.us-southeast-1.linodeobjects.com
apwg_sample_4190/2022-11/2022-11-02/2022-11-02-181884.png,DHL,DHL Airways,1,tagBox1,0.88379145,delivery.imaginedbyjess.co
apwg_sample_4190/2022-10/2022-10-15/2022-10-15-505880.png,DHL,,0,tagBox0,0,delivery.hoakiennhan.com
apwg_sample_4190/2022-11/2022-11-01/2022-11-01-187485.png,DHL,,0,tagBox1,0.81684244,delivery.imaginedbyjess.co
apwg_sample_4190/2022-10/2022-10-15/2022-10-15-502465.png,DHL,,0,tagBox1,0.7256794,delivery.hoakiennhan.com
apwg_sample_4190/2023-02/2023-02-22/2023-02-22-3584.png,Provider,,0,tagBox0,0,mykycverify.web.app
apwg_sample_4190/2022-10/2022-10-27/2022-10-27-1251587.png,Raiffeisen Bank,zoominfo,1,tagBox1,0.838001,tretra-blog.yakwear.com
apwg_sample_4190/2022-10/2022-10-15/2022-10-15-508490.png,Instagram,,0,tagBox1,0.72476226,accountclient.cf
apwg_sample_4190/2022-11/2022-11-01/2022-11-01-187014.png,DHL,,0,tagBox0,0,delivery.imaginedbyjess.co
apwg_sample_4190/2022-10/2022-10-25/2022-10-25-1035595.png,PT Bank Rakyat Indonesia ,,0,tagBox0,0,perubahantarifbrl.com
apwg_sample_4190/2022-10/2022-10-30/2022-10-30-167346.png,Microsoft Bing,,0,tagBox0,0,my.netbank.commbank.com.au.cbdhempreview.com
apwg_sample_4190/2022-10/2022-10-30/2022-10-30-166851.png,DHL,DHL Airways,1,tagBox1,0.9593426,olgon.net
apwg_sample_4190/2022-10/2022-10-30/2022-10-30-165957.png,DHL,DHL Airways,1,tagBox1,0.9593426,olgon.net
apwg_sample_4190/2022-10/2022-10-30/2022-10-30-167643.png,Microsoft Bing,Microsoft,1,tagBox1,0.8343081,my.netbank.commbank.com.au.cbdhempreview.com
apwg_sample_4190/2022-10/2022-10-06/2022-10-06-1206707.png,Ozon,,0,tagBox1,0.71520346,ninglohbeterconfren.ml
apwg_sample_4190/2022-11/2022-11-03/2022-11-03-211593.png,Banco Estado,,0,tagBox1,0.7199619,onlimeblancoestrado.gatewayin.click
apwg_sample_4190/2022-10/2022-10-29/2022-10-29-445803.png,ING Group,ING,1,tagBox1,0.8462105,snowsportscotland.org
apwg_sample_4190/2022-10/2022-10-28/2022-10-28-542791.png,Facebook,Facebook,1,tagBox1,0.88866085,supportteam23235435.co.vu
apwg_sample_4190/2022-11/2022-11-24/2022-11-24-66482.png,Booking,,0,tagBox1,0.8232621,hotels.flighthub.com
apwg_sample_4190/2022-10/2022-10-25/2022-10-25-1038485.png,Deutsche Bank AG,Deutsche Bank AG,1,tagBox1,0.94307184,internalaudit.bu.ac.th
apwg_sample_4190/2022-10/2022-10-30/2022-10-30-168126.png,Microsoft Bing,Microsoft,1,tagBox1,0.8374599,my.netbank.commbank.com.au.cbdhempreview.com
apwg_sample_4190/2022-10/2022-10-27/2022-10-27-1249913.png,PT Bank Rakyat Indonesia ,,0,tagBox0,0,layanan-systembri.com
apwg_sample_4190/2022-10/2022-10-31/2022-10-31-1334024.png,PayPal,PayPal,1,tagBox1,0.9002099,a.dwnl.my.id
apwg_sample_4190/2023-03/2023-03-06/2023-03-06-34820.png,Meta,,0,tagBox1,0.7092016,www.supportteam47660.click
apwg_sample_4190/2022-10/2022-10-15/2022-10-15-500471.png,PT Bank Rakyat Indonesia ,,0,tagBox1,0.6118889,brimo-ztd.pelanggan.us
apwg_sample_4190/2022-10/2022-10-31/2022-10-31-1332257.png,PayPal,PayPal,1,tagBox1,0.9002099,a.dwnl.my.id
apwg_sample_4190/2022-11/2022-11-05/2022-11-05-73820.png,PT Bank Rakyat Indonesia ,,0,tagBox1,0.6249715,linkdaftarbifast.com
apwg_sample_4190/2022-10/2022-10-26/2022-10-26-528557.png,PT Bank Rakyat Indonesia ,,0,tagBox0,0,pesanankhususbukalapak.com
apwg_sample_4190/2022-11/2022-11-05/2022-11-05-75268.png,Apple,,0,tagBox1,0.71359026,moonpalace.officialbookings.com
apwg_sample_4190/2022-10/2022-10-24/2022-10-24-254027.png,Nordea,nordea,1,tagBox1,0.8445035,login.id.cert.info.51-103-18-252.cprapid.com
apwg_sample_4190/2022-10/2022-10-29/2022-10-29-443798.png,DHL,,0,tagBox0,0,delivery.imaginedbyjess.co
apwg_sample_4190/2022-11/2022-11-14/2022-11-14-36032.png,PT Bank Rakyat Indonesia ,,0,tagBox0,0,tarifbrl.kk-id.com
apwg_sample_4190/2022-10/2022-10-29/2022-10-29-447119.png,Microsoft Bing,,0,tagBox1,0.67955554,uenta-certificata-personas-publico.misecure.com
apwg_sample_4190/2022-10/2022-10-28/2022-10-28-541111.png,PayPal,PayPal,1,tagBox1,0.9002099,a.dwnl.my.id
apwg_sample_4190/2022-11/2022-11-11/2022-11-11-42972.png,PT Bank Rakyat Indonesia ,,0,tagBox0,0,konfirmasilayananaktivasi.indobri-id.asia
apwg_sample_4190/2023-03/2023-03-06/2023-03-06-35570.png,Meta,,0,tagBox1,0.7092016,supportteam47658.click
apwg_sample_4190/2023-01/2023-01-25/2023-01-25-251160.png,Facebook,,0,tagBox0,0,bgmirewardsevent.me
apwg_sample_4190/2022-10/2022-10-25/2022-10-25-1013130.png,Apple,,0,tagBox0,0,sandsbc.capitalvacations.com
apwg_sample_4190/2022-10/2022-10-31/2022-10-31-1335824.png,Booking,,0,tagBox1,0.8232621,hotels.flighthub.com
apwg_sample_4190/2022-12/2022-12-03/2022-12-03-285112.png,Facebook,,0,tagBox0,0,pubgspin125.duckdns.org
apwg_sample_4190/2022-10/2022-10-28/2022-10-28-545881.png,PT Bank Rakyat Indonesia ,,0,tagBox0,0,infobrii1.perseero.com
apwg_sample_4190/2022-10/2022-10-07/2022-10-07-249724.png,Wells Fargo Bank,,0,tagBox1,0.7936958,www.zitic.duckdns.org
apwg_sample_4190/2022-12/2022-12-12/2022-12-12-227509.png,Apple,Apple,1,tagBox1,0.9033462,techmerchinnovations.tk
apwg_sample_4190/2022-10/2022-10-05/2022-10-05-965754.png,Wells Fargo Bank,,0,tagBox1,0.7936958,zitic.duckdns.org
apwg_sample_4190/2022-10/2022-10-06/2022-10-06-1214405.png,Orange,,0,tagBox1,0.8101735,sindemail.com
apwg_sample_4190/2022-10/2022-10-25/2022-10-25-1037019.png,DHL,DHL Airways,1,tagBox1,0.9593426,elmersity.com
apwg_sample_4190/2022-10/2022-10-26/2022-10-26-531244.png,Capital One,Capital One Financial Corporation,1,tagBox1,0.93097156,ivdripamins.com
apwg_sample_4190/2022-10/2022-10-24/2022-10-24-286983.png,DHL,DHL Airways,1,tagBox1,0.9593426,international-package.pubchaplin.it
apwg_sample_4190/2022-10/2022-10-25/2022-10-25-1020092.png,Bank of Queensland,,0,tagBox1,0.8013747,www.amucta.ac.tz
apwg_sample_4190/2022-11/2022-11-25/2022-11-25-126802.png,PT Bank Rakyat Indonesia ,,0,tagBox0,0,brifastperubahan.com
apwg_sample_4190/2022-10/2022-10-12/2022-10-12-932971.png,DHL,DHL Airways,1,tagBox1,0.9593426,dadolashes.com
apwg_sample_4190/2022-10/2022-10-11/2022-10-11-313469.png,DHL,DHL Airways,1,tagBox1,0.9593426,international-package.pubchaplin.it
apwg_sample_4190/2022-10/2022-10-05/2022-10-05-982797.png,PT Bank Rakyat Indonesia ,,0,tagBox1,0.6118889,cs-a.userbri.us
apwg_sample_4190/2022-12/2022-12-11/2022-12-11-99085.png,DHL,DHL Airways,1,tagBox1,0.9593426,businessprof.cz
apwg_sample_4190/2022-10/2022-10-11/2022-10-11-356590.png,Intesa Sanpaolo,,0,tagBox1,0.7514132,favopets.com
apwg_sample_4190/2022-12/2022-12-01/2022-12-01-135825.png,Facebook,,0,tagBox0,0,pubgspin110.duckdns.org
apwg_sample_4190/2022-11/2022-11-26/2022-11-26-250193.png,Bitkub,,0,tagBox1,0.76400465,trade-bitkup.trade
apwg_sample_4190/2023-02/2023-02-25/2023-02-25-6939.png,Facebook,Facebook,1,tagBox1,0.8623023,sverige-info.click
apwg_sample_4190/2022-10/2022-10-22/2022-10-22-415832.png,Facebook,Facebook,1,tagBox1,0.9420551,mail.support1368.site
apwg_sample_4190/2022-10/2022-10-22/2022-10-22-419014.png,Facebook,,0,tagBox0,0,mail.pubgmspin8.duckdns.org
apwg_sample_4190/2022-10/2022-10-28/2022-10-28-545511.png,DHL,DHL Airways,1,tagBox1,0.9593426,aytanromork.com
apwg_sample_4190/2022-12/2022-12-29/2022-12-29-2959.png,Facebook,Facebook,1,tagBox1,0.9275867,business-meta-page-01798789521.web.app
apwg_sample_4190/2022-10/2022-10-29/2022-10-29-447919.png,Microsoft Bing,,0,tagBox0,0,informacion-personal-confidenciales-utilizados.misecure.com
apwg_sample_4190/2022-10/2022-10-28/2022-10-28-542744.png,Microsoft Bing,Microsoft,1,tagBox1,0.83181614,my.netbank.commbank.com.au.cbdhempreview.com
apwg_sample_4190/2022-10/2022-10-28/2022-10-28-542543.png,Microsoft Bing,Microsoft,1,tagBox1,0.83181614,trustlcveiling.monster
apwg_sample_4190/2022-10/2022-10-29/2022-10-29-442940.png,Microsoft Bing,,0,tagBox1,0.67955554,www.my.netbank.commbank.com.au.cbdhempreview.com
apwg_sample_4190/2022-10/2022-10-29/2022-10-29-447814.png,Microsoft Bing,,0,tagBox1,0.68604493,www.my.netbank.commbank.com.au.cbdhempreview.com
apwg_sample_4190/2022-10/2022-10-31/2022-10-31-1334404.png,PayPal,PayPal,1,tagBox1,0.9002099,a.dwnl.my.id
apwg_sample_4190/2022-10/2022-10-29/2022-10-29-447072.png,Facebook,Facebook,1,tagBox1,0.9251138,savecount-19826354893721.tk
apwg_sample_4190/2022-10/2022-10-28/2022-10-28-548087.png,Microsoft Bing,,0,tagBox1,0.78526247,my.netbank.commbank.com.au.cbdhempreview.com
apwg_sample_4190/2022-10/2022-10-31/2022-10-31-1333221.png,PT Bank Rakyat Indonesia ,,0,tagBox0,0,ttttkkkkkk.innyfoo.com
apwg_sample_4190/2022-10/2022-10-28/2022-10-28-547480.png,Microsoft Bing,Microsoft,1,tagBox1,0.83181614,edentifaykaarsuply-nl.monster
apwg_sample_4190/2022-11/2022-11-10/2022-11-10-168720.png,Facebook,,0,tagBox1,0.7523092,facebook-business-help-center-fanpage-checkpoint128.ml
apwg_sample_4190/2022-10/2022-10-13/2022-10-13-465092.png,DHL,DHL Airways,1,tagBox1,0.9593426,international-package.pubchaplin.it
apwg_sample_4190/2022-10/2022-10-15/2022-10-15-490249.png,DHL,,0,tagBox1,0.7443702,www.7mpk999.com.tw
apwg_sample_4190/2022-10/2022-10-15/2022-10-15-524530.png,DHL,DHL Airways,1,tagBox1,0.919119,theartiste.us
apwg_sample_4190/2022-10/2022-10-16/2022-10-16-1184479.png,DHL,DHL Airways,1,tagBox1,0.9593426,d.oznemedya.com
apwg_sample_4190/2022-10/2022-10-15/2022-10-15-507153.png,DHL,,0,tagBox1,0.6882993,lpsofusafoundation.com
apwg_sample_4190/2022-10/2022-10-17/2022-10-17-637637.png,Provider,,0,tagBox1,0.6467899,6788vn.com
apwg_sample_4190/2022-11/2022-11-06/2022-11-06-131959.png,Facebook,,0,tagBox0,0,win.xsuitlinky.com
apwg_sample_4190/2022-10/2022-10-05/2022-10-05-998045.png,DHL,DHL Airways,1,tagBox1,0.9593426,delivery.folkino.com
apwg_sample_4190/2022-10/2022-10-25/2022-10-25-1031850.png,DHL,DHL Airways,1,tagBox1,0.9593426,aytanromork.com
apwg_sample_4190/2023-01/2023-01-17/2023-01-17-236746.png,Microsoft,Microsoft,1,tagBox1,0.9213209,file05.onedrive0001.workers.dev
apwg_sample_4190/2022-12/2022-12-19/2022-12-19-315143.png,Meta,,0,tagBox1,0.7092016,supportteam654654611.co.vu
apwg_sample_4190/2022-10/2022-10-26/2022-10-26-530045.png,DHL,DHL Airways,1,tagBox1,0.9593426,aytanromork.com
apwg_sample_4190/2022-10/2022-10-27/2022-10-27-1257235.png,Microsoft Bing,,0,tagBox1,0.8058711,icscards.nl.online-identificatie.par3.mx
apwg_sample_4190/2022-10/2022-10-26/2022-10-26-530413.png,Microsoft Bing,,0,tagBox1,0.8190521,web8957.web07.bero-webspace.de
apwg_sample_4190/2023-01/2023-01-24/2023-01-24-67883.png,AT&T,AT&T,1,tagBox1,0.93057513,linkr.bio
apwg_sample_4190/2022-12/2022-12-04/2022-12-04-274155.png,PT Bank Rakyat Indonesia ,,0,tagBox0,0,05372.v-g7.my.id
apwg_sample_4190/2023-04/2023-04-12/2023-04-12-67936.png,Meta,,0,tagBox1,0.7092016,safetycovertouse218465.click
apwg_sample_4190/2022-11/2022-11-21/2022-11-21-136736.png,Facebook,Facebook,1,tagBox1,0.8623023,osis.smkn1magetan.sch.id
apwg_sample_4190/2022-10/2022-10-28/2022-10-28-545448.png,Facebook,Facebook,1,tagBox1,0.9381564,fruktansvardolyckaivarlden12.blogspot.sg
apwg_sample_4190/2023-03/2023-03-06/2023-03-06-35373.png,Facebook,Facebook,1,tagBox1,0.93519187,facebook-confirmed.web.app
apwg_sample_4190/2023-07/2023-07-02/2023-07-02-92108.png,Facebook,Facebook,1,tagBox1,0.8816742,page-support-info.000webhostapp.com
apwg_sample_4190/2022-10/2022-10-27/2022-10-27-1252682.png,Microsoft Bing,,0,tagBox1,0.71386695,icscards.nl.online-identificatie.par3.mx
apwg_sample_4190/2022-10/2022-10-28/2022-10-28-541453.png,Microsoft Bing,,0,tagBox1,0.78526247,icscards.nl.online-identificatie.par3.mx
apwg_sample_4190/2022-10/2022-10-27/2022-10-27-1258134.png,Microsoft Bing,,0,tagBox0,0,icscards.nl.online-identificatie.par3.mx
apwg_sample_4190/2022-10/2022-10-28/2022-10-28-546523.png,Microsoft Bing,Microsoft,1,tagBox1,0.83181614,my.netbank.commbank.com.au.pctal.ir
apwg_sample_4190/2022-10/2022-10-28/2022-10-28-543446.png,Microsoft Bing,,0,tagBox0,0,my.netbank.commbank.com.au.cbdhempreview.com
apwg_sample_4190/2022-10/2022-10-27/2022-10-27-1249657.png,Microsoft Bing,,0,tagBox1,0.71386695,icscards.nl.online-identificatie.par3.mx
apwg_sample_4190/2022-10/2022-10-28/2022-10-28-548025.png,Microsoft Bing,,0,tagBox1,0.71386695,www.my.netbank.commbank.com.au.cbdhempreview.com
apwg_sample_4190/2022-10/2022-10-27/2022-10-27-1257353.png,Microsoft Bing,,0,tagBox1,0.71386695,icscards.nl.online-identificatie.par3.mx
apwg_sample_4190/2022-10/2022-10-17/2022-10-17-687194.png,DHL,DHL Airways,1,tagBox1,0.9593426,dadolashes.com
apwg_sample_4190/2022-10/2022-10-18/2022-10-18-1307204.png,DHL,DHL Airways,1,tagBox1,0.9593426,dadolashes.com
apwg_sample_4190/2022-12/2022-12-25/2022-12-25-54832.png,Shopee,,0,tagBox1,0.69909066,8262ajm.com
apwg_sample_4190/2022-10/2022-10-04/2022-10-04-734763.png,DHL,DHL Airways,1,tagBox1,0.9593426,actp.com.au
apwg_sample_4190/2022-10/2022-10-04/2022-10-04-704032.png,Wells Fargo Bank,,0,tagBox1,0.79122615,zitic.duckdns.org
apwg_sample_4190/2022-10/2022-10-25/2022-10-25-1011799.png,Apple,,0,tagBox0,0,sandyshores2.capitalvacations.com
apwg_sample_4190/2022-10/2022-10-05/2022-10-05-953697.png,Microsoft Bing,,0,tagBox1,0.7780247,pensive-taussig.109-71-253-24.plesk.page
apwg_sample_4190/2022-10/2022-10-05/2022-10-05-996172.png,Credit Agricole,Credit Agricole S.A,1,tagBox1,0.9068919,jpmarketing.co.uk
apwg_sample_4190/2022-10/2022-10-25/2022-10-25-1027029.png,International Card Services,Microsoft,1,tagBox1,0.83530897,icscards.nl.online-identificatie.egymojo.com
apwg_sample_4190/2022-10/2022-10-25/2022-10-25-1031632.png,Apple,,0,tagBox0,0,foxhunt.capitalvacations.com
apwg_sample_4190/2022-11/2022-11-24/2022-11-24-65925.png,Booking,,0,tagBox1,0.8232621,hotels.flighthub.com
apwg_sample_4190/2022-12/2022-12-28/2022-12-28-144657.png,Nordea,,0,tagBox1,0.736016,practical-pike.35-232-50-58.plesk.page
apwg_sample_4190/2022-10/2022-10-16/2022-10-16-1127115.png,Facebook,,0,tagBox1,0.7068602,tyhwey5w4yw35ye.blogspot.cl
apwg_sample_4190/2022-10/2022-10-16/2022-10-16-1160435.png,Facebook,,0,tagBox1,0.7068602,tyhwey5w4yw35ye.blogspot.mx
apwg_sample_4190/2022-10/2022-10-16/2022-10-16-1163849.png,Facebook,,0,tagBox1,0.7068602,tyhwey5w4yw35ye.blogspot.kr
apwg_sample_4190/2022-11/2022-11-20/2022-11-20-220893.png,Santander Bank,Grupo Santander,1,tagBox1,0.9087158,sogoro.elementor.cloud
apwg_sample_4190/2022-10/2022-10-02/2022-10-02-1236256.png,DHL,DHL Airways,1,tagBox1,0.9593426,actp.com.au
apwg_sample_4190/2022-10/2022-10-27/2022-10-27-1251566.png,Microsoft Bing,,0,tagBox1,0.71386695,ccontrolsecure-nl.cfd
apwg_sample_4190/2023-07/2023-07-04/2023-07-04-95823.png,Piraeus Bank,,0,tagBox0,0,plraeusbanlk.org
apwg_sample_4190/2022-10/2022-10-31/2022-10-31-1334503.png,Microsoft Bing,,0,tagBox1,0.79839426,my.netbank.commbank.com.au.cbdhempreview.com
apwg_sample_4190/2022-11/2022-11-01/2022-11-01-191953.png,DHL,DHL Airways,1,tagBox1,0.9593426,www.escoreci.com
apwg_sample_4190/2022-10/2022-10-31/2022-10-31-1339508.png,Commonwealth Bank of Australia,,0,tagBox1,0.79839426,sparkasse.de-checking-2001.cfd
apwg_sample_4190/2022-10/2022-10-31/2022-10-31-1339210.png,DHL,DHL Airways,1,tagBox1,0.919119,theartiste.us
apwg_sample_4190/2022-10/2022-10-31/2022-10-31-1335312.png,Intesa Sanpaolo,,0,tagBox1,0.6699985,it-ispverif.com
apwg_sample_4190/2022-10/2022-10-31/2022-10-31-1341825.png,Microsoft Bing,,0,tagBox0,0,titulare.likescandy.com
apwg_sample_4190/2022-10/2022-10-31/2022-10-31-1342064.png,Wells Fargo Bank,,0,tagBox1,0.684111,gmlighting.net
apwg_sample_4190/2022-10/2022-10-31/2022-10-31-1336562.png,Microsoft Bing,,0,tagBox1,0.79839426,www.my.netbank.commbank.com.au.cbdhempreview.com
apwg_sample_4190/2022-10/2022-10-31/2022-10-31-1331956.png,Microsoft Bing,,0,tagBox1,0.79839426,titulare.likescandy.com
apwg_sample_4190/2023-02/2023-02-02/2023-02-02-94203.png,Capital One,Capital One Financial Corporation,1,tagBox1,0.93097156,strategieredacweb.com
apwg_sample_4190/2022-12/2022-12-16/2022-12-16-13302.png,Facebook,Facebook,1,tagBox1,0.85423124,larry1110111.github.io
apwg_sample_4190/2022-11/2022-11-11/2022-11-11-46168.png,Orange,,0,tagBox1,0.7381614,www.mes-services-orange.com
apwg_sample_4190/2023-02/2023-02-28/2023-02-28-142023.png,Facebook,Facebook,1,tagBox1,0.88066065,ottoauto.pl
apwg_sample_4190/2023-01/2023-01-03/2023-01-03-57683.png,Absa Bank,Absa Group,1,tagBox1,0.8978407,online.absabank.mu
apwg_sample_4190/2023-02/2023-02-23/2023-02-23-100202.png,Facebook,Facebook,1,tagBox1,0.93114483,tinyurl.com
apwg_sample_4190/2022-12/2022-12-25/2022-12-25-63461.png,Krungthai Bank,,0,tagBox1,0.6774725,www.ccmn.ufrj.br
apwg_sample_4190/2022-11/2022-11-16/2022-11-16-244869.png,DHL,DHL Airways,1,tagBox1,0.9593426,i.dkundservice-postnord.hardcars.ro
apwg_sample_4190/2022-11/2022-11-27/2022-11-27-2177.png,DHL,DHL Airways,1,tagBox1,0.9593426,magyar-posta-packagetracking-aftership.mirificalcareers.com
apwg_sample_4190/2022-12/2022-12-03/2022-12-03-282688.png,Booking,Standard Chartered Bank,1,tagBox1,0.837523,hotel.ebooking.com
apwg_sample_4190/2023-02/2023-02-16/2023-02-16-83615.png,Facebook,,0,tagBox0,0,16-2ywiwlxcmicidu.buzz
apwg_sample_4190/2023-07/2023-07-02/2023-07-02-92298.png,Facebook,,0,tagBox1,0.802685,fvscvaok-uvas.hegea.cfd
apwg_sample_4190/2022-11/2022-11-28/2022-11-28-261644.png,DHL,DHL Airways,1,tagBox1,0.94400287,shugns.xyz
apwg_sample_4190/2022-11/2022-11-23/2022-11-23-104151.png,DHL,DHL Airways,1,tagBox1,0.9593426,delivery.imaginedbyjess.co
apwg_sample_4190/2022-11/2022-11-27/2022-11-27-3790.png,Booking,,0,tagBox1,0.8232621,hotels.flighthub.com
apwg_sample_4190/2022-12/2022-12-02/2022-12-02-297987.png,DenizBank,,0,tagBox0,0,www-denizin-bank-subesi-tr.net
apwg_sample_4190/2023-03/2023-03-03/2023-03-03-23676.png,Meta,,0,tagBox1,0.6888336,tinyurl.com
apwg_sample_4190/2023-05/2023-05-03/2023-05-03-55709.png,Meta,,0,tagBox0,0,mail.securityprotectionaccount564269.xyz
apwg_sample_4190/2023-04/2023-04-24/2023-04-24-84192.png,WhatsApp,WhatsApp,1,tagBox1,0.8315123,wdfsaiu.top
apwg_sample_4190/2022-11/2022-11-11/2022-11-11-37471.png,Meta,,0,tagBox0,0,csr110112203eur.click
apwg_sample_4190/2022-11/2022-11-30/2022-11-30-47024.png,Lake Michigan Credit Union,,0,tagBox0,0,lmccufix.com
apwg_sample_4190/2023-01/2023-01-07/2023-01-07-113386.png,DHL,DHL Airways,1,tagBox1,0.9370367,edh-l.me
apwg_sample_4190/2022-11/2022-11-09/2022-11-09-12595.png,Wells Fargo Bank,,0,tagBox1,0.7184708,www.autosur.fr
apwg_sample_4190/2022-11/2022-11-09/2022-11-09-13376.png,Wells Fargo Bank,,0,tagBox1,0.7184708,www.autosur.fr
apwg_sample_4190/2022-11/2022-11-09/2022-11-09-7863.png,Booking,,0,tagBox1,0.8232621,hotels.flighthub.com
apwg_sample_4190/2022-11/2022-11-09/2022-11-09-7615.png,DHL,DHL Airways,1,tagBox1,0.9593426,international-package.pubchaplin.it
apwg_sample_4190/2023-06/2023-06-23/2023-06-23-94548.png,Facebook,Facebook,1,tagBox1,0.90451366,you-need-attention4869673.click
apwg_sample_4190/2022-11/2022-11-09/2022-11-09-6925.png,Booking,,0,tagBox1,0.8232621,hotels.flighthub.com
apwg_sample_4190/2022-11/2022-11-19/2022-11-19-153931.png,DHL,DHL Airways,1,tagBox1,0.9593426,i.dkundservice-postnord.hardcars.ro
apwg_sample_4190/2022-11/2022-11-09/2022-11-09-11667.png,DHL,DHL Airways,1,tagBox1,0.919119,zoo.saw-erp.in
apwg_sample_4190/2022-12/2022-12-05/2022-12-05-146635.png,Provider,,0,tagBox0,0,qcvincomvip.one
apwg_sample_4190/2022-11/2022-11-09/2022-11-09-11221.png,Booking,,0,tagBox1,0.8232621,hotels.flighthub.com
apwg_sample_4190/2022-12/2022-12-23/2022-12-23-106069.png,Absa Bank,Absa Group,1,tagBox1,0.9060563,online.absabank.mu
apwg_sample_4190/2023-01/2023-01-18/2023-01-18-145402.png,Facebook,,0,tagBox1,0.688081,tassoierwan09.co.vu
apwg_sample_4190/2023-01/2023-01-04/2023-01-04-245023.png,First National Bank,,0,tagBox0,0,main.dx09gidfxa95p.amplifyapp.com
apwg_sample_4190/2023-01/2023-01-23/2023-01-23-39642.png,Absa Bank,Absa Group,1,tagBox1,0.90677905,online.absabank.mu
apwg_sample_4190/2023-02/2023-02-08/2023-02-08-12638.png,Deutsche Post,,0,tagBox0,0,heaventurtravel.com.br
apwg_sample_4190/2022-12/2022-12-12/2022-12-12-230748.png,Booking,,0,tagBox1,0.8232621,hotels.flighthub.com
apwg_sample_4190/2023-02/2023-02-13/2023-02-13-2547.png,DHL,Enel Energia S.p.A,1,tagBox1,0.8333951,frografic.com
apwg_sample_4190/2022-11/2022-11-17/2022-11-17-17546.png,Microsoft Bing,Microsoft,1,tagBox1,0.83707905,netbank.cba-commbank.com.au.seotask.in
apwg_sample_4190/2022-11/2022-11-17/2022-11-17-19444.png,DHL,DHL Airways,1,tagBox1,0.9593426,olgon.net
apwg_sample_4190/2022-11/2022-11-24/2022-11-24-68936.png,Booking,,0,tagBox1,0.8232621,hotels.flighthub.com
apwg_sample_4190/2022-11/2022-11-17/2022-11-17-18686.png,Google,,0,tagBox1,0.6995884,cgi.papersmiths.com
apwg_sample_4190/2022-11/2022-11-17/2022-11-17-17956.png,Credit Saison,,0,tagBox1,0.6481069,www.sasiseancsnascen.llhtbi.top
apwg_sample_4190/2022-12/2022-12-01/2022-12-01-131684.png,Google,,0,tagBox1,0.7451811,cgi.papersmiths.com
apwg_sample_4190/2023-01/2023-01-03/2023-01-03-55744.png,DHL,DHL Airways,1,tagBox1,0.95026827,edh-l.me
apwg_sample_4190/2023-01/2023-01-07/2023-01-07-113796.png,Bancolombia,,0,tagBox1,0.78453517,trdesbloq-procesvrtual.com
apwg_sample_4190/2023-01/2023-01-03/2023-01-03-62491.png,DHL,DHL Airways,1,tagBox1,0.93809026,edh-l.me
apwg_sample_4190/2023-01/2023-01-31/2023-01-31-203396.png,Chase Bank,,0,tagBox1,0.733217,chasaer1.com
apwg_sample_4190/2022-11/2022-11-11/2022-11-11-42544.png,Facebook,Facebook,1,tagBox1,0.9251138,attention-657115675432640054.ml
apwg_sample_4190/2023-01/2023-01-12/2023-01-12-167933.png,DHL,DHL Airways,1,tagBox1,0.9370367,edh-l.me
apwg_sample_4190/2023-01/2023-01-26/2023-01-26-7349.png,Wells Fargo Bank,,0,tagBox1,0.7943093,citizenbank.sgateswa.com
apwg_sample_4190/2022-11/2022-11-14/2022-11-14-22665.png,Microsoft Bing,,0,tagBox1,0.75556815,www.netbank.cba-commbank.com.au.ecodeafrique.com
apwg_sample_4190/2022-11/2022-11-14/2022-11-14-25640.png,DHL,DHL Airways,1,tagBox1,0.9593426,marcopaschacafe.com
apwg_sample_4190/2022-11/2022-11-13/2022-11-13-84763.png,Microsoft Bing,Banco de Chile,1,tagBox1,0.8661853,netbank.cba-commbank.com.au.seotask.in
apwg_sample_4190/2022-11/2022-11-14/2022-11-14-28121.png,DHL,DHL Airways,1,tagBox1,0.9593426,postahumagar-int2973.com
apwg_sample_4190/2022-11/2022-11-13/2022-11-13-92460.png,Microsoft Bing,Banco de Chile,1,tagBox1,0.8661853,netbank.cba-commbank.com.au.ecodeafrique.com
apwg_sample_4190/2022-12/2022-12-16/2022-12-16-7542.png,Al Rajhi Bank,,0,tagBox1,0.7069477,www.saudi-pages.com
apwg_sample_4190/2022-11/2022-11-13/2022-11-13-93708.png,Microsoft Bing,Banco de Chile,1,tagBox1,0.8661853,www.netbank.cba-commbank.com.au.ecodeafrique.com
apwg_sample_4190/2022-11/2022-11-11/2022-11-11-44118.png,Microsoft Bing,,0,tagBox1,0.81254023,www.netbank.cba-commbank.com.au.ezix.in
apwg_sample_4190/2022-11/2022-11-10/2022-11-10-170922.png,Microsoft Bing,,0,tagBox1,0.68987954,netbank.cba-commbank.com.au.seotask.in
apwg_sample_4190/2022-11/2022-11-11/2022-11-11-42122.png,Microsoft Bing,,0,tagBox0,0,netbank.cba-commbank.com.au.houseofdramas.com
apwg_sample_4190/2022-11/2022-11-11/2022-11-11-46723.png,DHL,DHL Airways,1,tagBox1,0.9593426,international-package.pubchaplin.it
apwg_sample_4190/2022-11/2022-11-11/2022-11-11-43178.png,Al Rajhi Bank,,0,tagBox0,0,www.reiyada.com
apwg_sample_4190/2022-11/2022-11-11/2022-11-11-40502.png,DHL,DHL Airways,1,tagBox1,0.9593426,international-package.pubchaplin.it
apwg_sample_4190/2022-11/2022-11-11/2022-11-11-41827.png,Microsoft Bing,,0,tagBox1,0.6827749,mein-lifesax.online
apwg_sample_4190/2022-11/2022-11-11/2022-11-11-41775.png,Microsoft Bing,,0,tagBox1,0.81254023,netbank.cba-commbank.com.au.innovandoando.com
apwg_sample_4190/2022-11/2022-11-11/2022-11-11-39218.png,Commonwealth Bank of Australia,,0,tagBox0,0,netbank.cba-commbank.com.au.seotask.in
apwg_sample_4190/2022-11/2022-11-28/2022-11-28-261535.png,Facebook,Magalu,1,tagBox1,0.889854,supportteam8863496.shop
apwg_sample_4190/2022-11/2022-11-30/2022-11-30-54919.png,Microsoft Bing,Microsoft,1,tagBox1,0.85106134,86.104.194.63
apwg_sample_4190/2022-11/2022-11-25/2022-11-25-128126.png,Booking,,0,tagBox1,0.8232621,hotels.flighthub.com
apwg_sample_4190/2022-11/2022-11-30/2022-11-30-54796.png,DHL,DHL Airways,1,tagBox1,0.9593426,delivery.imaginedbyjess.co
apwg_sample_4190/2022-11/2022-11-26/2022-11-26-251313.png,Booking,,0,tagBox1,0.8232621,hotels.flighthub.com
apwg_sample_4190/2022-11/2022-11-28/2022-11-28-263255.png,Piraeus Bank,,0,tagBox0,0,piraeus-ebank.co
apwg_sample_4190/2023-02/2023-02-03/2023-02-03-63011.png,Provider,,0,tagBox1,0.73315346,eakklljj.top
apwg_sample_4190/2022-12/2022-12-15/2022-12-15-77498.png,Microsoft,,0,tagBox1,0.61306256,hammerhead-app-lfyrc.ondigitalocean.app
apwg_sample_4190/2022-12/2022-12-09/2022-12-09-344188.png,Meta,,0,tagBox1,0.7278542,164887370202959.ml
apwg_sample_4190/2022-12/2022-12-30/2022-12-30-66468.png,Al Rajhi Bank,,0,tagBox1,0.7398321,bitz.ly
apwg_sample_4190/2022-11/2022-11-21/2022-11-21-135325.png,Bank of America,Bank of America,1,tagBox1,0.98737144,pactopelorio.org.br
apwg_sample_4190/2022-11/2022-11-25/2022-11-25-119263.png,DHL,DHL Airways,1,tagBox1,0.9593426,sotrime.com
apwg_sample_4190/2022-11/2022-11-24/2022-11-24-62992.png,Booking,,0,tagBox1,0.789765,hotel.ebooking.com
apwg_sample_4190/2022-11/2022-11-24/2022-11-24-58816.png,Booking,,0,tagBox1,0.8232621,hotels.flighthub.com
apwg_sample_4190/2023-04/2023-04-03/2023-04-03-80743.png,Namecheap,,0,tagBox1,0.7427647,www.iem.pe
apwg_sample_4190/2022-11/2022-11-23/2022-11-23-103137.png,Booking,,0,tagBox1,0.789765,hotel.ebooking.com
apwg_sample_4190/2022-11/2022-11-24/2022-11-24-66350.png,Microsoft Bing,,0,tagBox1,0.80671203,winbank-suspended-gr.info
apwg_sample_4190/2022-11/2022-11-24/2022-11-24-63277.png,Microsoft Bing,Microsoft,1,tagBox1,0.84702593,fb.supporteamaccount.team
apwg_sample_4190/2022-11/2022-11-24/2022-11-24-58528.png,Booking,,0,tagBox1,0.789765,hotel.ebooking.com
apwg_sample_4190/2022-11/2022-11-25/2022-11-25-124615.png,Microsoft Bing,,0,tagBox1,0.8217525,fb.supporteamaccount.team
apwg_sample_4190/2022-11/2022-11-24/2022-11-24-67153.png,Microsoft Bing,,0,tagBox1,0.80671203,winbank-suspended-gr.info
apwg_sample_4190/2022-12/2022-12-02/2022-12-02-288546.png,Sky,,0,tagBox0,0,paynow-myo2account.com
apwg_sample_4190/2022-11/2022-11-26/2022-11-26-252731.png,Facebook,Magalu,1,tagBox1,0.9022831,supportteam261876166.site
apwg_sample_4190/2022-11/2022-11-25/2022-11-25-126618.png,Booking,,0,tagBox1,0.8232621,hotels.flighthub.com
apwg_sample_4190/2022-11/2022-11-24/2022-11-24-60202.png,Booking,,0,tagBox1,0.8232621,hotels.flighthub.com
apwg_sample_4190/2022-11/2022-11-24/2022-11-24-66632.png,Microsoft Bing,Microsoft,1,tagBox1,0.84702593,winbank-suspended-gr.info
apwg_sample_4190/2022-12/2022-12-12/2022-12-12-233022.png,Facebook,,0,tagBox1,0.7612462,ineedconfirm430564.co.vu
apwg_sample_4190/2023-06/2023-06-20/2023-06-20-152995.png,DocuSign,,0,tagBox1,0.8096924,docusign.swmountainsports.com
apwg_sample_4190/2022-11/2022-11-26/2022-11-26-254178.png,Bitkub,,0,tagBox1,0.76400465,trade-bitkup.trade
apwg_sample_4190/2022-11/2022-11-04/2022-11-04-209396.png,DHL,DHL Airways,1,tagBox1,0.9593426,international-package.pubchaplin.it
apwg_sample_4190/2022-11/2022-11-06/2022-11-06-130532.png,DHL,DHL Airways,1,tagBox1,0.9593426,international-package.pubchaplin.it
apwg_sample_4190/2022-11/2022-11-07/2022-11-07-257893.png,Booking,,0,tagBox1,0.8232621,hotels.flighthub.com
apwg_sample_4190/2022-11/2022-11-04/2022-11-04-201333.png,Booking,,0,tagBox1,0.8232621,hotels.flighthub.com
apwg_sample_4190/2022-11/2022-11-13/2022-11-13-93159.png,DHL,DHL Airways,1,tagBox1,0.9593426,i.dkundservice-postnord.hardcars.ro
apwg_sample_4190/2022-11/2022-11-13/2022-11-13-87155.png,Microsoft Bing,,0,tagBox1,0.70893633,netbank.cba-commbank.com.au.ecodeafrique.com
apwg_sample_4190/2022-11/2022-11-13/2022-11-13-85671.png,Microsoft Bing,,0,tagBox1,0.70893633,netbank.cba-commbank.com.au.ecodeafrique.com
apwg_sample_4190/2022-11/2022-11-13/2022-11-13-90185.png,Microsoft Bing,,0,tagBox1,0.70893633,www.netbank.cba-commbank.com.au.ecodeafrique.com
apwg_sample_4190/2022-11/2022-11-13/2022-11-13-90359.png,International Card Services,,0,tagBox1,0.736321,icscards.nl.online-identificatie.edeskoutsourcing.com
apwg_sample_4190/2022-11/2022-11-13/2022-11-13-93118.png,Microsoft Bing,,0,tagBox1,0.6886003,netbank.cba-commbank.com.au.ecodeafrique.com
apwg_sample_4190/2022-11/2022-11-23/2022-11-23-107455.png,ING Group,,0,tagBox1,0.7120875,bpids.ipb.ac.id
apwg_sample_4190/2023-06/2023-06-28/2023-06-28-30231.png,Caisses Desjardins,Desjardins,1,tagBox1,0.97735757,45.132.242.35
apwg_sample_4190/2023-01/2023-01-18/2023-01-18-145048.png,Microsoft,shoptet,1,tagBox1,0.8695847,ladwaves13de.ml
apwg_sample_4190/2023-03/2023-03-09/2023-03-09-4669.png,Microsoft Bing,,0,tagBox1,0.7759695,portal-swisspass-sbbcff.tempurl.host
apwg_sample_4190/2022-11/2022-11-23/2022-11-23-110648.png,PT Bank Central Asia,,0,tagBox0,0,layanantarif.web-skema.com
apwg_sample_4190/2023-05/2023-05-08/2023-05-08-57542.png,Robot,,0,tagBox1,0.6585306,www.geauioer.monster
apwg_sample_4190/2023-05/2023-05-31/2023-05-31-23999.png,DocuSign,DocuSign,1,tagBox1,0.9417429,docu-70o.pages.dev
apwg_sample_4190/2022-11/2022-11-25/2022-11-25-125556.png,DHL,DHL Airways,1,tagBox1,0.9593426,i.dkundservice-postnord.hardcars.ro
apwg_sample_4190/2022-12/2022-12-23/2022-12-23-100832.png,Facebook,,0,tagBox0,0,pubgm11138558.api-bagas2023.my.id
apwg_sample_4190/2022-11/2022-11-25/2022-11-25-123545.png,Microsoft Bing,Microsoft,1,tagBox1,0.8302685,fb.supporteamaccount.team
apwg_sample_4190/2023-01/2023-01-02/2023-01-02-75524.png,Facebook,Facebook,1,tagBox1,0.9361893,pembatalanpemblokiran-akunfacebook.weebly.com
apwg_sample_4190/2022-11/2022-11-08/2022-11-08-238605.png,Booking,,0,tagBox1,0.8232621,hotels.flighthub.com
apwg_sample_4190/2022-11/2022-11-07/2022-11-07-258718.png,DHL,DHL Airways,1,tagBox1,0.9593426,international-package.pubchaplin.it
apwg_sample_4190/2022-11/2022-11-21/2022-11-21-145843.png,DHL,DHL Airways,1,tagBox1,0.9593426,jaberngabi.com
apwg_sample_4190/2022-11/2022-11-20/2022-11-20-235153.png,DHL,DHL Airways,1,tagBox1,0.9593426,delivery.imaginedbyjess.co
apwg_sample_4190/2023-01/2023-01-05/2023-01-05-110420.png,DHL,DHL Airways,1,tagBox1,0.9593426,delivery.imaginedbyjess.co
apwg_sample_4190/2023-06/2023-06-23/2023-06-23-108395.png,Facebook,Facebook,1,tagBox1,0.8941618,app.funnel-preview.com
apwg_sample_4190/2023-02/2023-02-08/2023-02-08-13224.png,AT&T,AT&T,1,tagBox1,0.94493914,att-345678555.weeblysite.com
apwg_sample_4190/2022-11/2022-11-20/2022-11-20-226044.png,DHL,DHL Airways,1,tagBox1,0.9593426,i.dkundservice-postnord.hardcars.ro
apwg_sample_4190/2022-11/2022-11-10/2022-11-10-170425.png,Microsoft Bing,,0,tagBox1,0.68987954,www.netbank.cba-commbank.com.au.houseofdramas.com
apwg_sample_4190/2022-11/2022-11-10/2022-11-10-166021.png,Microsoft Bing,,0,tagBox1,0.68987954,icscards.nl.online-identificatie.edeskoutsourcing.com
apwg_sample_4190/2022-11/2022-11-10/2022-11-10-171523.png,Facebook,,0,tagBox1,0.7523092,facebook-business-help-center-fanpage-checkpoint581.ml
apwg_sample_4190/2022-11/2022-11-12/2022-11-12-177446.png,DHL,DHL Airways,1,tagBox1,0.9593426,marcopaschacafe.com
apwg_sample_4190/2022-11/2022-11-02/2022-11-02-182423.png,DHL,DHL Airways,1,tagBox1,0.9593426,international-package.pubchaplin.it
apwg_sample_4190/2022-11/2022-11-03/2022-11-03-214792.png,DHL,DHL Airways,1,tagBox1,0.9593426,international-package.pubchaplin.it
apwg_sample_4190/2022-11/2022-11-02/2022-11-02-186438.png,Microsoft Bing,ATB Financial,1,tagBox1,0.8427875,commbank.netbank.com.au.logisticxnj.com
apwg_sample_4190/2023-04/2023-04-06/2023-04-06-52784.png,Chase Bank,,0,tagBox1,0.79517466,isecure1-w18.com
apwg_sample_4190/2022-11/2022-11-02/2022-11-02-184338.png,Booking,,0,tagBox1,0.8232621,hotels.flighthub.com
apwg_sample_4190/2022-11/2022-11-02/2022-11-02-185404.png,Provider,,0,tagBox1,0.8148532,w88fa.com
apwg_sample_4190/2022-11/2022-11-01/2022-11-01-187081.png,DHL,DHL Airways,1,tagBox1,0.919119,theartiste.us
apwg_sample_4190/2022-11/2022-11-01/2022-11-01-189620.png,Microsoft Bing,,0,tagBox1,0.64496464,titulare.likescandy.com
apwg_sample_4190/2023-05/2023-05-07/2023-05-07-63969.png,Facebook,Facebook,1,tagBox1,0.900965,iloveyoubd71.blogspot.kr
apwg_sample_4190/2022-12/2022-12-04/2022-12-04-268817.png,DHL,DHL Airways,1,tagBox1,0.9593426,delivery.imaginedbyjess.co
apwg_sample_4190/2022-11/2022-11-29/2022-11-29-198759.png,DHL,DHL Airways,1,tagBox1,0.9593426,olgon.net
apwg_sample_4190/2023-05/2023-05-27/2023-05-27-96614.png,Instagram,,0,tagBox1,0.69555795,copyrighthelp-form.com
apwg_sample_4190/2022-12/2022-12-10/2022-12-10-362002.png,DHL,DHL Airways,1,tagBox1,0.9370367,dhlinc.net
apwg_sample_4190/2022-11/2022-11-04/2022-11-04-208706.png,DHL,DHL Airways,1,tagBox1,0.9593426,www.escoreci.com
apwg_sample_4190/2022-11/2022-11-03/2022-11-03-214404.png,Microsoft Bing,shoptet,1,tagBox1,0.87170875,altahoneh.com
apwg_sample_4190/2022-11/2022-11-04/2022-11-04-207185.png,Microsoft Bing,,0,tagBox1,0.5614246,a5419.pages.dev
apwg_sample_4190/2022-11/2022-11-20/2022-11-20-219685.png,DHL,DHL Airways,1,tagBox1,0.9593426,delivery.imaginedbyjess.co
apwg_sample_4190/2022-11/2022-11-20/2022-11-20-226819.png,Rabobank,,0,tagBox1,0.7576709,phmgh.co
apwg_sample_4190/2022-11/2022-11-20/2022-11-20-219360.png,Booking,,0,tagBox1,0.8232621,hotels.flighthub.com
apwg_sample_4190/2022-11/2022-11-15/2022-11-15-235399.png,DHL,DHL Airways,1,tagBox1,0.9593426,i.dkundservice-postnord.hardcars.ro
apwg_sample_4190/2022-11/2022-11-16/2022-11-16-246780.png,DHL,DHL Airways,1,tagBox1,0.9593426,olgon.net
apwg_sample_4190/2022-11/2022-11-08/2022-11-08-236072.png,DHL,DHL Airways,1,tagBox1,0.9593426,millenniumcnb.com
apwg_sample_4190/2022-11/2022-11-16/2022-11-16-246213.png,Microsoft Bing,,0,tagBox1,0.6579555,icscards.nl.online-identificatie.cabukgidiyor.com
apwg_sample_4190/2022-11/2022-11-26/2022-11-26-250045.png,Bitkub,,0,tagBox1,0.76400465,trade-bitkup.trade
apwg_sample_4190/2022-11/2022-11-26/2022-11-26-254163.png,Provider,,0,tagBox1,0.7646947,fbs48.com
apwg_sample_4190/2023-07/2023-07-15/2023-07-15-86071.png,Facebook,Facebook,1,tagBox1,0.8845632,faceteste2664.000webhostapp.com
apwg_sample_4190/2022-12/2022-12-05/2022-12-05-151558.png,Booking,,0,tagBox1,0.8232621,hotels.flighthub.com
apwg_sample_4190/2022-12/2022-12-13/2022-12-13-262459.png,Booking,,0,tagBox1,0.8232621,hotels.flighthub.com
apwg_sample_4190/2023-01/2023-01-05/2023-01-05-110560.png,Facebook,Facebook,1,tagBox1,0.9034964,tinyurl.com
apwg_sample_4190/2022-12/2022-12-25/2022-12-25-59158.png,DHL,DHL Airways,1,tagBox1,0.9370367,edh-l.me
apwg_sample_4190/2023-02/2023-02-14/2023-02-14-37491.png,Sony Bank,,0,tagBox1,0.67342114,www.momeyklt.jnianlaw.com
apwg_sample_4190/2022-12/2022-12-29/2022-12-29-123.png,Microsoft Bing,,0,tagBox0,0,icscards.online-identificatie.motoseller.com
apwg_sample_4190/2023-01/2023-01-14/2023-01-14-123332.png,DHL,DHL Airways,1,tagBox1,0.9370367,edh-l.me
apwg_sample_4190/2022-12/2022-12-29/2022-12-29-783.png,International Card Services,,0,tagBox1,0.7734834,icscards.online-identificatie.flatfee4me.ca
apwg_sample_4190/2022-12/2022-12-28/2022-12-28-139599.png,DHL,DHL Airways,1,tagBox1,0.9593426,deliv.bdsellprice.com
apwg_sample_4190/2022-12/2022-12-29/2022-12-29-1172.png,Microsoft Bing,Microsoft,1,tagBox1,0.85694265,icscards.online-identificatie.motoseller.com
apwg_sample_4190/2022-12/2022-12-31/2022-12-31-52488.png,Nordea,nordea,1,tagBox1,0.8358995,143.208.164.249
apwg_sample_4190/2022-12/2022-12-29/2022-12-29-4087.png,Microsoft Bing,Microsoft,1,tagBox1,0.85694265,americadelnorte.edu.mx
apwg_sample_4190/2023-01/2023-01-18/2023-01-18-139126.png,State Bank of India,Zoopla,1,tagBox1,0.8851001,csawq-f3932.web.app
apwg_sample_4190/2023-04/2023-04-18/2023-04-18-55827.png,DHL,DHL Airways,1,tagBox1,0.9370367,dachdecker-clees.de
apwg_sample_4190/2023-01/2023-01-05/2023-01-05-112638.png,DBS Bank,,0,tagBox0,0,paylahapp.top
apwg_sample_4190/2022-12/2022-12-23/2022-12-23-107667.png,Rabobank,,0,tagBox0,0,trackyourlosspreventions.help
apwg_sample_4190/2023-01/2023-01-03/2023-01-03-56996.png,DHL,DHL Airways,1,tagBox1,0.9370367,edh-l.me
apwg_sample_4190/2023-01/2023-01-09/2023-01-09-137279.png,DHL,DHL Airways,1,tagBox1,0.9370367,edh-l.me
apwg_sample_4190/2023-02/2023-02-08/2023-02-08-13170.png,ING Group,ING,1,tagBox1,0.9132823,fermalife.com
apwg_sample_4190/2022-12/2022-12-29/2022-12-29-5234.png,Microsoft Bing,,0,tagBox1,0.7734834,icscards.online-identificatie.flatfee4me.ca
apwg_sample_4190/2023-02/2023-02-06/2023-02-06-106800.png,DHL,DHL Airways,1,tagBox1,0.9370367,hextraprimeasia.com
apwg_sample_4190/2023-01/2023-01-08/2023-01-08-10589.png,Facebook,Facebook,1,tagBox1,0.91659147,oosefomvaiousblphotography.click
apwg_sample_4190/2022-12/2022-12-30/2022-12-30-64798.png,DHL,DHL Airways,1,tagBox1,0.9593426,delivery.buyvenoms.com
apwg_sample_4190/2023-01/2023-01-30/2023-01-30-97665.png,Facebook,,0,tagBox0,0,website.layanan-tarif.xyz
apwg_sample_4190/2023-01/2023-01-06/2023-01-06-21871.png,DHL,DHL Airways,1,tagBox1,0.9370367,edh-l.me
apwg_sample_4190/2022-12/2022-12-18/2022-12-18-114999.png,DHL,DHL Airways,1,tagBox1,0.9370367,www.yourmoney.online
apwg_sample_4190/2023-02/2023-02-03/2023-02-03-60163.png,Apple,,0,tagBox0,0,yclients.com
apwg_sample_4190/2022-12/2022-12-29/2022-12-29-3301.png,DHL,DHL Airways,1,tagBox1,0.9593426,delivery.imaginedbyjess.co
apwg_sample_4190/2023-01/2023-01-03/2023-01-03-59425.png,Sky,,0,tagBox0,0,solution-myo2account.com
apwg_sample_4190/2023-01/2023-01-11/2023-01-11-16171.png,DHL,DHL Airways,1,tagBox1,0.9370367,edh-l.me
apwg_sample_4190/2022-12/2022-12-18/2022-12-18-109684.png,Facebook,Facebook,1,tagBox1,0.9420551,confirmationpage128705.co.vu
apwg_sample_4190/2022-12/2022-12-18/2022-12-18-112021.png,Facebook,Facebook,1,tagBox1,0.9420551,confirmationpage152356.co.vu
apwg_sample_4190/2023-01/2023-01-12/2023-01-12-171518.png,DHL,DHL Airways,1,tagBox1,0.9370367,caomega.com
apwg_sample_4190/2023-01/2023-01-13/2023-01-13-79005.png,Facebook,Facebook,1,tagBox1,0.88715607,app-schmidt.iclv05iiju-rz83y5pk96d7.p.temp-site.link
apwg_sample_4190/2023-01/2023-01-12/2023-01-12-168948.png,DHL,DHL Airways,1,tagBox1,0.9370367,edh-l.me
apwg_sample_4190/2022-12/2022-12-19/2022-12-19-313368.png,DHL,DHL Airways,1,tagBox1,0.9370367,www.yourmoney.online
apwg_sample_4190/2022-12/2022-12-28/2022-12-28-141639.png,Microsoft Bing,,0,tagBox1,0.7734834,icscards.online-identificatie.flatfee4me.ca
apwg_sample_4190/2022-12/2022-12-29/2022-12-29-5042.png,DHL,DHL Airways,1,tagBox1,0.9370367,edh-l.me
apwg_sample_4190/2022-12/2022-12-30/2022-12-30-64946.png,DHL,DHL Airways,1,tagBox1,0.9370367,araguaiahost.com.br
apwg_sample_4190/2022-12/2022-12-23/2022-12-23-107180.png,DHL,DHL Airways,1,tagBox1,0.9651976,skellig.com
apwg_sample_4190/2022-12/2022-12-15/2022-12-15-86134.png,Facebook,,0,tagBox1,0.802685,app-gorczany.uecj7f1wzb-zqy3jdrvg3kg.p.temp-site.link
apwg_sample_4190/2022-12/2022-12-15/2022-12-15-83128.png,Microsoft Bing,,0,tagBox1,0.64501613,adirferreira.com.br
apwg_sample_4190/2022-12/2022-12-13/2022-12-13-252259.png,Facebook,M & T Bank Coporation,1,tagBox1,0.8491955,facebook-kody.blogspot.com
apwg_sample_4190/2022-12/2022-12-16/2022-12-16-21913.png,Microsoft Bing,,0,tagBox1,0.759736,adirferreira.com.br
apwg_sample_4190/2022-12/2022-12-15/2022-12-15-91020.png,Microsoft Bing,,0,tagBox1,0.64501613,adirferreira.com.br
apwg_sample_4190/2022-12/2022-12-12/2022-12-12-236295.png,Chase Bank,,0,tagBox1,0.80759805,realestateformillennials.com
apwg_sample_4190/2022-12/2022-12-20/2022-12-20-357079.png,Meta,,0,tagBox1,0.6430279,rasanetyama.co.vu
apwg_sample_4190/2023-02/2023-02-10/2023-02-10-141267.png,Facebook,,0,tagBox1,0.79104924,fb-restriction-case-bc773.web.app
apwg_sample_4190/2023-02/2023-02-26/2023-02-26-21257.png,Instagram,,0,tagBox1,0.80207574,businessformetacenter.com
apwg_sample_4190/2022-12/2022-12-14/2022-12-14-34902.png,Facebook,,0,tagBox1,0.733829,yosta.j8jmkcp4ct-pxr4kdk826gn.p.temp-site.link
apwg_sample_4190/2022-12/2022-12-25/2022-12-25-61440.png,Meta,,0,tagBox1,0.733829,pagerecovery17871n7418960restricted.co.vu
apwg_sample_4190/2022-12/2022-12-20/2022-12-20-351588.png,Sacombank,,0,tagBox1,0.8112812,service.wcrtkg.com
apwg_sample_4190/2022-12/2022-12-14/2022-12-14-48335.png,DHL,DHL Airways,1,tagBox1,0.9593426,conversesystems.com
apwg_sample_4190/2023-01/2023-01-25/2023-01-25-258432.png,eBay,eBay,1,tagBox1,0.971931,ebay.account-sell.shop
apwg_sample_4190/2022-12/2022-12-14/2022-12-14-32277.png,Microsoft Bing,,0,tagBox1,0.61921436,edm.cba.support.service-team.com.au.alhijrahplus.com
apwg_sample_4190/2022-12/2022-12-14/2022-12-14-36925.png,Microsoft Bing,,0,tagBox1,0.7084798,adirferreira.com.br
apwg_sample_4190/2022-12/2022-12-14/2022-12-14-47426.png,DHL,DHL Airways,1,tagBox1,0.9593426,delivery.misterwebhub.com
apwg_sample_4190/2022-12/2022-12-13/2022-12-13-265424.png,Microsoft Bing,,0,tagBox1,0.69729626,adirferreira.com.br
apwg_sample_4190/2022-12/2022-12-13/2022-12-13-257117.png,Microsoft Bing,,0,tagBox1,0.77356225,vodafone-zahlungen.info
apwg_sample_4190/2022-12/2022-12-13/2022-12-13-256107.png,Microsoft Bing,,0,tagBox1,0.77356225,www.vodafone-zahlungen.info
apwg_sample_4190/2022-12/2022-12-30/2022-12-30-66222.png,Nordea,,0,tagBox1,0.6538844,doc.privat.info.dan.34-244-187-199.cprapid.com
apwg_sample_4190/2022-12/2022-12-15/2022-12-15-68746.png,DHL,DHL Airways,1,tagBox1,0.9593426,conversesystems.com
apwg_sample_4190/2023-01/2023-01-02/2023-01-02-75171.png,Provider,,0,tagBox1,0.809824,adclmm282.click
apwg_sample_4190/2023-01/2023-01-21/2023-01-21-221686.png,DHL,DHL Airways,1,tagBox1,0.9593426,guamuchilonline.com
apwg_sample_4190/2022-12/2022-12-30/2022-12-30-66078.png,DHL,DHL Airways,1,tagBox1,0.9593426,delivery.buyvenoms.com
apwg_sample_4190/2022-12/2022-12-31/2022-12-31-52341.png,Provider,,0,tagBox1,0.69995487,vaytien7s.site
apwg_sample_4190/2022-12/2022-12-31/2022-12-31-49755.png,Microsoft Bing,,0,tagBox1,0.7183807,writingsbpm.de
apwg_sample_4190/2022-12/2022-12-31/2022-12-31-51018.png,Microsoft Bing,,0,tagBox1,0.6134706,writingsbpm.de
apwg_sample_4190/2022-12/2022-12-31/2022-12-31-51421.png,Facebook,,0,tagBox1,0.7278296,app-bradtke.2qfm7vwrxf-eqg355okm3xn.p.temp-site.link
apwg_sample_4190/2022-12/2022-12-25/2022-12-25-57430.png,Facebook,Facebook,1,tagBox1,0.86593205,dfgdfgdfgfdgfdgfdgdfgdfgfg5534534.blogspot.co.ke
apwg_sample_4190/2022-12/2022-12-25/2022-12-25-62178.png,Microsoft Bing,,0,tagBox1,0.65812504,icscards.online-identificatie.flatfee4me.ca
apwg_sample_4190/2022-12/2022-12-24/2022-12-24-172083.png,International Card Services,,0,tagBox1,0.7835382,icscards.online-identificatie.motoseller.com
apwg_sample_4190/2022-12/2022-12-25/2022-12-25-57696.png,DHL,DHL Airways,1,tagBox1,0.9593426,delivery.cassandraboutique.com
apwg_sample_4190/2022-12/2022-12-25/2022-12-25-62696.png,Microsoft Bing,Microsoft,1,tagBox1,0.845258,lineti.com.br
apwg_sample_4190/2022-12/2022-12-26/2022-12-26-211805.png,Microsoft Bing,Microsoft,1,tagBox1,0.845258,icscards.online-identificatie.motoseller.com
apwg_sample_4190/2022-12/2022-12-24/2022-12-24-168723.png,International Card Services,,0,tagBox0,0,lineti.com.br
apwg_sample_4190/2022-12/2022-12-25/2022-12-25-55580.png,International Card Services,Microsoft,1,tagBox1,0.845258,icscards.online-identificatie.flatfee4me.ca
apwg_sample_4190/2022-12/2022-12-24/2022-12-24-168581.png,Microsoft Bing,,0,tagBox1,0.6918486,adirferreira.com.br
apwg_sample_4190/2022-12/2022-12-25/2022-12-25-57399.png,Nordea,,0,tagBox1,0.83109564,47.94.91.242
apwg_sample_4190/2022-12/2022-12-25/2022-12-25-57214.png,DHL,DHL Airways,1,tagBox1,0.9651976,shpm.spbikerentbkn.com
apwg_sample_4190/2022-12/2022-12-26/2022-12-26-210615.png,DHL,DHL Airways,1,tagBox1,0.9593426,delivery.cassandraboutique.com
apwg_sample_4190/2023-02/2023-02-03/2023-02-03-51071.png,Facebook,Facebook,1,tagBox1,0.8955585,40532140stndracn.duckdns.org
apwg_sample_4190/2023-02/2023-02-16/2023-02-16-83430.png,Facebook,Facebook,1,tagBox1,0.86884606,twitter.ease-zh.workers.dev
apwg_sample_4190/2023-06/2023-06-16/2023-06-16-133529.png,Namecheap,,0,tagBox1,0.8118298,chashee.com
apwg_sample_4190/2023-02/2023-02-25/2023-02-25-6917.png,Facebook,Facebook,1,tagBox1,0.88715607,resticacount101.duckdns.org
apwg_sample_4190/2023-02/2023-02-18/2023-02-18-48943.png,Meta,,0,tagBox1,0.5758009,www.200841226661.20331064515.my.id
apwg_sample_4190/2023-06/2023-06-21/2023-06-21-1635.png,Namecheap,,0,tagBox1,0.70536184,ww38.best-targeted-traffic.com
apwg_sample_4190/2023-06/2023-06-01/2023-06-01-77973.png,Outlook,Microsoft,1,tagBox1,0.8914538,ipfs.io
apwg_sample_4190/2022-12/2022-12-15/2022-12-15-81311.png,Xfinity,,0,tagBox1,0.77359354,msthon.gq
apwg_sample_4190/2023-01/2023-01-13/2023-01-13-80500.png,AT&T,AT&T,1,tagBox1,0.96384037,att-108supportzone.weeblysite.com
apwg_sample_4190/2022-12/2022-12-12/2022-12-12-228525.png,DHL,DHL Airways,1,tagBox1,0.9593426,businessprof.cz
apwg_sample_4190/2022-12/2022-12-10/2022-12-10-362666.png,Booking,,0,tagBox1,0.789765,hotel.ebooking.com
apwg_sample_4190/2022-12/2022-12-10/2022-12-10-361830.png,Microsoft Bing,,0,tagBox1,0.8187993,www.my-netbank.commbank.application.com.au.pank.com.br
apwg_sample_4190/2022-12/2022-12-11/2022-12-11-97057.png,Provider,,0,tagBox0,0,sitefpt.com
apwg_sample_4190/2022-12/2022-12-10/2022-12-10-360824.png,DHL,DHL Airways,1,tagBox1,0.9593426,delivery.imaginedbyjess.co
apwg_sample_4190/2022-12/2022-12-11/2022-12-11-97757.png,Microsoft Bing,,0,tagBox1,0.7419349,www.tvalhijrah.com
apwg_sample_4190/2022-12/2022-12-12/2022-12-12-224865.png,Microsoft Bing,,0,tagBox0,0,sarkasse-at.com
apwg_sample_4190/2022-12/2022-12-11/2022-12-11-94694.png,Meta,Facebook,1,tagBox1,0.8642202,wepoa231233.ga
apwg_sample_4190/2022-12/2022-12-10/2022-12-10-363056.png,Booking,,0,tagBox1,0.8232621,hotels.flighthub.com
apwg_sample_4190/2023-01/2023-01-14/2023-01-14-122445.png,Provider,,0,tagBox1,0.7538208,vietnamonline55.com
apwg_sample_4190/2022-12/2022-12-08/2022-12-08-336626.png,Booking,,0,tagBox1,0.8232621,hotels.flighthub.com
apwg_sample_4190/2023-01/2023-01-30/2023-01-30-87710.png,WhatsApp,,0,tagBox1,0.67378724,www.wsdownloadd.com
apwg_sample_4190/2022-12/2022-12-11/2022-12-11-97229.png,Facebook,Facebook,1,tagBox1,0.9382507,supportteam88637646.co.vu
apwg_sample_4190/2022-12/2022-12-09/2022-12-09-351008.png,Facebook,Facebook,1,tagBox1,0.9121542,www.tinyurl.com
apwg_sample_4190/2022-12/2022-12-07/2022-12-07-162312.png,Booking,,0,tagBox1,0.8232621,hotels.flighthub.com
apwg_sample_4190/2022-12/2022-12-13/2022-12-13-267297.png,Sparkasse,,0,tagBox1,0.79258907,sparkase-id.com
apwg_sample_4190/2022-12/2022-12-23/2022-12-23-106065.png,Microsoft Bing,,0,tagBox1,0.7370446,adirferreira.com.br
apwg_sample_4190/2022-12/2022-12-23/2022-12-23-99703.png,Microsoft Bing,shoptet,1,tagBox1,0.83981395,lineti.com.br
apwg_sample_4190/2022-12/2022-12-23/2022-12-23-99516.png,DHL,DHL Airways,1,tagBox1,0.9593426,delivery.imaginedbyjess.co
apwg_sample_4190/2023-07/2023-07-10/2023-07-10-1375.png,Facebook,Enel Energia S.p.A,1,tagBox1,0.8794433,social-logins.com
apwg_sample_4190/2022-12/2022-12-20/2022-12-20-353933.png,AT&T,AT&T,1,tagBox1,0.9716511,oidc.idp.elogin.e-access.sbc-global.cc
apwg_sample_4190/2022-12/2022-12-22/2022-12-22-326739.png,International Card Services,,0,tagBox1,0.62677985,icscards.online-identificatie.flatfee4me.ca
apwg_sample_4190/2023-02/2023-02-23/2023-02-23-100491.png,Intesa Sanpaolo,,0,tagBox1,0.80193067,myblog-jv9v69pyj4.live-website.com
apwg_sample_4190/2022-12/2022-12-24/2022-12-24-173406.png,International Card Services,shoptet,1,tagBox1,0.83981395,lineti.com.br
apwg_sample_4190/2022-12/2022-12-28/2022-12-28-143990.png,DHL,DHL Airways,1,tagBox1,0.9593426,deliv.bdsellprice.com
apwg_sample_4190/2022-12/2022-12-22/2022-12-22-326626.png,International Card Services,,0,tagBox1,0.62677985,icscards.online-identificatie.flatfee4me.ca
apwg_sample_4190/2023-01/2023-01-05/2023-01-05-112051.png,DHL,DHL Airways,1,tagBox1,0.95918745,rebrand.ly
apwg_sample_4190/2022-12/2022-12-19/2022-12-19-305777.png,Microsoft Bing,,0,tagBox1,0.6237265,adirferreira.com.br
apwg_sample_4190/2022-12/2022-12-17/2022-12-17-218452.png,Microsoft Bing,Microsoft,1,tagBox1,0.84032893,kontorer-center-help-nordea.springsinternational.org
apwg_sample_4190/2022-12/2022-12-19/2022-12-19-305183.png,Facebook,Facebook,1,tagBox1,0.9410571,dsfgsghdfhgdfhdf.blogspot.ch
apwg_sample_4190/2022-12/2022-12-18/2022-12-18-120231.png,DHL,DHL Airways,1,tagBox1,0.9593426,www.olgon.net
apwg_sample_4190/2022-12/2022-12-18/2022-12-18-120334.png,International Card Services,,0,tagBox1,0.6495789,adirferreira.com.br
apwg_sample_4190/2022-12/2022-12-18/2022-12-18-118545.png,DHL,DHL Airways,1,tagBox1,0.9593426,olgon.net
apwg_sample_4190/2022-12/2022-12-17/2022-12-17-217224.png,Microsoft Bing,Microsoft,1,tagBox1,0.84032893,www.i-serzentrum.pro
apwg_sample_4190/2022-12/2022-12-01/2022-12-01-131600.png,Microsoft Bing,,0,tagBox1,0.7633878,www.abnamro.nl.mijn-abnamro.aanvragen-online.flsolution1.com
apwg_sample_4190/2022-12/2022-12-01/2022-12-01-126636.png,Microsoft Bing,,0,tagBox1,0.7633878,www.my-netbank.commbank.application.com.au.focusoverseas.org
apwg_sample_4190/2022-12/2022-12-01/2022-12-01-131255.png,Microsoft Bing,,0,tagBox1,0.7633878,my-netbank.commbank.application.com.au.pank.com.br
apwg_sample_4190/2022-12/2022-12-01/2022-12-01-130773.png,CenturyLink,CenturyLink,1,tagBox1,0.95596194,coloursofeurope.cn
apwg_sample_4190/2022-12/2022-12-02/2022-12-02-293624.png,WhatsApp,WhatsApp,1,tagBox1,0.8315123,whatsappm.biz
apwg_sample_4190/2022-12/2022-12-28/2022-12-28-142232.png,Microsoft Bing,,0,tagBox0,0,my-netbank.commbank-australia.com.au.tehnicasitehnologie.ro
apwg_sample_4190/2022-12/2022-12-28/2022-12-28-140968.png,Microsoft Bing,,0,tagBox1,0.7734834,my-netbank.commbank-australia.com.au.tehnicasitehnologie.ro
apwg_sample_4190/2022-12/2022-12-27/2022-12-27-190319.png,Microsoft Bing,,0,tagBox0,0,icscards.online-identificatie.motoseller.com
apwg_sample_4190/2022-12/2022-12-28/2022-12-28-142450.png,Microsoft Bing,,0,tagBox1,0.67190427,adirferreira.com.br
apwg_sample_4190/2022-12/2022-12-27/2022-12-27-177745.png,Microsoft Bing,shoptet,1,tagBox1,0.8440717,my-netbank.commbank-australia.com.au.jademy.com
apwg_sample_4190/2022-12/2022-12-26/2022-12-26-210060.png,Meta,,0,tagBox0,0,page19583recovery215k042restricted.co.vu
apwg_sample_4190/2022-12/2022-12-28/2022-12-28-141246.png,Microsoft Bing,shoptet,1,tagBox1,0.8440717,icscards.online-identificatie.motoseller.com
apwg_sample_4190/2022-12/2022-12-03/2022-12-03-280319.png,ING Group,ING,1,tagBox1,0.8462105,swordgames.website
apwg_sample_4190/2022-12/2022-12-05/2022-12-05-152626.png,DHL,DHL Airways,1,tagBox1,0.9593426,webpageconsulting.net
apwg_sample_4190/2022-12/2022-12-05/2022-12-05-152457.png,DHL,DHL Airways,1,tagBox1,0.9593426,delivery.imaginedbyjess.co
apwg_sample_4190/2022-12/2022-12-06/2022-12-06-242548.png,DHL,DHL Airways,1,tagBox1,0.9593426,hakirasilimali.or.tz
apwg_sample_4190/2022-12/2022-12-05/2022-12-05-146532.png,Provider,,0,tagBox1,0.7633475,lz002.com
apwg_sample_4190/2022-12/2022-12-05/2022-12-05-154691.png,Booking,,0,tagBox1,0.8232621,hotels.flighthub.com
apwg_sample_4190/2022-12/2022-12-06/2022-12-06-248252.png,Booking,,0,tagBox1,0.8232621,hotels.flighthub.com
apwg_sample_4190/2022-12/2022-12-05/2022-12-05-148150.png,Booking,,0,tagBox1,0.8232621,hotels.flighthub.com
apwg_sample_4190/2022-12/2022-12-09/2022-12-09-342442.png,Facebook,Facebook,1,tagBox1,0.9121542,www.tinyurl.com
apwg_sample_4190/2022-12/2022-12-07/2022-12-07-161972.png,Microsoft Bing,,0,tagBox1,0.76317716,cba-australia.support
apwg_sample_4190/2022-12/2022-12-07/2022-12-07-160144.png,FedEx Corporation,,0,tagBox0,0,storageapi.fleek.co
apwg_sample_4190/2022-12/2022-12-07/2022-12-07-165026.png,DHL,DHL Airways,1,tagBox1,0.9593426,www.olgon.net
apwg_sample_4190/2022-12/2022-12-07/2022-12-07-158486.png,DHL,DHL Airways,1,tagBox1,0.9593426,webpageconsulting.net
apwg_sample_4190/2022-12/2022-12-06/2022-12-06-243901.png,Microsoft Bing,mbank,1,tagBox1,0.8412826,www.my-netbank.commbank.application.com.au.pank.com.br
apwg_sample_4190/2022-12/2022-12-07/2022-12-07-158904.png,Microsoft Bing,,0,tagBox1,0.7675871,terramarbrands.com
apwg_sample_4190/2022-12/2022-12-07/2022-12-07-163668.png,Microsoft Bing,,0,tagBox1,0.76317716,terramarbrands.com
apwg_sample_4190/2022-12/2022-12-07/2022-12-07-158386.png,DHL,DHL Airways,1,tagBox1,0.9593426,delivery.imaginedbyjess.co
apwg_sample_4190/2022-12/2022-12-08/2022-12-08-331762.png,PayPal,,0,tagBox0,0,ppverify03.com
apwg_sample_4190/2022-12/2022-12-06/2022-12-06-247277.png,Microsoft Bing,mbank,1,tagBox1,0.8412826,web9275.web07.bero-webspace.de
apwg_sample_4190/2022-12/2022-12-06/2022-12-06-240893.png,Microsoft Bing,mbank,1,tagBox1,0.8412826,www.my-netbank.commbank.application.com.au.pank.com.br
apwg_sample_4190/2022-12/2022-12-24/2022-12-24-176528.png,DHL,DHL Airways,1,tagBox1,0.9651976,shpm.spbikerentbkn.com
apwg_sample_4190/2022-12/2022-12-24/2022-12-24-174150.png,Microsoft Bing,,0,tagBox1,0.6983031,adirferreira.com.br
apwg_sample_4190/2022-12/2022-12-24/2022-12-24-170034.png,International Card Services,,0,tagBox1,0.7835382,icscards.online-identificatie.flatfee4me.ca
apwg_sample_4190/2023-01/2023-01-20/2023-01-20-156369.png,YouHodler,,0,tagBox1,0.8001764,trade-kanga-axche.net
apwg_sample_4190/2023-06/2023-06-28/2023-06-28-33442.png,Meta,,0,tagBox1,0.7092016,login-information4326560.click
apwg_sample_4190/2023-02/2023-02-27/2023-02-27-22855.png,Meta,,0,tagBox1,0.73444724,tinyurl.com
apwg_sample_4190/2023-01/2023-01-19/2023-01-19-127744.png,Facebook,,0,tagBox1,0.76254797,iduyf9sduf.blogspot.com
apwg_sample_4190/2022-12/2022-12-27/2022-12-27-177823.png,DHL,DHL Airways,1,tagBox1,0.9593426,delivery.imaginedbyjess.co
apwg_sample_4190/2022-12/2022-12-27/2022-12-27-185169.png,Microsoft Bing,shoptet,1,tagBox1,0.8440717,icscards.online-identificatie.motoseller.com
apwg_sample_4190/2022-12/2022-12-26/2022-12-26-208492.png,International Card Services,,0,tagBox1,0.6719643,adirferreira.com.br
apwg_sample_4190/2022-12/2022-12-27/2022-12-27-181197.png,DHL,DHL Airways,1,tagBox1,0.9593426,delivery.bdsellprice.com
apwg_sample_4190/2022-12/2022-12-27/2022-12-27-179687.png,Meta,,0,tagBox0,0,business159054fi42restrictedrecovery.co.vu
apwg_sample_4190/2022-12/2022-12-27/2022-12-27-185999.png,International Card Services,,0,tagBox1,0.6719643,icscards.online-identificatie.flatfee4me.ca
apwg_sample_4190/2022-12/2022-12-27/2022-12-27-184288.png,Provider,,0,tagBox0,0,2fewlink.com
apwg_sample_4190/2022-12/2022-12-26/2022-12-26-208832.png,International Card Services,,0,tagBox0,0,adirferreira.com.br
apwg_sample_4190/2022-12/2022-12-21/2022-12-21-200161.png,Microsoft Bing,,0,tagBox1,0.7908607,adirferreira.com.br
apwg_sample_4190/2022-12/2022-12-21/2022-12-21-201520.png,Microsoft Bing,Banco de Chile,1,tagBox1,0.83918357,icscards.online-identificatie.flatfee4me.ca
apwg_sample_4190/2023-06/2023-06-02/2023-06-02-24807.png,Facebook,,0,tagBox1,0.63580066,feceboolk.blogspot.be
apwg_sample_4190/2022-12/2022-12-22/2022-12-22-322203.png,DHL,DHL Airways,1,tagBox1,0.9593426,delivery.imaginedbyjess.co
apwg_sample_4190/2023-07/2023-07-31/2023-07-31-16466.png,Namecheap,,0,tagBox1,0.81115556,000cfrlmlhfvhidiuwg1g06w6aat9yz2.naturebeard.com
apwg_sample_4190/2022-12/2022-12-26/2022-12-26-209922.png,Wildberries,,0,tagBox1,0.7794175,swn2ut.cyou
apwg_sample_4190/2022-12/2022-12-26/2022-12-26-207395.png,International Card Services,,0,tagBox1,0.6719643,icscards.online-identificatie.flatfee4me.ca
apwg_sample_4190/2023-06/2023-06-18/2023-06-18-187996.png,Facebook,Facebook,1,tagBox1,0.95121634,academy-kit-multi-douglas.trycloudflare.com
apwg_sample_4190/2023-01/2023-01-27/2023-01-27-271743.png,Capital One,Capital One Financial Corporation,1,tagBox1,0.9689497,webtrack.transcaribe.com
apwg_sample_4190/2022-12/2022-12-08/2022-12-08-334477.png,Orange,,0,tagBox1,0.7273225,portail-orange00.ddns.net
apwg_sample_4190/2022-12/2022-12-12/2022-12-12-226046.png,Microsoft Bing,Microsoft,1,tagBox1,0.83463985,my-netbank.commbank.application.com.au.pank.com.br
apwg_sample_4190/2023-05/2023-05-06/2023-05-06-7305.png,Facebook,,0,tagBox1,0.7127452,ucpubgx.biz.id
apwg_sample_4190/2023-05/2023-05-16/2023-05-16-67041.png,Chase Bank,,0,tagBox1,0.43490943,secure05c-verify.chaseeee.com
apwg_sample_4190/2023-01/2023-01-19/2023-01-19-127197.png,Facebook,,0,tagBox1,0.7333379,page254securitykeybusiness542100setting.co.vu
apwg_sample_4190/2022-12/2022-12-06/2022-12-06-239433.png,Microsoft Bing,,0,tagBox0,0,commbank-help.info
apwg_sample_4190/2022-12/2022-12-13/2022-12-13-256364.png,National Australia Bank,National Australia Bank Limited,1,tagBox1,0.93288565,nab-verify-id617.com
apwg_sample_4190/2022-12/2022-12-13/2022-12-13-258161.png,Microsoft Bing,,0,tagBox0,0,sparkase-id1.com
apwg_sample_4190/2022-12/2022-12-13/2022-12-13-253512.png,Microsoft Bing,,0,tagBox1,0.704564,adirferreira.com.br
apwg_sample_4190/2022-12/2022-12-13/2022-12-13-255108.png,National Australia Bank,National Australia Bank Limited,1,tagBox1,0.93288565,nab-verify-id617.com
apwg_sample_4190/2022-12/2022-12-13/2022-12-13-263048.png,Microsoft Bing,,0,tagBox1,0.77356225,vodafone-zahlungen.info
apwg_sample_4190/2022-12/2022-12-13/2022-12-13-267892.png,Microsoft Bing,,0,tagBox1,0.70674396,adirferreira.com.br
apwg_sample_4190/2023-02/2023-02-17/2023-02-17-43152.png,Facebook,Facebook,1,tagBox1,0.9265863,reviews-page-57d26.firebaseapp.com
apwg_sample_4190/2023-07/2023-07-09/2023-07-09-48422.png,Facebook,Facebook,1,tagBox1,0.9366355,social-logins.com
apwg_sample_4190/2023-06/2023-06-01/2023-06-01-84840.png,E-devlet,,0,tagBox1,0.72693294,blibberknots.net
apwg_sample_4190/2022-12/2022-12-04/2022-12-04-278344.png,Booking,Standard Chartered Bank,1,tagBox1,0.837523,hotel.ebooking.com
apwg_sample_4190/2022-12/2022-12-03/2022-12-03-281552.png,Microsoft Bing,,0,tagBox1,0.6114173,pos-b.info
apwg_sample_4190/2022-12/2022-12-03/2022-12-03-285351.png,DHL,DHL Airways,1,tagBox1,0.9593426,delivery.attempt.intexlinkbd.net
apwg_sample_4190/2022-12/2022-12-03/2022-12-03-279615.png,Provider,,0,tagBox0,0,ht.cloudbeds.ltd
apwg_sample_4190/2022-12/2022-12-03/2022-12-03-284626.png,Microsoft Bing,Microsoft,1,tagBox1,0.8626151,web9236.web07.bero-webspace.de
apwg_sample_4190/2022-12/2022-12-02/2022-12-02-297433.png,Microsoft Bing,,0,tagBox1,0.6250485,admin.siayu.indramayukab.go.id
apwg_sample_4190/2023-01/2023-01-14/2023-01-14-123432.png,Provider,,0,tagBox0,0,ebuyqq1.top
apwg_sample_4190/2022-12/2022-12-02/2022-12-02-287066.png,DHL,DHL Airways,1,tagBox1,0.9593426,hakirasilimali.or.tz
apwg_sample_4190/2023-02/2023-02-07/2023-02-07-79864.png,WhatsApp,WhatsApp,1,tagBox1,0.8318516,whtascp.top
apwg_sample_4190/2022-12/2022-12-19/2022-12-19-298079.png,Microsoft Bing,,0,tagBox1,0.75507224,adirferreira.com.br
apwg_sample_4190/2022-12/2022-12-19/2022-12-19-313823.png,Facebook,Facebook,1,tagBox1,0.9410571,dfgfdghfdhgfhjfg.blogspot.sn
apwg_sample_4190/2022-12/2022-12-20/2022-12-20-356081.png,DHL,DHL Airways,1,tagBox1,0.9593426,olgon.net
apwg_sample_4190/2022-12/2022-12-19/2022-12-19-314661.png,Microsoft Bing,,0,tagBox1,0.63344,adirferreira.com.br
apwg_sample_4190/2022-12/2022-12-19/2022-12-19-312512.png,International Card Services,,0,tagBox1,0.63344,adirferreira.com.br
apwg_sample_4190/2023-01/2023-01-16/2023-01-16-182077.png,Facebook,Facebook,1,tagBox1,0.9444392,meta-case-id8759235.meta-appeals.com
apwg_sample_4190/2022-12/2022-12-22/2022-12-22-319027.png,DHL,DHL Airways,1,tagBox1,0.9593426,olgon.net
apwg_sample_4190/2023-06/2023-06-18/2023-06-18-188308.png,Meta,,0,tagBox1,0.72781503,recaptcha-1239842375091.firebaseapp.com
apwg_sample_4190/2022-12/2022-12-08/2022-12-08-336729.png,Navy Federal Credit Union,Navy Federal Credit Union,1,tagBox1,0.94028044,www.123taxi.be
apwg_sample_4190/2022-12/2022-12-08/2022-12-08-334485.png,Microsoft Bing,Microsoft,1,tagBox1,0.8332028,authenticatie.ri13hzt2p0g8.me
apwg_sample_4190/2022-12/2022-12-08/2022-12-08-335078.png,DHL,DHL Airways,1,tagBox1,0.9593426,www.olgon.net
apwg_sample_4190/2022-12/2022-12-09/2022-12-09-347664.png,DHL,DHL Airways,1,tagBox1,0.9593426,delivery.imaginedbyjess.co
apwg_sample_4190/2023-01/2023-01-02/2023-01-02-75720.png,Facebook,Facebook,1,tagBox1,0.9217752,germaeuer12.co.vu
apwg_sample_4190/2023-01/2023-01-18/2023-01-18-139239.png,Microsoft,Microsoft,1,tagBox1,0.8779373,pixxehc-wmj-7.ml
apwg_sample_4190/2022-12/2022-12-10/2022-12-10-360899.png,Microsoft Bing,,0,tagBox1,0.8187993,www.my-netbank.commbank.application.com.au.pank.com.br
apwg_sample_4190/2022-12/2022-12-10/2022-12-10-363635.png,Microsoft Bing,,0,tagBox0,0,cba-helpcentre.info
apwg_sample_4190/2023-01/2023-01-30/2023-01-30-91160.png,Wells Fargo Bank,,0,tagBox0,0,bgitopazdowntown.ddireal.vn
apwg_sample_4190/2023-05/2023-05-15/2023-05-15-124108.png,eBay,eBay,1,tagBox1,0.916975,automagnus.net
apwg_sample_4190/2023-01/2023-01-09/2023-01-09-133992.png,eBay,eBay,1,tagBox1,0.96819806,controlbilisim.com.tr
apwg_sample_4190/2023-01/2023-01-26/2023-01-26-4260.png,Microsoft Bing,,0,tagBox1,0.6385287,web9763.web07.bero-webspace.de
apwg_sample_4190/2023-01/2023-01-20/2023-01-20-165702.png,Microsoft,Microsoft,1,tagBox1,0.8558549,61f2048e9b0e-shared.lowcodeunit.com
apwg_sample_4190/2023-07/2023-07-03/2023-07-03-114319.png,Microsoft,Citrix ShareFile,1,tagBox1,0.88581413,crm2.tencent.co.th
apwg_sample_4190/2023-01/2023-01-12/2023-01-12-169750.png,Facebook,Facebook,1,tagBox1,0.9661823,caseid10051341651511536.web.app
apwg_sample_4190/2023-03/2023-03-14/2023-03-14-12669.png,WhatsApp,,0,tagBox1,0.864408,vo.la
apwg_sample_4190/2023-05/2023-05-19/2023-05-19-12021.png,DHL,DHL Airways,1,tagBox1,0.9619804,v.ht
apwg_sample_4190/2023-02/2023-02-03/2023-02-03-63032.png,Microsoft,Microsoft,1,tagBox1,0.92452085,www.sectionsystems.com
apwg_sample_4190/2023-01/2023-01-18/2023-01-18-140795.png,OneDrive,Microsoft,1,tagBox1,0.87825847,gtb5v-oqaaa-aaaad-qewua-cai.raw.ic0.app
apwg_sample_4190/2023-01/2023-01-17/2023-01-17-237513.png,AT&T,,0,tagBox1,0.72389305,customerservice646.godaddysites.com
apwg_sample_4190/2023-01/2023-01-08/2023-01-08-9404.png,DHL,DHL Airways,1,tagBox1,0.9593426,delivery.buyvenoms.com
apwg_sample_4190/2023-01/2023-01-29/2023-01-29-152265.png,DHL,DHL Airways,1,tagBox1,0.9593426,helpdesk.randevupanzio.ro
apwg_sample_4190/2023-01/2023-01-06/2023-01-06-18784.png,Apple,,0,tagBox1,0.7576256,apple-itls-support-online.com
apwg_sample_4190/2023-01/2023-01-17/2023-01-17-234066.png,StormGain,,0,tagBox1,0.6613786,wvvw-stormgain-4pp.com
apwg_sample_4190/2023-04/2023-04-21/2023-04-21-59864.png,Facebook,Facebook,1,tagBox1,0.8486974,upterionpost.ombaclink.eu.org
apwg_sample_4190/2023-01/2023-01-09/2023-01-09-135862.png,StormGain,,0,tagBox1,0.6613786,app-stormgain-login.com
apwg_sample_4190/2023-05/2023-05-28/2023-05-28-113001.png,Facebook,Facebook,1,tagBox1,0.9190276,tyasdghzftysfdcghsftgdfgcv.blogspot.al
apwg_sample_4190/2023-01/2023-01-11/2023-01-11-16612.png,Microsoft Bing,,0,tagBox1,0.6519288,cba-login-au.com
apwg_sample_4190/2023-01/2023-01-11/2023-01-11-12870.png,DHL,DHL Airways,1,tagBox1,0.9593426,track.dhl.delivered-f993765102uwx.mysolarchoice.org
apwg_sample_4190/2023-01/2023-01-12/2023-01-12-175087.png,DHL,DHL Airways,1,tagBox1,0.9593426,delivery.buyvenoms.com
apwg_sample_4190/2023-01/2023-01-11/2023-01-11-16920.png,Hey Dude Shoes,,0,tagBox1,0.78614694,heydudekengät.com
apwg_sample_4190/2023-03/2023-03-07/2023-03-07-17820.png,Wells Fargo Bank,Wells Fargo & Company,1,tagBox1,0.9160599,stylesourcingbd.com
apwg_sample_4190/2023-01/2023-01-11/2023-01-11-13764.png,Microsoft Bing,,0,tagBox1,0.6519288,spk-george-privatkunden.web9505.web07.bero-webspace.de
apwg_sample_4190/2023-01/2023-01-10/2023-01-10-100558.png,Microsoft Bing,Microsoft,1,tagBox1,0.8340275,cba.au-secure-login.com
apwg_sample_4190/2023-01/2023-01-13/2023-01-13-77611.png,Emirates Islamic Bank,,0,tagBox1,0.797385,hostjett.com
apwg_sample_4190/2023-04/2023-04-03/2023-04-03-81036.png,Facebook,,0,tagBox1,0.7910331,item-market67478.byethost4.com
apwg_sample_4190/2023-01/2023-01-06/2023-01-06-23906.png,DHL,DHL Airways,1,tagBox1,0.9593426,www.olgon.net
apwg_sample_4190/2023-01/2023-01-06/2023-01-06-21150.png,DHL,DHL Airways,1,tagBox1,0.919119,paktech24.com
apwg_sample_4190/2023-02/2023-02-25/2023-02-25-6899.png,Facebook,Facebook,1,tagBox1,0.945477,meta-form-978225.com
apwg_sample_4190/2023-05/2023-05-18/2023-05-18-5158.png,WhatsApp,WhatsApp,1,tagBox1,0.8605877,arturovergara.com
apwg_sample_4190/2023-01/2023-01-05/2023-01-05-112557.png,Microsoft Bing,,0,tagBox1,0.76540273,writingsbpm.de
apwg_sample_4190/2023-02/2023-02-10/2023-02-10-138275.png,WhatsApp,,0,tagBox1,0.811965,whmfoe.xyz
apwg_sample_4190/2023-01/2023-01-21/2023-01-21-217688.png,Facebook,Facebook,1,tagBox1,0.86593205,fsdghdfghdfghdfghfdghdfghjgdfh.blogspot.com
apwg_sample_4190/2023-01/2023-01-21/2023-01-21-222691.png,Facebook,Facebook,1,tagBox1,0.86593205,fvcedwsfvcwsdf.blogspot.li
apwg_sample_4190/2023-01/2023-01-23/2023-01-23-49236.png,DHL,DHL Airways,1,tagBox1,0.919119,moncar.com.mx
apwg_sample_4190/2023-02/2023-02-01/2023-02-01-127502.png,Facebook,Magalu,1,tagBox1,0.88949656,fb-markettplace-itm-652622259182098949972169.almsoares.com
apwg_sample_4190/2023-02/2023-02-14/2023-02-14-37147.png,Facebook,Facebook,1,tagBox1,0.9508722,stem-pursuit-foul-thanksgiving.trycloudflare.com
apwg_sample_4190/2023-01/2023-01-23/2023-01-23-39872.png,Instagram,Instagram,1,tagBox1,0.96568155,mages-picture.my.id
apwg_sample_4190/2023-01/2023-01-23/2023-01-23-44263.png,Microsoft Bing,,0,tagBox1,0.7712836,informazioni23-digitale01filiale23.shimueps.com
apwg_sample_4190/2023-01/2023-01-23/2023-01-23-45567.png,Facebook,,0,tagBox0,0,2.hpyub.social
apwg_sample_4190/2023-05/2023-05-23/2023-05-23-27227.png,Microsoft,Microsoft,1,tagBox1,0.8680079,southeasternnco.com
apwg_sample_4190/2023-01/2023-01-03/2023-01-03-54447.png,Wells Fargo Bank,Wells Fargo & Company,1,tagBox1,0.9154013,ipfs.io
apwg_sample_4190/2023-01/2023-01-03/2023-01-03-57051.png,Wells Fargo Bank,Wells Fargo & Company,1,tagBox1,0.9154013,ipfs.io
apwg_sample_4190/2023-01/2023-01-01/2023-01-01-119269.png,Wells Fargo Bank,Wells Fargo & Company,1,tagBox1,0.912917,ipfs.io
apwg_sample_4190/2023-01/2023-01-03/2023-01-03-60313.png,DHL,DHL Airways,1,tagBox1,0.9664191,www.spectrumpharmatech.com
apwg_sample_4190/2023-01/2023-01-03/2023-01-03-63179.png,Microsoft Bing,,0,tagBox0,0,writingsbpm.de
apwg_sample_4190/2023-01/2023-01-02/2023-01-02-73778.png,Microsoft Bing,,0,tagBox1,0.79723907,geschiedenis-inzien.com
apwg_sample_4190/2023-01/2023-01-01/2023-01-01-121216.png,Wells Fargo Bank,Wells Fargo & Company,1,tagBox1,0.912917,ipfs.io
apwg_sample_4190/2023-01/2023-01-03/2023-01-03-57222.png,DHL,DHL Airways,1,tagBox1,0.9593426,delivery.imaginedbyjess.co
apwg_sample_4190/2023-07/2023-07-16/2023-07-16-93493.png,Meta,,0,tagBox1,0.7092016,need-to-you43269896.click
apwg_sample_4190/2023-01/2023-01-25/2023-01-25-258516.png,Microsoft Bing,,0,tagBox1,0.7628422,nifty-margulis.45-88-108-231.plesk.page
apwg_sample_4190/2023-03/2023-03-09/2023-03-09-4511.png,Microsoft,,0,tagBox0,0,www.onlineservicetech.website
apwg_sample_4190/2023-04/2023-04-27/2023-04-27-74542.png,Credit Agricole,Credit Agricole S.A,1,tagBox1,0.9029773,silly-hermann.136-144-141-188.plesk.page
apwg_sample_4190/2023-01/2023-01-27/2023-01-27-280070.png,DHL,DHL Airways,1,tagBox1,0.9593426,packag.track-servic.karpati.wdsite.hu
apwg_sample_4190/2023-01/2023-01-02/2023-01-02-73981.png,DHL,DHL Airways,1,tagBox1,0.9593426,delivery.buyvenoms.com
apwg_sample_4190/2023-01/2023-01-02/2023-01-02-74629.png,Microsoft Bing,,0,tagBox1,0.79723907,profiel-geschiedenis-bekijken.com
apwg_sample_4190/2023-01/2023-01-02/2023-01-02-75146.png,Microsoft Bing,,0,tagBox1,0.79723907,geschiedenis-inzien.com
apwg_sample_4190/2023-07/2023-07-20/2023-07-20-101407.png,Meta,,0,tagBox0,0,www.yyoursupportt-helpp88.duckdns.org
apwg_sample_4190/2023-01/2023-01-13/2023-01-13-77734.png,Microsoft,Citrix ShareFile,1,tagBox1,0.8946687,longfighter.com
apwg_sample_4190/2023-01/2023-01-13/2023-01-13-81603.png,Microsoft Bing,,0,tagBox0,0,account-security-au.com
apwg_sample_4190/2023-01/2023-01-14/2023-01-14-122600.png,DHL,DHL Airways,1,tagBox1,0.9593426,tylerallix.com
apwg_sample_4190/2023-01/2023-01-13/2023-01-13-80534.png,Microsoft Bing,,0,tagBox1,0.6045522,internetbanking-intesasanpaolobank.authorizeddns.net
apwg_sample_4190/2023-01/2023-01-14/2023-01-14-121269.png,Apple,Apple,1,tagBox1,0.83651316,applecbvx.top
apwg_sample_4190/2023-01/2023-01-13/2023-01-13-81749.png,Chase Bank,,0,tagBox1,0.8043081,cheesebanqoo.xyz
apwg_sample_4190/2023-01/2023-01-16/2023-01-16-189665.png,DHL,,0,tagBox1,0.7315192,luanafiorelli.blogspot.com
apwg_sample_4190/2023-01/2023-01-19/2023-01-19-131090.png,DHL,,0,tagBox1,0.7315192,luanafiorelli.blogspot.com
apwg_sample_4190/2023-02/2023-02-02/2023-02-02-98605.png,Facebook,,0,tagBox0,0,webmail.tarfit.com
apwg_sample_4190/2023-02/2023-02-03/2023-02-03-59265.png,DHL,DHL Airways,1,tagBox1,0.9593426,guamuchilonline.com
apwg_sample_4190/2023-01/2023-01-30/2023-01-30-88212.png,International Card Services,,0,tagBox1,0.81537557,netwerkstatistiek.info
apwg_sample_4190/2023-01/2023-01-30/2023-01-30-91283.png,Microsoft Bing,,0,tagBox1,0.81537557,nifty-margulis.45-88-108-231.plesk.page
apwg_sample_4190/2023-01/2023-01-19/2023-01-19-126502.png,Meta,,0,tagBox0,0,www.20031684141.my.id
apwg_sample_4190/2023-01/2023-01-30/2023-01-30-88338.png,DHL,DHL Airways,1,tagBox1,0.9593426,helpdesk.randevupanzio.ro
apwg_sample_4190/2023-01/2023-01-30/2023-01-30-95779.png,International Card Services,,0,tagBox1,0.81537557,www.netwerkstatistiek.info
apwg_sample_4190/2023-01/2023-01-30/2023-01-30-92941.png,Microsoft Bing,,0,tagBox1,0.78494656,web9763.web07.bero-webspace.de
apwg_sample_4190/2023-01/2023-01-29/2023-01-29-148501.png,International Card Services,,0,tagBox1,0.78494656,netwerkstatistiek.info
apwg_sample_4190/2023-01/2023-01-31/2023-01-31-204500.png,DHL,DHL Airways,1,tagBox1,0.9593426,idealo360.com
apwg_sample_4190/2023-02/2023-02-08/2023-02-08-13214.png,Provider,,0,tagBox0,0,lazadab18.com
apwg_sample_4190/2023-04/2023-04-12/2023-04-12-66910.png,WhatsApp,,0,tagBox1,0.811965,wrrongoiuu.com
apwg_sample_4190/2023-01/2023-01-09/2023-01-09-136797.png,DHL,DHL Airways,1,tagBox1,0.9593426,delivery.buyvenoms.com
apwg_sample_4190/2023-01/2023-01-10/2023-01-10-100334.png,Microsoft Bing,Microsoft,1,tagBox1,0.8340275,de-spar.tseyahtraditionalcg.com
apwg_sample_4190/2023-01/2023-01-10/2023-01-10-109296.png,Sparkasse,,0,tagBox0,0,cba.au-securitycentre.com
apwg_sample_4190/2023-01/2023-01-09/2023-01-09-138125.png,Messenger,,0,tagBox0,0,5dsf15dh1h5ds1ddhf.blogspot.is
apwg_sample_4190/2023-01/2023-01-05/2023-01-05-110878.png,DHL,DHL Airways,1,tagBox1,0.9593426,delivery.buyvenoms.com
apwg_sample_4190/2023-01/2023-01-04/2023-01-04-244231.png,Microsoft Bing,,0,tagBox1,0.76651335,my-netbank.commbank.banking.com.au.agenciadragons.com.br
apwg_sample_4190/2023-01/2023-01-01/2023-01-01-120355.png,Microsoft Bing,Microsoft,1,tagBox1,0.8367333,writingsbpm.de
apwg_sample_4190/2023-01/2023-01-15/2023-01-15-291970.png,DHL,DHL Airways,1,tagBox1,0.9593426,tylerallix.com
apwg_sample_4190/2023-02/2023-02-05/2023-02-05-27170.png,Facebook,Facebook,1,tagBox1,0.8613335,help-center531.crabdance.com
apwg_sample_4190/2023-01/2023-01-19/2023-01-19-128042.png,Microsoft Bing,,0,tagBox1,0.74727094,web9417.web07.bero-webspace.de
apwg_sample_4190/2023-02/2023-02-17/2023-02-17-44522.png,Instagram,,0,tagBox1,0.6907528,instagram-followers2023.blogspot.com
apwg_sample_4190/2023-01/2023-01-20/2023-01-20-164795.png,DHL,,0,tagBox1,0.6740119,luanafiorelli.blogspot.com
apwg_sample_4190/2023-01/2023-01-09/2023-01-09-138167.png,Microsoft Bing,Microsoft,1,tagBox1,0.8427643,cba.security-login-au.com
apwg_sample_4190/2023-01/2023-01-09/2023-01-09-134028.png,Provider,,0,tagBox1,0.73201895,selly.life
apwg_sample_4190/2023-01/2023-01-17/2023-01-17-232046.png,eBay,eBay,1,tagBox1,0.96867627,abmal.com.br
apwg_sample_4190/2023-01/2023-01-18/2023-01-18-143869.png,Microsoft Bing,Microsoft,1,tagBox1,0.8746595,commonwealthbank.au-mygov.info
apwg_sample_4190/2023-01/2023-01-18/2023-01-18-140449.png,Microsoft Bing,Microsoft,1,tagBox1,0.8746595,web9417.web07.bero-webspace.de
apwg_sample_4190/2023-01/2023-01-18/2023-01-18-146688.png,Microsoft Bing,,0,tagBox1,0.74050236,commonwealthbank.au-mygov.info
apwg_sample_4190/2023-07/2023-07-21/2023-07-21-64100.png,Namecheap,cetelem,1,tagBox1,0.8503583,login.office365portal.net
apwg_sample_4190/2023-07/2023-07-18/2023-07-18-90901.png,Facebook,Facebook,1,tagBox1,0.8955585,08249735734hfedfgg1111.duckdns.org
apwg_sample_4190/2023-01/2023-01-29/2023-01-29-150340.png,Microsoft Bing,,0,tagBox1,0.78494656,nifty-margulis.45-88-108-231.plesk.page
apwg_sample_4190/2023-01/2023-01-29/2023-01-29-154158.png,Microsoft Bing,,0,tagBox1,0.78494656,www.netwerkstatistiek.info
apwg_sample_4190/2023-01/2023-01-20/2023-01-20-166328.png,Microsoft Bing,,0,tagBox1,0.76936746,web9417.web07.bero-webspace.de
apwg_sample_4190/2023-07/2023-07-31/2023-07-31-17313.png,Namecheap,,0,tagBox1,0.6709574,rp.unipdfconverter.com
apwg_sample_4190/2023-03/2023-03-07/2023-03-07-16082.png,Credit Agricole,Credit Agricole S.A,1,tagBox1,0.8953316,inspiring-lehmann.137-74-148-84.plesk.page
apwg_sample_4190/2023-01/2023-01-16/2023-01-16-177479.png,DHL,DHL Airways,1,tagBox1,0.9593426,dutsh-helppackage.ecranul.ro
apwg_sample_4190/2023-01/2023-01-17/2023-01-17-239837.png,DHL,DHL Airways,1,tagBox1,0.9593426,lunarsshop.de
apwg_sample_4190/2023-05/2023-05-23/2023-05-23-30203.png,Microsoft,Microsoft,1,tagBox1,0.8558549,cloudflare-ipfs.com
apwg_sample_4190/2023-01/2023-01-28/2023-01-28-198751.png,International Card Services,,0,tagBox1,0.7709861,nifty-margulis.45-88-108-231.plesk.page
apwg_sample_4190/2023-01/2023-01-28/2023-01-28-193802.png,International Card Services,,0,tagBox1,0.7709861,www.netwerkstatistiek.info
apwg_sample_4190/2023-01/2023-01-27/2023-01-27-266670.png,Microsoft Bing,Microsoft,1,tagBox1,0.8392672,web9763.web07.bero-webspace.de
apwg_sample_4190/2023-01/2023-01-31/2023-01-31-201449.png,International Card Services,Microsoft,1,tagBox1,0.86683035,nifty-margulis.45-88-108-231.plesk.page
apwg_sample_4190/2023-01/2023-01-31/2023-01-31-211898.png,Microsoft Bing,Microsoft,1,tagBox1,0.86683035,web9763.web07.bero-webspace.de
apwg_sample_4190/2023-04/2023-04-03/2023-04-03-78355.png,Facebook,,0,tagBox1,0.67597044,cutt.us
apwg_sample_4190/2023-01/2023-01-21/2023-01-21-219286.png,Facebook,,0,tagBox1,0.73987377,mail.fecebooktidu2op.v3slog.my.id
apwg_sample_4190/2023-06/2023-06-09/2023-06-09-56170.png,reCAPTCHA,Magalu,1,tagBox1,0.9001806,zijxrb.v2d8x.optimadg.com
apwg_sample_4190/2023-01/2023-01-17/2023-01-17-231501.png,Microsoft Bing,,0,tagBox1,0.74050236,cba-assistance-login.com
apwg_sample_4190/2023-01/2023-01-17/2023-01-17-234822.png,Microsoft Bing,,0,tagBox1,0.74050236,cba-assistance-login.com
apwg_sample_4190/2023-03/2023-03-14/2023-03-14-11736.png,DHL,DHL Airways,1,tagBox1,0.9617135,artauctionindia.com
apwg_sample_4190/2023-01/2023-01-25/2023-01-25-253900.png,Microsoft Bing,,0,tagBox1,0.69246763,web9763.web07.bero-webspace.de
apwg_sample_4190/2023-01/2023-01-25/2023-01-25-257713.png,Microsoft Bing,,0,tagBox1,0.69246763,informazioni23-digitale01filiale23.shimueps.com
apwg_sample_4190/2023-01/2023-01-25/2023-01-25-251649.png,DHL,DHL Airways,1,tagBox1,0.9593426,idealo360.com
apwg_sample_4190/2023-01/2023-01-27/2023-01-27-282014.png,Provider,,0,tagBox1,0.77300394,eu.vtmarkets.com
apwg_sample_4190/2023-01/2023-01-27/2023-01-27-280411.png,Provider,Match,1,tagBox1,0.8410935,www.vtmarkets.com
apwg_sample_4190/2023-01/2023-01-27/2023-01-27-282438.png,Provider,,0,tagBox1,0.79253316,portal.startrader.com
apwg_sample_4190/2023-01/2023-01-27/2023-01-27-270413.png,Provider,,0,tagBox1,0.6982258,myaccount.vtmarkets.com
apwg_sample_4190/2023-01/2023-01-27/2023-01-27-286537.png,Provider,,0,tagBox1,0.79253316,my.startrader.com
apwg_sample_4190/2023-01/2023-01-27/2023-01-27-275421.png,Microsoft Bing,Microsoft,1,tagBox1,0.8392672,web9763.web07.bero-webspace.de
apwg_sample_4190/2023-01/2023-01-27/2023-01-27-279319.png,Microsoft Bing,Microsoft,1,tagBox1,0.8392672,web9763.web07.bero-webspace.de
apwg_sample_4190/2023-01/2023-01-27/2023-01-27-281163.png,Provider,,0,tagBox1,0.7473943,cnthevtmarkets.com
apwg_sample_4190/2023-01/2023-01-27/2023-01-27-283387.png,DHL,DHL Airways,1,tagBox1,0.9593426,packag.track-servic.karpati.wdsite.hu
apwg_sample_4190/2023-01/2023-01-27/2023-01-27-273491.png,Provider,MBNA Corportation,1,tagBox1,0.8534843,www.vtmarkets.com
apwg_sample_4190/2023-01/2023-01-27/2023-01-27-270729.png,Provider,,0,tagBox1,0.6807194,b-vip.shop
apwg_sample_4190/2023-01/2023-01-27/2023-01-27-278028.png,VT Markets,,0,tagBox1,0.6982258,myaccount.vtmarkets.com
apwg_sample_4190/2023-02/2023-02-10/2023-02-10-140488.png,Provider,,0,tagBox0,0,vn.dvaatgia.com
apwg_sample_4190/2023-06/2023-06-27/2023-06-27-48349.png,Microsoft,,0,tagBox1,0.7278578,hardbin.com
apwg_sample_4190/2023-02/2023-02-09/2023-02-09-1872.png,Meta,,0,tagBox1,0.6534077,stage-meta.pulsellc.com
apwg_sample_4190/2023-02/2023-02-11/2023-02-11-101522.png,Facebook,Facebook,1,tagBox1,0.8848189,100028942684132.my.id
apwg_sample_4190/2023-02/2023-02-08/2023-02-08-13596.png,Microsoft Bing,,0,tagBox1,0.7052951,nifty-margulis.45-88-108-231.plesk.page
apwg_sample_4190/2023-05/2023-05-04/2023-05-04-90358.png,Facebook,,0,tagBox1,0.5556203,helpme8822-001-site1.ctempurl.com
apwg_sample_4190/2023-04/2023-04-14/2023-04-14-28474.png,Apple,Apple,1,tagBox1,0.9122806,wordpress-119086-0.cloudclusters.net
apwg_sample_4190/2023-02/2023-02-12/2023-02-12-19849.png,Messenger,,0,tagBox0,0,disenoprueba.imduyv.gob.mx
apwg_sample_4190/2023-02/2023-02-23/2023-02-23-99603.png,Facebook,,0,tagBox1,0.56668055,2008412268864.20331064515.my.id
apwg_sample_4190/2023-02/2023-02-13/2023-02-13-3256.png,WhatsApp,,0,tagBox1,0.7986444,202.95.15.130
apwg_sample_4190/2023-02/2023-02-23/2023-02-23-100409.png,Facebook,Facebook,1,tagBox1,0.8963673,securityteametas.asia
apwg_sample_4190/2023-02/2023-02-26/2023-02-26-20732.png,Facebook,Facebook,1,tagBox1,0.8361221,ynxcmibyuwenjc.social
apwg_sample_4190/2023-02/2023-02-22/2023-02-22-4918.png,Facebook,Magalu,1,tagBox1,0.8327221,digitalsystemscorp.space
apwg_sample_4190/2023-07/2023-07-12/2023-07-12-41877.png,Facebook,Facebook,1,tagBox1,0.8955585,privacy-police100192883557.duckdns.org
apwg_sample_4190/2023-02/2023-02-22/2023-02-22-3806.png,Microsoft Bing,,0,tagBox1,0.66504383,www.mynetbank.application.online.snmarketingonline.com
apwg_sample_4190/2023-05/2023-05-01/2023-05-01-25364.png,Facebook,,0,tagBox1,0.63580066,feceboolk.blogspot.com
apwg_sample_4190/2023-02/2023-02-19/2023-02-19-6554.png,State Bank of India,Zoopla,1,tagBox1,0.8312112,s6mw-96411.firebaseapp.com
apwg_sample_4190/2023-03/2023-03-31/2023-03-31-20098.png,BPER Banca,,0,tagBox0,0,sksolutionss.in
apwg_sample_4190/2023-02/2023-02-20/2023-02-20-10029.png,Yamato Transport,,0,tagBox1,0.76396817,www.kuerennkayccato-co-jp.kuerennkayccato.rvxxkq.top
apwg_sample_4190/2023-02/2023-02-23/2023-02-23-99383.png,Meta,Magalu,1,tagBox1,0.8327221,systemsinternational.click
apwg_sample_4190/2023-02/2023-02-16/2023-02-16-85165.png,WhatsApp,,0,tagBox1,0.811965,sosbodmjas.com
apwg_sample_4190/2023-02/2023-02-01/2023-02-01-124874.png,DHL,DHL Airways,1,tagBox1,0.9593426,helpdesk.randevupanzio.ro
apwg_sample_4190/2023-03/2023-03-14/2023-03-14-10985.png,Interac,,0,tagBox0,0,47.251.1.72
apwg_sample_4190/2023-02/2023-02-20/2023-02-20-9518.png,Facebook,,0,tagBox0,0,adsadasdaddadasdada.blogspot.com
apwg_sample_4190/2023-05/2023-05-23/2023-05-23-28539.png,Apple,,0,tagBox1,0.5378688,www.apple-findlocation.com
apwg_sample_4190/2023-05/2023-05-24/2023-05-24-94136.png,Facebook,,0,tagBox0,0,fb-restriction-case-c0662.firebaseapp.com
apwg_sample_4190/2023-05/2023-05-09/2023-05-09-101144.png,Microsoft,Microsoft,1,tagBox1,0.9253149,perfect-tc.com
apwg_sample_4190/2023-05/2023-05-19/2023-05-19-13839.png,Meta,,0,tagBox1,0.7747358,fb-restriction-case-d5c60.web.app
apwg_sample_4190/2023-02/2023-02-08/2023-02-08-13831.png,Provider,,0,tagBox1,0.69909066,vnsh2835.com
apwg_sample_4190/2023-02/2023-02-08/2023-02-08-16076.png,Microsoft Bing,,0,tagBox1,0.7052951,grl-my.eu
apwg_sample_4190/2023-02/2023-02-08/2023-02-08-13160.png,Microsoft Bing,,0,tagBox1,0.7052951,alpha.grl-my.eu
apwg_sample_4190/2023-02/2023-02-08/2023-02-08-12887.png,Provider,,0,tagBox1,0.7690338,nasd8683.com
apwg_sample_4190/2023-02/2023-02-08/2023-02-08-13814.png,Piraeus Bank,,0,tagBox0,0,alpha.grl-my.eu
apwg_sample_4190/2023-02/2023-02-08/2023-02-08-12057.png,Microsoft Bing,,0,tagBox1,0.7052951,alpha.grl-my.eu
apwg_sample_4190/2023-02/2023-02-27/2023-02-27-22976.png,Interac,,0,tagBox0,0,e-transfer.tax
apwg_sample_4190/2023-04/2023-04-10/2023-04-10-84787.png,Facebook,Facebook,1,tagBox1,0.9382507,safetycovertouse4362873.click
apwg_sample_4190/2023-02/2023-02-04/2023-02-04-152199.png,DHL,DHL Airways,1,tagBox1,0.9593426,mydhl-package.roxanaysebastiantango.com
apwg_sample_4190/2023-02/2023-02-05/2023-02-05-35096.png,Microsoft Bing,,0,tagBox1,0.7838874,alpha.grl-my.eu
apwg_sample_4190/2023-02/2023-02-05/2023-02-05-29416.png,DHL,DHL Airways,1,tagBox1,0.9593426,mydhl-package.roxanaysebastiantango.com
apwg_sample_4190/2023-02/2023-02-03/2023-02-03-50082.png,Deutsche Bank AG,Match,1,tagBox1,0.8635087,combustus.net
apwg_sample_4190/2023-02/2023-02-23/2023-02-23-100035.png,Yamato Transport,,0,tagBox1,0.76396817,www.kueronekayacatn-co-jp.kuerocakayacoto.zxvtuo.top
apwg_sample_4190/2023-02/2023-02-17/2023-02-17-47356.png,Microsoft,M & T Bank Coporation,1,tagBox1,0.8900768,e-serviceparts.info
apwg_sample_4190/2023-02/2023-02-17/2023-02-17-45280.png,Microsoft Bing,Microsoft,1,tagBox1,0.86221135,myblog-396vuuadh0.live-website.com
apwg_sample_4190/2023-04/2023-04-30/2023-04-30-53815.png,Facebook,,0,tagBox1,0.6636637,freefire211151664.panelku.me
apwg_sample_4190/2023-02/2023-02-18/2023-02-18-48099.png,Facebook,,0,tagBox0,0,mx7.jomoconltda.com
apwg_sample_4190/2023-02/2023-02-03/2023-02-03-60030.png,Microsoft Bing,,0,tagBox1,0.8223943,grl-my.eu
apwg_sample_4190/2023-02/2023-02-04/2023-02-04-145609.png,Microsoft Bing,,0,tagBox1,0.8223943,nifty-margulis.45-88-108-231.plesk.page
apwg_sample_4190/2023-02/2023-02-03/2023-02-03-58323.png,BPJS Ketenagakerjaan,,0,tagBox1,0.73052275,alamat-drive.blogspot.com
apwg_sample_4190/2023-02/2023-02-03/2023-02-03-50883.png,Microsoft Bing,,0,tagBox1,0.8223943,nifty-margulis.45-88-108-231.plesk.page
apwg_sample_4190/2023-02/2023-02-04/2023-02-04-154276.png,DHL,DHL Airways,1,tagBox1,0.9593426,idealo360.com
apwg_sample_4190/2023-07/2023-07-21/2023-07-21-65572.png,Sumitomo Mitsui Banking Corporation,,0,tagBox1,0.6178573,smbc.cfgrk.top
apwg_sample_4190/2023-02/2023-02-07/2023-02-07-67176.png,Orange,,0,tagBox1,0.8101735,wordpress-105593-0.cloudclusters.net
apwg_sample_4190/2023-02/2023-02-07/2023-02-07-77518.png,Microsoft Bing,,0,tagBox1,0.8162328,alpha.grl-my.eu
apwg_sample_4190/2023-02/2023-02-07/2023-02-07-80626.png,Meta,,0,tagBox1,0.6931775,ocuwlus.com
apwg_sample_4190/2023-02/2023-02-07/2023-02-07-67464.png,Microsoft Bing,,0,tagBox1,0.8162328,nifty-margulis.45-88-108-231.plesk.page
apwg_sample_4190/2023-02/2023-02-07/2023-02-07-76102.png,Microsoft Bing,,0,tagBox1,0.8162328,grl-my.eu
apwg_sample_4190/2023-02/2023-02-07/2023-02-07-69734.png,Microsoft Bing,,0,tagBox1,0.8162328,grl-my.eu
apwg_sample_4190/2023-02/2023-02-16/2023-02-16-84945.png,Provider,,0,tagBox1,0.69909066,vn6492shop.com
apwg_sample_4190/2023-02/2023-02-01/2023-02-01-123419.png,DHL,DHL Airways,1,tagBox1,0.9593426,helpdesk.randevupanzio.ro
apwg_sample_4190/2023-02/2023-02-02/2023-02-02-95065.png,Microsoft Bing,Microsoft,1,tagBox1,0.8475952,nifty-margulis.45-88-108-231.plesk.page
apwg_sample_4190/2023-02/2023-02-02/2023-02-02-90074.png,Microsoft Bing,Microsoft,1,tagBox1,0.8475952,nifty-margulis.45-88-108-231.plesk.page
apwg_sample_4190/2023-02/2023-02-02/2023-02-02-85608.png,Microsoft Bing,Microsoft,1,tagBox1,0.8475952,grl-my.eu
apwg_sample_4190/2023-02/2023-02-02/2023-02-02-90142.png,Microsoft Bing,Microsoft,1,tagBox1,0.8488568,nifty-margulis.45-88-108-231.plesk.page
apwg_sample_4190/2023-02/2023-02-02/2023-02-02-92234.png,Microsoft Bing,Microsoft,1,tagBox1,0.8475952,web9763.web07.bero-webspace.de
apwg_sample_4190/2023-02/2023-02-01/2023-02-01-117383.png,Microsoft Bing,Microsoft,1,tagBox1,0.8488568,nifty-margulis.45-88-108-231.plesk.page
apwg_sample_4190/2023-06/2023-06-19/2023-06-19-148320.png,E-Mail Provider,,0,tagBox0,0,ipfs.eth.aragon.network
apwg_sample_4190/2023-03/2023-03-05/2023-03-05-9640.png,Facebook,Facebook,1,tagBox1,0.92555344,photo.lt7be.quest
apwg_sample_4190/2023-02/2023-02-11/2023-02-11-100982.png,Provider,,0,tagBox1,0.65342855,ulai66.com
apwg_sample_4190/2023-02/2023-02-06/2023-02-06-109763.png,Microsoft Bing,,0,tagBox1,0.655151,grl-my.eu
apwg_sample_4190/2023-02/2023-02-06/2023-02-06-107478.png,Microsoft Bing,,0,tagBox1,0.655151,grl-my.eu
apwg_sample_4190/2023-02/2023-02-06/2023-02-06-113599.png,Microsoft Bing,,0,tagBox1,0.70655143,grl-my.eu
apwg_sample_4190/2023-05/2023-05-03/2023-05-03-54147.png,Namecheap,,0,tagBox1,0.73587286,info.townstocksign.com
apwg_sample_4190/2023-04/2023-04-20/2023-04-20-19506.png,Facebook,Facebook,1,tagBox1,0.8623023,montessori-international.com.ua
apwg_sample_4190/2023-02/2023-02-01/2023-02-01-126154.png,Microsoft Bing,Microsoft,1,tagBox1,0.8488568,web9763.web07.bero-webspace.de
apwg_sample_4190/2023-02/2023-02-01/2023-02-01-122364.png,Microsoft Bing,Microsoft,1,tagBox1,0.8488568,nifty-margulis.45-88-108-231.plesk.page
apwg_sample_4190/2023-02/2023-02-01/2023-02-01-123348.png,Wildberries,,0,tagBox1,0.7794175,dubmr.ru.com
apwg_sample_4190/2023-02/2023-02-01/2023-02-01-118739.png,Microsoft Bing,Microsoft,1,tagBox1,0.8488568,ccwebinfo11.com
apwg_sample_4190/2023-02/2023-02-01/2023-02-01-130136.png,International Card Services,Microsoft,1,tagBox1,0.8488568,www.netwerkstatistiek.info
apwg_sample_4190/2023-02/2023-02-01/2023-02-01-120564.png,International Card Services,Microsoft,1,tagBox1,0.8488568,www.netwerkstatistiek.info
apwg_sample_4190/2023-06/2023-06-22/2023-06-22-126503.png,Facebook,Facebook,1,tagBox1,0.9442862,dfhdshsdeassdhsdgsdgsdg.blogspot.co.uk
apwg_sample_4190/2023-04/2023-04-22/2023-04-22-82009.png,Facebook,,0,tagBox1,0.5952201,1.walkthepaw.com
apwg_sample_4190/2023-02/2023-02-04/2023-02-04-145990.png,Microsoft Bing,Giffgaff,1,tagBox1,0.832154,www.netwerkstatistiek.info
apwg_sample_4190/2023-02/2023-02-04/2023-02-04-146440.png,Microsoft Bing,,0,tagBox0,0,netwerkstatistiek.info
apwg_sample_4190/2023-02/2023-02-04/2023-02-04-146532.png,Microsoft Bing,Giffgaff,1,tagBox1,0.832154,www.netwerkstatistiek.info
apwg_sample_4190/2023-03/2023-03-09/2023-03-09-2908.png,Facebook,Facebook,1,tagBox1,0.8986145,xaumipakistan2.blogspot.al
apwg_sample_4190/2023-03/2023-03-09/2023-03-09-2331.png,Messenger,,0,tagBox0,0,messsner-spainii.blogspot.co.at
apwg_sample_4190/2023-03/2023-03-09/2023-03-09-2813.png,Facebook,Facebook,1,tagBox1,0.9161219,loginx-fa.blogspot.jp
apwg_sample_4190/2023-03/2023-03-09/2023-03-09-4503.png,Facebook,Facebook,1,tagBox1,0.8997611,loguin-toget.blogspot.com.es
apwg_sample_4190/2023-03/2023-03-09/2023-03-09-4337.png,Facebook,Facebook,1,tagBox1,0.8644233,loginoosxz.blogspot.my
apwg_sample_4190/2023-03/2023-03-09/2023-03-09-2059.png,Facebook,Facebook,1,tagBox1,0.9161219,loginsofa.blogspot.li
apwg_sample_4190/2023-04/2023-04-12/2023-04-12-68489.png,PayPal,PayPal,1,tagBox1,0.900047,recaldepropiedades.com.ar
apwg_sample_4190/2023-06/2023-06-12/2023-06-12-116955.png,Facebook,,0,tagBox1,0.7333379,www.applicationbusiness999.duckdns.org
apwg_sample_4190/2023-04/2023-04-17/2023-04-17-17162.png,Facebook,Facebook,1,tagBox1,0.8806844,brykizpolski.pl
apwg_sample_4190/2023-04/2023-04-28/2023-04-28-6040.png,SoftBank,,0,tagBox1,0.71366704,atcmwrqsyd.duckdns.org
apwg_sample_4190/2023-05/2023-05-23/2023-05-23-29719.png,iCloud,,0,tagBox1,0.7310265,possesszu.com
apwg_sample_4190/2023-04/2023-04-28/2023-04-28-11809.png,Microsoft,Microsoft,1,tagBox1,0.9394233,cloudflare-ipfs.com
apwg_sample_4190/2023-03/2023-03-14/2023-03-14-11019.png,Facebook,Facebook,1,tagBox1,0.9029034,terangbulanpadang.xyz
apwg_sample_4190/2023-05/2023-05-18/2023-05-18-4903.png,Facebook,,0,tagBox0,0,kraftons-rwd.bzt.social
apwg_sample_4190/2023-05/2023-05-02/2023-05-02-79729.png,Facebook,Facebook,1,tagBox1,0.8806844,autasklep.pl
apwg_sample_4190/2023-03/2023-03-14/2023-03-14-12281.png,Facebook,,0,tagBox0,0,motivationsoeakerbd.blogspot.lt
apwg_sample_4190/2023-07/2023-07-17/2023-07-17-82022.png,Facebook,,0,tagBox1,0.65227586,ff.members.garenea.vn
apwg_sample_4190/2023-07/2023-07-11/2023-07-11-117265.png,Facebook,Facebook,1,tagBox1,0.8806844,sprawne-auta.pl
apwg_sample_4190/2023-05/2023-05-25/2023-05-25-51608.png,Facebook,Facebook,1,tagBox1,0.88066065,sklep-auto.pl
apwg_sample_4190/2023-04/2023-04-24/2023-04-24-82936.png,Facebook,Facebook,1,tagBox1,0.8806844,mojeautohandel.pl
apwg_sample_4190/2023-05/2023-05-30/2023-05-30-74281.png,Facebook,Facebook,1,tagBox1,0.8806844,auto-komis.net.pl
apwg_sample_4190/2023-07/2023-07-02/2023-07-02-91769.png,Facebook,Facebook,1,tagBox1,0.8806844,auta-lokalnie.pl
apwg_sample_4190/2023-03/2023-03-06/2023-03-06-35709.png,Provider,,0,tagBox1,0.781528,st3772sop.com
apwg_sample_4190/2023-04/2023-04-09/2023-04-09-20110.png,Facebook,Facebook,1,tagBox1,0.9017285,sprzedajemyauta.com.pl
apwg_sample_4190/2023-07/2023-07-28/2023-07-28-70546.png,Facebook,Facebook,1,tagBox1,0.8806844,www.nasze-auta.pl
apwg_sample_4190/2023-03/2023-03-07/2023-03-07-16755.png,Facebook,,0,tagBox1,0.7622271,lagilagilagidanlagi.xyz
apwg_sample_4190/2023-04/2023-04-03/2023-04-03-77653.png,Facebook,Facebook,1,tagBox1,0.8806844,samochody-centrum.pl
apwg_sample_4190/2023-04/2023-04-02/2023-04-02-21431.png,Facebook,Facebook,1,tagBox1,0.8806844,notariuszplonsk.pl
apwg_sample_4190/2023-04/2023-04-11/2023-04-11-2039.png,Facebook,Magalu,1,tagBox1,0.9362232,citofarma.com.br
apwg_sample_4190/2023-04/2023-04-19/2023-04-19-55104.png,Meta,,0,tagBox1,0.72808856,help-meta-id-165485318.web.app
apwg_sample_4190/2023-05/2023-05-10/2023-05-10-135153.png,Namecheap,,0,tagBox1,0.70536184,ww38.best-targeted-traffic.com
apwg_sample_4190/2023-05/2023-05-17/2023-05-17-3153.png,E-devlet,,0,tagBox0,0,eiadeaidatportal.com
apwg_sample_4190/2023-03/2023-03-06/2023-03-06-34231.png,Provider,,0,tagBox0,0,asp2345.com
apwg_sample_4190/2023-04/2023-04-11/2023-04-11-352.png,Apple,Apple,1,tagBox1,0.8865309,lucashd.com.br
apwg_sample_4190/2023-04/2023-04-11/2023-04-11-8.png,Facebook,Facebook,1,tagBox1,0.8806844,slaski-autokomis.pl
apwg_sample_4190/2023-04/2023-04-10/2023-04-10-85270.png,Facebook,Facebook,1,tagBox1,0.8806844,oferta-marketplace.pl
apwg_sample_4190/2023-04/2023-04-06/2023-04-06-51705.png,Facebook,Facebook,1,tagBox1,0.8806844,auto-swietokrzyskie.pl
apwg_sample_4190/2023-04/2023-04-13/2023-04-13-69446.png,Facebook,Facebook,1,tagBox1,0.88066065,zakupy-marketplace.pl
apwg_sample_4190/2023-04/2023-04-09/2023-04-09-20452.png,Facebook,Facebook,1,tagBox1,0.88174796,auto-kujawskopomorskie.pl
apwg_sample_4190/2023-04/2023-04-07/2023-04-07-42789.png,Meta,,0,tagBox1,0.6579311,mail.metafeedback246872364.space
apwg_sample_4190/2023-04/2023-04-28/2023-04-28-12846.png,Wayfair,,0,tagBox1,0.6977732,tamit.top
apwg_sample_4190/2023-04/2023-04-10/2023-04-10-85179.png,Facebook,Facebook,1,tagBox1,0.8806844,autosprzedaz-skup.pl
apwg_sample_4190/2023-04/2023-04-05/2023-04-05-72408.png,Facebook,Facebook,1,tagBox1,0.8806844,samochody-mazowieckie.pl
apwg_sample_4190/2023-04/2023-04-13/2023-04-13-69410.png,Meta,,0,tagBox1,0.7800989,dferhsdgdery.bio
apwg_sample_4190/2023-04/2023-04-13/2023-04-13-69212.png,Facebook,Facebook,1,tagBox1,0.89341307,kupujemysamochody.com.pl
apwg_sample_4190/2023-07/2023-07-06/2023-07-06-96273.png,Facebook,,0,tagBox0,0,media-coevrage-live-136.000webhostapp.com
apwg_sample_4190/2023-07/2023-07-15/2023-07-15-88056.png,Facebook,,0,tagBox1,0.802685,mail.seuxaook-uiasas.haruka.biz.id
apwg_sample_4190/2023-04/2023-04-15/2023-04-15-34053.png,Microsoft,Microsoft,1,tagBox1,0.92512476,aloverdao.com.br
apwg_sample_4190/2023-04/2023-04-05/2023-04-05-72480.png,Facebook,Facebook,1,tagBox1,0.90533906,samochody-kujawskopomorskie.pl
apwg_sample_4190/2023-05/2023-05-15/2023-05-15-125711.png,Swiss Federal Railways,,0,tagBox1,0.47601897,23468-5682.s3.webspace.re
apwg_sample_4190/2023-05/2023-05-10/2023-05-10-135706.png,Saudi National Bank,M & T Bank Coporation,1,tagBox1,0.85572433,sanak.ru.com
apwg_sample_4190/2023-06/2023-06-22/2023-06-22-125224.png,E-devlet,,0,tagBox1,0.72693294,xn--iletisimodasibaskanlii-d9c.dev
apwg_sample_4190/2023-05/2023-05-17/2023-05-17-1046.png,DHL,DHL Airways,1,tagBox1,0.95966536,substack.com
apwg_sample_4190/2023-04/2023-04-09/2023-04-09-20778.png,Facebook,Facebook,1,tagBox1,0.8806844,samochody-lubelskie.pl
apwg_sample_4190/2023-04/2023-04-28/2023-04-28-11807.png,Facebook,Facebook,1,tagBox1,0.9017285,autohandelpoznanski.pl
apwg_sample_4190/2023-04/2023-04-27/2023-04-27-76928.png,Facebook,Facebook,1,tagBox1,0.9193965,ghrtiufiajswqoregdrf.blogspot.co.uk
apwg_sample_4190/2023-04/2023-04-28/2023-04-28-6498.png,Facebook,Facebook,1,tagBox1,0.9067111,sprzedamautowroclaw.pl
apwg_sample_4190/2023-04/2023-04-29/2023-04-29-70325.png,Facebook,Facebook,1,tagBox1,0.8806844,ogloszenia-market.pl
apwg_sample_4190/2023-06/2023-06-14/2023-06-14-149986.png,Facebook,,0,tagBox1,0.6107724,freefireluckyspintommarow.blogspot.com
apwg_sample_4190/2023-06/2023-06-22/2023-06-22-122562.png,Facebook,Magalu,1,tagBox1,0.8781655,5fgfgfgg4g4gh4fg4d.blogspot.com.mt
apwg_sample_4190/2023-05/2023-05-02/2023-05-02-81024.png,Facebook,,0,tagBox0,0,collectxsuit.com.nnewevent.skom.id
apwg_sample_4190/2023-04/2023-04-22/2023-04-22-82325.png,Coinbase,Magalu,1,tagBox1,0.83405876,sunset-gem-caterpillar.glitch.me
apwg_sample_4190/2023-06/2023-06-15/2023-06-15-130025.png,Instagram,,0,tagBox0,0,www.xn--metaverifedbadge-iqc.com
apwg_sample_4190/2023-04/2023-04-28/2023-04-28-12640.png,Interac,,0,tagBox0,0,cra-inter001ca.com
apwg_sample_4190/2023-05/2023-05-04/2023-05-04-92389.png,Interac,,0,tagBox0,0,gr6h.com
apwg_sample_4190/2023-05/2023-05-10/2023-05-10-135738.png,Facebook,Facebook,1,tagBox1,0.9109181,fbpemblokiran1.duckdns.org
apwg_sample_4190/2023-06/2023-06-20/2023-06-20-156814.png,Microsoft,Microsoft,1,tagBox1,0.90435445,derkingboss.tk
apwg_sample_4190/2023-05/2023-05-07/2023-05-07-63143.png,Facebook,,0,tagBox0,0,market-item-id892379832.epizy.com
apwg_sample_4190/2023-06/2023-06-22/2023-06-22-129158.png,Facebook,,0,tagBox0,0,gift-newupdate.bet-site.cfd
apwg_sample_4190/2023-04/2023-04-04/2023-04-04-14450.png,Facebook,Facebook,1,tagBox1,0.8806844,lemonland.pl
apwg_sample_4190/2023-04/2023-04-03/2023-04-03-81094.png,Facebook,Facebook,1,tagBox1,0.8806844,auto-poznam.pl
apwg_sample_4190/2023-05/2023-05-04/2023-05-04-91409.png,Meta,,0,tagBox1,0.72808856,meta-help-745821.754645.com
apwg_sample_4190/2023-05/2023-05-11/2023-05-11-8431.png,Facebook,,0,tagBox0,0,kraftonbgmiindia.store
apwg_sample_4190/2023-04/2023-04-21/2023-04-21-58667.png,Belgazprombank,,0,tagBox0,0,belgaze.cloud
apwg_sample_4190/2023-04/2023-04-14/2023-04-14-29406.png,Meta,,0,tagBox1,0.72808856,help-facebook-id-656063.158774.com
apwg_sample_4190/2023-04/2023-04-22/2023-04-22-82104.png,Facebook,Facebook,1,tagBox1,0.9067111,autohandelpomorskie.net.pl
apwg_sample_4190/2023-04/2023-04-16/2023-04-16-18361.png,Facebook,Facebook,1,tagBox1,0.8806844,sprzedajemy-marketplace.pl
apwg_sample_4190/2023-04/2023-04-16/2023-04-16-17230.png,Facebook,Facebook,1,tagBox1,0.8806844,auto-marketplace.pl
apwg_sample_4190/2023-04/2023-04-17/2023-04-17-16433.png,Facebook,Facebook,1,tagBox1,0.8806844,auta-marketplace.pl
apwg_sample_4190/2023-04/2023-04-25/2023-04-25-37500.png,Facebook,,0,tagBox0,0,wild.aalmax9.cyou
apwg_sample_4190/2023-04/2023-04-17/2023-04-17-16143.png,Facebook,Facebook,1,tagBox1,0.8806844,kupuj-marketplace.pl
apwg_sample_4190/2023-04/2023-04-17/2023-04-17-17181.png,Meta,Microsoft,1,tagBox1,0.8388729,metasupport91823981.web.app
apwg_sample_4190/2023-04/2023-04-13/2023-04-13-69085.png,Meta,,0,tagBox1,0.71115124,www.pagemanager23482724.click
apwg_sample_4190/2023-04/2023-04-19/2023-04-19-54679.png,Meta,,0,tagBox1,0.7594008,metaobjectionservice.com
apwg_sample_4190/2023-04/2023-04-24/2023-04-24-82927.png,Facebook,Facebook,1,tagBox1,0.8806844,carhandel.com.pl
apwg_sample_4190/2023-05/2023-05-20/2023-05-20-110755.png,Facebook,Facebook,1,tagBox1,0.9612697,app-dewertons6-accept98jud00clear.x4dhp0khw9-zqy3jy1703kg.p.temp-site.link
apwg_sample_4190/2023-04/2023-04-16/2023-04-16-17683.png,Facebook,Delta Air Lines,1,tagBox1,0.8513917,aw6dgyawdhuawjdawudljaw8gidjkaawd.blogspot.com.uy
apwg_sample_4190/2023-04/2023-04-14/2023-04-14-24662.png,Facebook,Facebook,1,tagBox1,0.90211815,safetycovertouse21215413.online
apwg_sample_4190/2023-06/2023-06-13/2023-06-13-13057.png,Meta,,0,tagBox0,0,www.signin-action.insitefacilitation.com
apwg_sample_4190/2023-04/2023-04-22/2023-04-22-82616.png,Facebook,Facebook,1,tagBox1,0.8806844,samochod-marketplace.pl
apwg_sample_4190/2023-04/2023-04-20/2023-04-20-19065.png,Facebook,Facebook,1,tagBox1,0.9067111,autohandelpoznan.com.pl
apwg_sample_4190/2023-07/2023-07-11/2023-07-11-118569.png,Facebook,,0,tagBox1,0.6229834,trabajosnecnet.000webhostapp.com
apwg_sample_4190/2023-04/2023-04-21/2023-04-21-64636.png,Facebook,Facebook,1,tagBox1,0.8806844,autohandelwwa.pl
apwg_sample_4190/2023-04/2023-04-18/2023-04-18-55849.png,Facebook,Facebook,1,tagBox1,0.8806844,otomoto-marketplace.pl
apwg_sample_4190/2023-04/2023-04-22/2023-04-22-82314.png,Facebook,Facebook,1,tagBox1,0.9017285,autohandelpomorski.pl
apwg_sample_4190/2023-04/2023-04-22/2023-04-22-81949.png,Facebook,,0,tagBox0,0,facebook.community-protection-social-media-infformation-page.ink
apwg_sample_4190/2023-04/2023-04-21/2023-04-21-59238.png,Facebook,Facebook,1,tagBox1,0.8806844,samochody-marketplace.pl
apwg_sample_4190/2023-07/2023-07-09/2023-07-09-48182.png,Facebook,,0,tagBox0,0,onx.la
apwg_sample_4190/2023-04/2023-04-19/2023-04-19-55221.png,United States Postal Service,nordea,1,tagBox1,0.85649335,mc-usps.shop
apwg_sample_4190/2023-04/2023-04-07/2023-04-07-41448.png,Sumitomo Mitsui Banking Corporation,SMBC,1,tagBox1,0.94987464,www.smbo-ccrd.ccm.hadrite.top
apwg_sample_4190/2023-04/2023-04-21/2023-04-21-61469.png,Facebook,,0,tagBox1,0.65224844,screet-cr.github.io
apwg_sample_4190/2023-04/2023-04-14/2023-04-14-32821.png,Facebook,,0,tagBox0,0,mail.kaget.renm4maxys.com
apwg_sample_4190/2023-04/2023-04-13/2023-04-13-69441.png,Facebook,Facebook,1,tagBox1,0.8806844,sprzedaz-marketplace.pl
apwg_sample_4190/2023-04/2023-04-23/2023-04-23-36538.png,Facebook,,0,tagBox0,0,safetycovertouse367854.click
apwg_sample_4190/2023-04/2023-04-23/2023-04-23-35807.png,Facebook,Facebook,1,tagBox1,0.8806844,automobil-marketplace.pl
apwg_sample_4190/2023-04/2023-04-21/2023-04-21-63158.png,Facebook,Facebook,1,tagBox1,0.8806844,autohandelslaski.pl
apwg_sample_4190/2023-04/2023-04-24/2023-04-24-84532.png,Facebook,Facebook,1,tagBox1,0.9017285,autohandelkatowice.pl
apwg_sample_4190/2023-04/2023-04-24/2023-04-24-82817.png,United States Postal Service,nordea,1,tagBox1,0.85649335,tracking.tyysyy.com
apwg_sample_4190/2023-04/2023-04-25/2023-04-25-37303.png,Facebook,Magalu,1,tagBox1,0.86752295,4kolka-marketplace.pl
apwg_sample_4190/2023-06/2023-06-13/2023-06-13-14329.png,Facebook,Facebook,1,tagBox1,0.8623023,private-salon-bow-and-arrow.com
apwg_sample_4190/2023-04/2023-04-26/2023-04-26-37922.png,Facebook,Facebook,1,tagBox1,0.9236903,rtgyhe4rtye4rty.blogspot.my
apwg_sample_4190/2023-05/2023-05-29/2023-05-29-130336.png,reCAPTCHA,Uber,1,tagBox1,0.8470313,objectivesoft.com
apwg_sample_4190/2023-05/2023-05-02/2023-05-02-81192.png,Internal Revenue Service,IRS,1,tagBox1,0.94123137,36840pxnow.yoursmcoach.com
apwg_sample_4190/2023-04/2023-04-07/2023-04-07-43474.png,Facebook,,0,tagBox1,0.7934525,meethalfa4ladies22.blogspot.lt
apwg_sample_4190/2023-05/2023-05-25/2023-05-25-50645.png,Facebook,Facebook,1,tagBox1,0.9223021,dter6yerdher634ye.blogspot.com.co
apwg_sample_4190/2023-04/2023-04-29/2023-04-29-71028.png,Facebook,Facebook,1,tagBox1,0.8806844,autokatowice-handel.pl
apwg_sample_4190/2023-05/2023-05-14/2023-05-14-140169.png,Facebook,Facebook,1,tagBox1,0.8847625,congdonghotrobb.com
apwg_sample_4190/2023-04/2023-04-21/2023-04-21-65352.png,Facebook,Facebook,1,tagBox1,0.8806844,xn--samochd-marketplace-54b.pl
apwg_sample_4190/2023-07/2023-07-20/2023-07-20-101422.png,Facebook,,0,tagBox0,0,xl555zz.blogspot.bg
apwg_sample_4190/2023-07/2023-07-30/2023-07-30-102750.png,Adobe,Adobe,1,tagBox1,0.9370049,bafybeigiupiekdtucx2hrkgkcgorq7xgkfhjebebkfccrmsdnbccz44ixu.ipfs.cf-ipfs.com
apwg_sample_4190/2023-06/2023-06-05/2023-06-05-86630.png,Facebook,Facebook,1,tagBox1,0.90768886,dfbvdrt.blogspot.co.ke
apwg_sample_4190/2023-05/2023-05-15/2023-05-15-121395.png,reCAPTCHA,Uber,1,tagBox1,0.8470313,api.downloadmr.com
apwg_sample_4190/2023-06/2023-06-27/2023-06-27-49051.png,Facebook,,0,tagBox0,0,s56v468s4v684s86v46s84v6s8v.blogspot.com
apwg_sample_4190/2023-06/2023-06-12/2023-06-12-116269.png,reCAPTCHA,TD Bank Group,1,tagBox1,0.9268947,patter.health
apwg_sample_4190/2023-06/2023-06-28/2023-06-28-33350.png,Facebook,,0,tagBox0,0,sv468s4v68s4v8648s64v86s4v6sv.blogspot.com.mt
apwg_sample_4190/2023-04/2023-04-24/2023-04-24-83417.png,Piraeus Bank,,0,tagBox1,0.6930365,wlnbanlk.org
apwg_sample_4190/2023-06/2023-06-06/2023-06-06-184137.png,Banco Estado,youtube,1,tagBox1,0.91269267,empresaserviciossestate.com
apwg_sample_4190/2023-05/2023-05-30/2023-05-30-72098.png,Facebook,,0,tagBox0,0,b4v45e7ur65d4.duckdns.org
apwg_sample_4190/2023-05/2023-05-17/2023-05-17-3124.png,Facebook,Facebook,1,tagBox1,0.8806844,sprzedajemy-auto.pl
apwg_sample_4190/2023-05/2023-05-17/2023-05-17-1275.png,Facebook,Facebook,1,tagBox1,0.8806844,oddam-komus.pl
apwg_sample_4190/2023-05/2023-05-25/2023-05-25-48568.png,Ozon,,0,tagBox1,0.7810477,zdzbj.veqoxem.top
apwg_sample_4190/2023-05/2023-05-17/2023-05-17-3529.png,Facebook,Facebook,1,tagBox1,0.8806844,autohandel-milscy.pl
apwg_sample_4190/2023-07/2023-07-13/2023-07-13-50536.png,Meta,,0,tagBox1,0.72808856,contact-help-id475800.87957895.com
apwg_sample_4190/2023-05/2023-05-20/2023-05-20-110347.png,"Rakuten Group, Inc.",,0,tagBox1,0.80443347,fuy17iq.asia
apwg_sample_4190/2023-05/2023-05-17/2023-05-17-1049.png,Facebook,,0,tagBox0,0,freefire.claimnontw.my.id
apwg_sample_4190/2023-05/2023-05-17/2023-05-17-375.png,Meta,,0,tagBox0,0,helpid9224472384918596261616.web.app
apwg_sample_4190/2023-06/2023-06-09/2023-06-09-51010.png,Microsoft,,0,tagBox1,0.6740489,pub-c895cca21f00464785f8e1dfb83b6d18.r2.dev
apwg_sample_4190/2023-05/2023-05-17/2023-05-17-460.png,Facebook,Facebook,1,tagBox1,0.88441384,93-95-230-247.1984.is
apwg_sample_4190/2023-05/2023-05-20/2023-05-20-110689.png,Facebook,Facebook,1,tagBox1,0.8806844,autogielda-alkinscy.pl
apwg_sample_4190/2023-05/2023-05-06/2023-05-06-7332.png,Facebook,Facebook,1,tagBox1,0.8806844,auta-sprzedajemy.pl
apwg_sample_4190/2023-05/2023-05-14/2023-05-14-140001.png,Facebook,Facebook,1,tagBox1,0.8806844,auto-sprzedajemy.pl
apwg_sample_4190/2023-05/2023-05-22/2023-05-22-83568.png,Ozon,,0,tagBox1,0.7810477,pjyst.nycyzoq.top
apwg_sample_4190/2023-05/2023-05-17/2023-05-17-998.png,Facebook,Facebook,1,tagBox1,0.8806844,oddajemy-razem.pl
apwg_sample_4190/2023-05/2023-05-27/2023-05-27-97575.png,Facebook,,0,tagBox0,0,339156609pj.pages.dev
apwg_sample_4190/2023-05/2023-05-30/2023-05-30-75863.png,Ozon,,0,tagBox1,0.7810477,s01g0.cukibub.top
apwg_sample_4190/2023-05/2023-05-26/2023-05-26-44097.png,Microsoft,Microsoft,1,tagBox1,0.92929244,rivertownadvisors.com
apwg_sample_4190/2023-05/2023-05-16/2023-05-16-66311.png,Facebook,Facebook,1,tagBox1,0.8806844,sprzedawaj-auta.pl
apwg_sample_4190/2023-05/2023-05-22/2023-05-22-82760.png,Facebook,Facebook,1,tagBox1,0.8806844,carhandel-rusinscy.pl
apwg_sample_4190/2023-07/2023-07-07/2023-07-07-106389.png,Microsoft,,0,tagBox1,0.73319364,login.projects.cavi.au.dk
apwg_sample_4190/2023-05/2023-05-20/2023-05-20-108969.png,Rippling,,0,tagBox1,0.66936874,riplingu.sa.com
apwg_sample_4190/2023-05/2023-05-30/2023-05-30-75916.png,Interac,,0,tagBox0,0,albertaaffordabilityplan-payment.com
apwg_sample_4190/2023-05/2023-05-10/2023-05-10-136258.png,Meta,,0,tagBox1,0.7347323,community-case-social-media-451231222.buzz
apwg_sample_4190/2023-05/2023-05-22/2023-05-22-85572.png,Ozon,,0,tagBox1,0.5951613,u1v2a.gufejyg.top
apwg_sample_4190/2023-07/2023-07-28/2023-07-28-69412.png,Interac,,0,tagBox0,0,45.15.168.6
apwg_sample_4190/2023-05/2023-05-14/2023-05-14-138066.png,Facebook,Facebook,1,tagBox1,0.8806844,zakupy-auta.pl
apwg_sample_4190/2023-07/2023-07-16/2023-07-16-93295.png,Facebook,,0,tagBox1,0.77512586,www.sukien.moruongnhanqua.lienquan.garenae.vn
apwg_sample_4190/2023-05/2023-05-16/2023-05-16-65615.png,Facebook,Facebook,1,tagBox1,0.8806844,autohandel-milscy.pl
apwg_sample_4190/2023-05/2023-05-14/2023-05-14-138896.png,Facebook,Facebook,1,tagBox1,0.8806844,autohandel-pilowski.pl
apwg_sample_4190/2023-05/2023-05-23/2023-05-23-26370.png,BDO Unibank,,0,tagBox0,0,ycolympiad.com
apwg_sample_4190/2023-07/2023-07-14/2023-07-14-22909.png,Facebook,Facebook,1,tagBox1,0.94220984,235641516515162100.duckdns.org
apwg_sample_4190/2023-05/2023-05-19/2023-05-19-11111.png,Facebook,Facebook,1,tagBox1,0.8806844,motogielda-zachod.pl
apwg_sample_4190/2023-05/2023-05-18/2023-05-18-5521.png,Facebook,Facebook,1,tagBox1,0.8806844,sprzedajmy-auto.pl
apwg_sample_4190/2023-05/2023-05-18/2023-05-18-4666.png,Facebook,Magalu,1,tagBox1,0.86752295,zakup-auta.pl
apwg_sample_4190/2023-07/2023-07-05/2023-07-05-74311.png,Ozon,,0,tagBox1,0.7810477,tlv9o.tumilyc.top
apwg_sample_4190/2023-05/2023-05-18/2023-05-18-4492.png,Facebook,Facebook,1,tagBox1,0.8806844,oddam-uzywane.pl
apwg_sample_4190/2023-05/2023-05-18/2023-05-18-4263.png,Facebook,Facebook,1,tagBox1,0.8806844,oddam-tobie.pl
apwg_sample_4190/2023-05/2023-05-16/2023-05-16-71847.png,Microsoft,Microsoft,1,tagBox1,0.9394127,pub-e20fc1b9abb7451b80557375243ff5a5.r2.dev
apwg_sample_4190/2023-06/2023-06-09/2023-06-09-55556.png,Microsoft,Microsoft,1,tagBox1,0.9133214,mpimmigrationlaw-1318334846.cos.ap-singapore.myqcloud.com
apwg_sample_4190/2023-07/2023-07-04/2023-07-04-95210.png,Facebook,Facebook,1,tagBox1,0.9452911,notice-5ytbjx32i-news110.vercel.app
apwg_sample_4190/2023-05/2023-05-08/2023-05-08-61078.png,Facebook,Facebook,1,tagBox1,0.8806844,autokomis-handelwwa.pl
apwg_sample_4190/2023-05/2023-05-07/2023-05-07-64316.png,Facebook,Facebook,1,tagBox1,0.8806844,auta-oglaszamy.pl
apwg_sample_4190/2023-05/2023-05-11/2023-05-11-8746.png,Facebook,,0,tagBox0,0,twf35.r2owd.xyz
apwg_sample_4190/2023-05/2023-05-06/2023-05-06-6603.png,Facebook,Facebook,1,tagBox1,0.8806844,autohandel-samochodowy.pl
apwg_sample_4190/2023-05/2023-05-11/2023-05-11-9207.png,Facebook,Facebook,1,tagBox1,0.8806844,ogloszenie-auto.pl
apwg_sample_4190/2023-05/2023-05-10/2023-05-10-136345.png,Facebook,Facebook,1,tagBox1,0.8806844,zakup-auto.pl
apwg_sample_4190/2023-05/2023-05-09/2023-05-09-102463.png,Facebook,Facebook,1,tagBox1,0.8806844,oglaszamy-auta.pl
apwg_sample_4190/2023-05/2023-05-12/2023-05-12-18082.png,au,,0,tagBox0,0,hfrrmrxpli.duckdns.org
apwg_sample_4190/2023-05/2023-05-08/2023-05-08-59757.png,Facebook,Facebook,1,tagBox1,0.8806844,ogloszenie-auta.pl
apwg_sample_4190/2023-05/2023-05-21/2023-05-21-88598.png,Facebook,,0,tagBox0,0,151.106.35.66
apwg_sample_4190/2023-07/2023-07-10/2023-07-10-6980.png,Namecheap,,0,tagBox1,0.7060813,iyfbodn.com
apwg_sample_4190/2023-05/2023-05-29/2023-05-29-128302.png,Namecheap,Banco de Chile,1,tagBox1,0.8677542,fileapi.besthotel360.com
apwg_sample_4190/2023-06/2023-06-29/2023-06-29-119332.png,Facebook,,0,tagBox1,0.62105477,sukiennhanqua2023.garenne.vn
apwg_sample_4190/2023-06/2023-06-21/2023-06-21-5659.png,Facebook,Facebook,1,tagBox1,0.8806844,ogiaszamy.pl
apwg_sample_4190/2023-05/2023-05-30/2023-05-30-72849.png,Facebook,Facebook,1,tagBox1,0.8806844,uzywane-wysylka.pl
apwg_sample_4190/2023-05/2023-05-31/2023-05-31-22402.png,Ozon,,0,tagBox1,0.7810477,9tmbz.nulogyr.top
apwg_sample_4190/2023-05/2023-05-26/2023-05-26-39632.png,Namecheap,Banco de Chile,1,tagBox1,0.8677542,fileapi.besthotel360.com
apwg_sample_4190/2023-05/2023-05-31/2023-05-31-22369.png,Facebook,,0,tagBox1,0.7507893,vbvcnbnchgfhdfhfdhfh.blogspot.com
apwg_sample_4190/2023-05/2023-05-31/2023-05-31-21976.png,Facebook,,0,tagBox1,0.6794826,fhjdvbjhfueuyteiuytigkd.blogspot.com.mt
apwg_sample_4190/2023-05/2023-05-30/2023-05-30-77572.png,Facebook,Facebook,1,tagBox1,0.8806844,uzywane-akcesoria.pl
apwg_sample_4190/2023-05/2023-05-31/2023-05-31-24626.png,Facebook,,0,tagBox1,0.6768228,hgnjghkhkmbkljglghkfgjdgj.blogspot.sk
apwg_sample_4190/2023-06/2023-06-06/2023-06-06-183224.png,Facebook,Facebook,1,tagBox1,0.86593205,fgdghfgdgfhfdgdgfgd.blogspot.qa
apwg_sample_4190/2023-06/2023-06-07/2023-06-07-38395.png,Facebook,,0,tagBox1,0.70172715,800pizza.pk
apwg_sample_4190/2023-05/2023-05-31/2023-05-31-21899.png,Facebook,,0,tagBox1,0.7507893,cnxvhfjdshgjhadghyfgghfg.blogspot.hu
apwg_sample_4190/2023-06/2023-06-14/2023-06-14-150416.png,reCAPTCHA,,0,tagBox0,0,covenantminds.com
apwg_sample_4190/2023-05/2023-05-31/2023-05-31-23759.png,Facebook,,0,tagBox1,0.7641245,fgshdgfjsgdreytgcxb.blogspot.my
apwg_sample_4190/2023-06/2023-06-01/2023-06-01-81139.png,Facebook,Facebook,1,tagBox1,0.8806844,lapiemy-okazje.pl
apwg_sample_4190/2023-05/2023-05-31/2023-05-31-23484.png,Facebook,,0,tagBox1,0.7507893,vnxcmgjdsgakfjturtyvhhg.blogspot.co.il
apwg_sample_4190/2023-05/2023-05-31/2023-05-31-24164.png,Facebook,Facebook,1,tagBox1,0.9190276,dfhrsjrsdhdsfh.blogspot.co.ke
apwg_sample_4190/2023-07/2023-07-03/2023-07-03-114334.png,GoDaddy,,0,tagBox1,0.88788116,nationwidechildrenscorp.com
apwg_sample_4190/2023-06/2023-06-01/2023-06-01-79531.png,Facebook,Facebook,1,tagBox1,0.86884606,gobloga3862.blogspot.cl
apwg_sample_4190/2023-05/2023-05-31/2023-05-31-23635.png,Facebook,,0,tagBox1,0.5652015,tinyurl.com
apwg_sample_4190/2023-06/2023-06-02/2023-06-02-24800.png,Meta,,0,tagBox1,0.6490171,help-1112689753185922.my.id
apwg_sample_4190/2023-05/2023-05-31/2023-05-31-24782.png,Facebook,,0,tagBox1,0.7674004,cxvnxfbjdshfjhfadfagf.blogspot.pt
apwg_sample_4190/2023-06/2023-06-23/2023-06-23-107390.png,Facebook,Facebook,1,tagBox1,0.90768886,linkvideeeeeeeeeo.blogspot.com.by
apwg_sample_4190/2023-07/2023-07-31/2023-07-31-10238.png,Microsoft,Microsoft,1,tagBox1,0.93448347,msnaccounlogger.vastserve.com
apwg_sample_4190/2023-06/2023-06-02/2023-06-02-21207.png,Facebook,Facebook,1,tagBox1,0.9236903,etrtyfghdgfdvcnvbcgf.blogspot.rs
apwg_sample_4190/2023-06/2023-06-22/2023-06-22-127683.png,Facebook,,0,tagBox1,0.7802229,3542543221.unico.cfd
apwg_sample_4190/2023-06/2023-06-05/2023-06-05-90434.png,Facebook,Facebook,1,tagBox1,0.9236903,mnhjguyt7865755643ed5324867mnjh.blogspot.com.by
apwg_sample_4190/2023-07/2023-07-16/2023-07-16-93836.png,Facebook,Facebook,1,tagBox1,0.8806844,sklep.tanie-auto.com
apwg_sample_4190/2023-05/2023-05-31/2023-05-31-24394.png,Meta,,0,tagBox1,0.7459963,appbusinnesses.start.page
apwg_sample_4190/2023-06/2023-06-12/2023-06-12-118202.png,Facebook,Facebook,1,tagBox1,0.90768886,jhjhjhjhghh.blogspot.hu
apwg_sample_4190/2023-05/2023-05-01/2023-05-01-25472.png,Facebook,Facebook,1,tagBox1,0.88066065,sklep-auta.pl
apwg_sample_4190/2023-05/2023-05-01/2023-05-01-25406.png,Facebook,Facebook,1,tagBox1,0.8806844,auta-market.pl
apwg_sample_4190/2023-05/2023-05-26/2023-05-26-31602.png,Facebook,Facebook,1,tagBox1,0.8806844,darmowa-paczka.pl
apwg_sample_4190/2023-05/2023-05-23/2023-05-23-27679.png,Microsoft,Microsoft,1,tagBox1,0.915612,immigrationlawyer-1318233601.cos.ap-mumbai.myqcloud.com
apwg_sample_4190/2023-05/2023-05-25/2023-05-25-49019.png,Microsoft,Microsoft,1,tagBox1,0.93006784,fishingrods-shop.com
apwg_sample_4190/2023-05/2023-05-22/2023-05-22-83748.png,Facebook,Facebook,1,tagBox1,0.8806844,auto-otomoto.pl
apwg_sample_4190/2023-05/2023-05-22/2023-05-22-85666.png,Facebook,Facebook,1,tagBox1,0.8806844,oddam-dlaciebie.pl
apwg_sample_4190/2023-05/2023-05-25/2023-05-25-51734.png,Facebook,Facebook,1,tagBox1,0.8825573,zakupuj-auta.pl
apwg_sample_4190/2023-05/2023-05-22/2023-05-22-83570.png,Facebook,Facebook,1,tagBox1,0.8806844,oddam-darmowe.pl
apwg_sample_4190/2023-05/2023-05-26/2023-05-26-41810.png,Facebook,Facebook,1,tagBox1,0.8806844,sprzedawanie-aut.pl
apwg_sample_4190/2023-06/2023-06-09/2023-06-09-51600.png,Microsoft,Microsoft,1,tagBox1,0.8939549,mpimmigrationlaw-1318334846.cos.ap-singapore.myqcloud.com
apwg_sample_4190/2023-07/2023-07-07/2023-07-07-108947.png,Commonwealth Bank of Australia,Commonwealth Bank of Australia,1,tagBox1,0.9022124,215466.pages.dev
apwg_sample_4190/2023-05/2023-05-20/2023-05-20-109114.png,Facebook,Facebook,1,tagBox1,0.8806844,kupuj-auta.pl
apwg_sample_4190/2023-07/2023-07-09/2023-07-09-48085.png,Facebook,Facebook,1,tagBox1,0.90582085,rejected-ads.com
apwg_sample_4190/2023-05/2023-05-16/2023-05-16-69478.png,United Services Automobile Association,United Services Automobile Association,1,tagBox1,0.89001817,blog.aaronleyland.com
apwg_sample_4190/2023-05/2023-05-22/2023-05-22-83754.png,Facebook,Facebook,1,tagBox1,0.9223021,egtwertwe3r3wr.blogspot.no
apwg_sample_4190/2023-05/2023-05-26/2023-05-26-44858.png,Facebook,Facebook,1,tagBox1,0.9236903,xnbxasfsaf.blogspot.co.ke
apwg_sample_4190/2023-06/2023-06-04/2023-06-04-67761.png,Facebook,Facebook,1,tagBox1,0.91576254,entries-sign-brisbane-party.trycloudflare.com
apwg_sample_4190/2023-05/2023-05-26/2023-05-26-38425.png,Facebook,Facebook,1,tagBox1,0.86593205,dsghfdhdf.blogspot.ie
apwg_sample_4190/2023-05/2023-05-29/2023-05-29-128462.png,reCAPTCHA,Uber,1,tagBox1,0.8470313,files.getsoftfree.com
apwg_sample_4190/2023-05/2023-05-26/2023-05-26-44324.png,Facebook,Facebook,1,tagBox1,0.9017285,www.samochodowy-sklep.pl
apwg_sample_4190/2023-05/2023-05-25/2023-05-25-48511.png,Facebook,Facebook,1,tagBox1,0.8806844,darmowo-razem.pl
apwg_sample_4190/2023-05/2023-05-28/2023-05-28-120293.png,Facebook,Facebook,1,tagBox1,0.8806844,samochodowy-sklep.pl
apwg_sample_4190/2023-05/2023-05-28/2023-05-28-121082.png,Facebook,Facebook,1,tagBox1,0.9236903,adefresdsfdsf.blogspot.co.za
apwg_sample_4190/2023-05/2023-05-26/2023-05-26-41448.png,Facebook,Facebook,1,tagBox1,0.8806844,moto-auta.pl
apwg_sample_4190/2023-05/2023-05-25/2023-05-25-49663.png,Facebook,,0,tagBox1,0.68765056,dfdsgfhgfjgfjfhjgnhcvbxc.blogspot.co.at
apwg_sample_4190/2023-07/2023-07-13/2023-07-13-54283.png,Facebook,,0,tagBox1,0.7427,fb-market-place-item5331222125323312312.progaurdsecurity.com
apwg_sample_4190/2023-05/2023-05-30/2023-05-30-78412.png,Namecheap,,0,tagBox1,0.6961763,test.besthotel360.com
apwg_sample_4190/2023-06/2023-06-06/2023-06-06-185335.png,Microsoft,Microsoft,1,tagBox1,0.92861617,ipfs.io
apwg_sample_4190/2023-05/2023-05-24/2023-05-24-93207.png,Facebook,Facebook,1,tagBox1,0.8806844,sklep-automobil.pl
apwg_sample_4190/2023-05/2023-05-25/2023-05-25-52383.png,Facebook,Facebook,1,tagBox1,0.9223021,gfhfgjhgfjghjhgk.blogspot.tw
apwg_sample_4190/2023-05/2023-05-03/2023-05-03-56077.png,Facebook,Facebook,1,tagBox1,0.9067111,sprzedamautowroclaw.pl
apwg_sample_4190/2023-05/2023-05-03/2023-05-03-57408.png,WhatsApp,WhatsApp,1,tagBox1,0.8318516,wa.whswuwjs.cc
apwg_sample_4190/2023-05/2023-05-08/2023-05-08-60426.png,Facebook,Banco do Brasil S.A,1,tagBox1,0.8776785,ghghghghgh9898.blogspot.com
apwg_sample_4190/2023-05/2023-05-08/2023-05-08-58329.png,Facebook,Banco do Brasil S.A,1,tagBox1,0.8866135,ytyty6767676.blogspot.no
apwg_sample_4190/2023-05/2023-05-08/2023-05-08-61610.png,Facebook,Banco do Brasil S.A,1,tagBox1,0.8866135,ghghgh6767.blogspot.dk
apwg_sample_4190/2023-06/2023-06-17/2023-06-17-171427.png,Wayfair,TalkTalk Communications,1,tagBox1,0.83294606,www.sogo-sofa.shop
apwg_sample_4190/2023-05/2023-05-15/2023-05-15-125170.png,Facebook,Facebook,1,tagBox1,0.8806844,autohandel-lipowscy.pl
apwg_sample_4190/2023-05/2023-05-14/2023-05-14-139119.png,Facebook,Facebook,1,tagBox1,0.8806844,ogloszenia-auta.pl
apwg_sample_4190/2023-05/2023-05-16/2023-05-16-66985.png,United Services Automobile Association,United Services Automobile Association,1,tagBox1,0.89001817,blog.aaronleyland.com
apwg_sample_4190/2023-05/2023-05-14/2023-05-14-139538.png,Facebook,Facebook,1,tagBox1,0.8806844,autohandel-tomaczyk.pl
apwg_sample_4190/2023-06/2023-06-28/2023-06-28-31831.png,Facebook,,0,tagBox0,0,shorturl.at
apwg_sample_4190/2023-07/2023-07-13/2023-07-13-48966.png,Facebook,Facebook,1,tagBox1,0.86593205,asdasdgjhjsadasdgfhgjhghj.blogspot.fi
apwg_sample_4190/2023-05/2023-05-29/2023-05-29-134290.png,Facebook,Facebook,1,tagBox1,0.8806844,darmowe-uzywane.pl
apwg_sample_4190/2023-05/2023-05-29/2023-05-29-132817.png,Facebook,Facebook,1,tagBox1,0.8825573,oddaje-zadarmo.pl
apwg_sample_4190/2023-06/2023-06-13/2023-06-13-11620.png,Microsoft,Microsoft,1,tagBox1,0.90440595,site-gzkjw.powerappsportals.com
apwg_sample_4190/2023-07/2023-07-11/2023-07-11-117957.png,Facebook,Facebook,1,tagBox1,0.93139714,real-estate-228001556112.qtpikids.com
apwg_sample_4190/2023-06/2023-06-02/2023-06-02-22327.png,Facebook,,0,tagBox1,0.7910331,marketplace-item66238941771002438.com
apwg_sample_4190/2023-06/2023-06-02/2023-06-02-16024.png,Facebook,Facebook,1,tagBox1,0.8806844,ogloszenia-uzywane.pl
apwg_sample_4190/2023-06/2023-06-06/2023-06-06-184109.png,WhatsApp,WhatsApp,1,tagBox1,0.8315123,whalaapps.xyz
apwg_sample_4190/2023-05/2023-05-02/2023-05-02-78694.png,Facebook,Magalu,1,tagBox1,0.86752295,4kolka-sklep.pl
apwg_sample_4190/2023-05/2023-05-21/2023-05-21-88233.png,Messenger,,0,tagBox1,0.7219039,masaanger.blogspot.com.tr
apwg_sample_4190/2023-05/2023-05-21/2023-05-21-88889.png,Messenger,,0,tagBox0,0,messnegggetrsa.blogspot.ch
apwg_sample_4190/2023-07/2023-07-15/2023-07-15-86762.png,Facebook,,0,tagBox1,0.65224844,app-amrrot.abelano.my.id
apwg_sample_4190/2023-05/2023-05-27/2023-05-27-97471.png,Facebook,Facebook,1,tagBox1,0.9264729,54.37.105.149
apwg_sample_4190/2023-05/2023-05-28/2023-05-28-115786.png,Facebook,,0,tagBox1,0.80554575,eqeqwesdsadasdsa.blogspot.in
apwg_sample_4190/2023-06/2023-06-02/2023-06-02-19443.png,Facebook,,0,tagBox1,0.68439835,verify-businnes-metaa.start.page
apwg_sample_4190/2023-06/2023-06-06/2023-06-06-175095.png,Facebook,Facebook,1,tagBox1,0.9236903,girlbeautiful135.blogspot.gr
apwg_sample_4190/2023-07/2023-07-01/2023-07-01-21749.png,Namecheap,,0,tagBox1,0.6952201,best-targeted-traffic.com
apwg_sample_4190/2023-05/2023-05-29/2023-05-29-130395.png,Facebook,,0,tagBox0,0,baruspontan.my.id
apwg_sample_4190/2023-06/2023-06-02/2023-06-02-16014.png,Facebook,Banco do Brasil S.A,1,tagBox1,0.8397674,fdgfdhfdhdfhfdhfhfdfr.blogspot.com.eg
apwg_sample_4190/2023-06/2023-06-13/2023-06-13-10465.png,Apple,Apple,1,tagBox1,0.88847953,6702116702.appylseg.com
apwg_sample_4190/2023-07/2023-07-05/2023-07-05-76112.png,Facebook,,0,tagBox0,0,9978gvdg365.duckdns.org
apwg_sample_4190/2023-06/2023-06-18/2023-06-18-187112.png,Facebook,Facebook,1,tagBox1,0.8806844,ottopojazdy.pl
apwg_sample_4190/2023-07/2023-07-16/2023-07-16-93628.png,Facebook,Facebook,1,tagBox1,0.88066065,poiskie-ogloszenia.pl
apwg_sample_4190/2023-06/2023-06-16/2023-06-16-134162.png,United States Postal Service,nordea,1,tagBox1,0.8473054,uspse.shop
apwg_sample_4190/2023-06/2023-06-23/2023-06-23-97425.png,Facebook,Facebook,1,tagBox1,0.88066065,poiska-ogioszenia.pl
apwg_sample_4190/2023-06/2023-06-21/2023-06-21-6988.png,Facebook,Facebook,1,tagBox1,0.8806844,komis-rzeszow.pl
apwg_sample_4190/2023-07/2023-07-01/2023-07-01-18609.png,Microsoft,Microsoft,1,tagBox1,0.9470254,citroen-pps.com
apwg_sample_4190/2023-06/2023-06-22/2023-06-22-127211.png,Facebook,Facebook,1,tagBox1,0.8806844,ogioszenia24.pl
apwg_sample_4190/2023-06/2023-06-20/2023-06-20-160704.png,Facebook,Facebook,1,tagBox1,0.8806844,ogioszenia-poiska.pl
apwg_sample_4190/2023-06/2023-06-18/2023-06-18-187638.png,Naver Corporation,,0,tagBox0,0,navurlx.pro
apwg_sample_4190/2023-07/2023-07-05/2023-07-05-75521.png,Facebook,,0,tagBox0,0,9978gvdg365.duckdns.org
apwg_sample_4190/2023-06/2023-06-12/2023-06-12-113520.png,Facebook,Facebook,1,tagBox1,0.8806844,uzywane-dlaciebie.pl
apwg_sample_4190/2023-06/2023-06-21/2023-06-21-3634.png,Facebook,,0,tagBox1,0.77512586,nhanqua-freefire.gerana.vn
apwg_sample_4190/2023-06/2023-06-20/2023-06-20-161361.png,Facebook,Facebook,1,tagBox1,0.8806844,ogioszenia-darmowe.pl
apwg_sample_4190/2023-06/2023-06-21/2023-06-21-4015.png,Facebook,Facebook,1,tagBox1,0.894161,samochodylokalnesell.net.pl
apwg_sample_4190/2023-07/2023-07-26/2023-07-26-60732.png,Meta,,0,tagBox1,0.6919793,ads.management-hub.info
apwg_sample_4190/2023-06/2023-06-18/2023-06-18-187660.png,WhatsApp,WhatsApp,1,tagBox1,0.8315123,whoxingapp.com
apwg_sample_4190/2023-06/2023-06-24/2023-06-24-71224.png,Facebook,Facebook,1,tagBox1,0.9236903,xdgxfhgcjfjgjgfjcfgjcjcgc.blogspot.md
apwg_sample_4190/2023-06/2023-06-07/2023-06-07-40565.png,Facebook,Facebook,1,tagBox1,0.8806844,autosprzedaz-ilkowscy.pl
apwg_sample_4190/2023-06/2023-06-10/2023-06-10-7782.png,Facebook,Facebook,1,tagBox1,0.90768886,link-new1.blogspot.it
apwg_sample_4190/2023-06/2023-06-16/2023-06-16-132239.png,Facebook,Facebook,1,tagBox1,0.8806844,car-komispolska.pl
apwg_sample_4190/2023-07/2023-07-14/2023-07-14-31970.png,Facebook,,0,tagBox1,0.644455,fdgfhfghgdgfhghfdgdfgfd.blogspot.com.eg
apwg_sample_4190/2023-06/2023-06-07/2023-06-07-34515.png,Facebook,Facebook,1,tagBox1,0.88066065,komisautopoland.pl
apwg_sample_4190/2023-06/2023-06-05/2023-06-05-90639.png,Facebook,Facebook,1,tagBox1,0.9067111,uzywaneimportauto.biz.pl
apwg_sample_4190/2023-06/2023-06-04/2023-06-04-67969.png,Meta,,0,tagBox1,0.6579311,improved-protec-users2478456.click
apwg_sample_4190/2023-06/2023-06-02/2023-06-02-17030.png,Facebook,Facebook,1,tagBox1,0.8806844,uzywane-ogloszenia.pl
apwg_sample_4190/2023-06/2023-06-28/2023-06-28-31169.png,Facebook,Facebook,1,tagBox1,0.9223021,djfbkejhfeowhrfjlkas.blogspot.am
apwg_sample_4190/2023-06/2023-06-15/2023-06-15-129692.png,Facebook,,0,tagBox0,0,csesbok-arweraso.harcse.cfd
apwg_sample_4190/2023-06/2023-06-11/2023-06-11-41996.png,WhatsApp,,0,tagBox1,0.79698014,qintian.weaihs.cyou
apwg_sample_4190/2023-06/2023-06-10/2023-06-10-9554.png,Facebook,Facebook,1,tagBox1,0.9067111,autolicytacjapolska.net.pl
apwg_sample_4190/2023-06/2023-06-12/2023-06-12-118512.png,AT&T,AT&T,1,tagBox1,0.95506334,att-100747.weeblysite.com
apwg_sample_4190/2023-07/2023-07-10/2023-07-10-8749.png,Facebook,Facebook,1,tagBox1,0.9459572,telegraam-kurvichkii.000webhostapp.com
apwg_sample_4190/2023-06/2023-06-12/2023-06-12-118788.png,Facebook,Facebook,1,tagBox1,0.9067111,samochodypowypadkowe.net.pl
apwg_sample_4190/2023-06/2023-06-05/2023-06-05-90367.png,Meta,,0,tagBox1,0.6579311,improved-protec-users24753457.click
apwg_sample_4190/2023-06/2023-06-08/2023-06-08-172837.png,Facebook,Facebook,1,tagBox1,0.8806844,autosprzedaz-lubczynski.pl
apwg_sample_4190/2023-06/2023-06-09/2023-06-09-58463.png,Facebook,Facebook,1,tagBox1,0.8806844,xn--forum-uywane-2xc.pl
apwg_sample_4190/2023-06/2023-06-08/2023-06-08-172650.png,Apple,,0,tagBox0,0,gghmm.xyz
apwg_sample_4190/2023-06/2023-06-22/2023-06-22-122973.png,Facebook,Facebook,1,tagBox1,0.90768886,dgtru6yq5jndyu76.blogspot.hu
apwg_sample_4190/2023-06/2023-06-13/2023-06-13-11373.png,PayPal,PayPal,1,tagBox1,0.8956331,mailappssupport.custumeradds9283763.monster
apwg_sample_4190/2023-06/2023-06-15/2023-06-15-130806.png,Facebook,Facebook,1,tagBox1,0.90533906,komis-samochodowywwa.pl
apwg_sample_4190/2023-06/2023-06-19/2023-06-19-149745.png,Facebook,Facebook,1,tagBox1,0.8980716,vrifffy.zzux.com
apwg_sample_4190/2023-06/2023-06-23/2023-06-23-109593.png,Microsoft,Microsoft,1,tagBox1,0.93832594,beige-worried-swift-262.mypinata.cloud
apwg_sample_4190/2023-06/2023-06-02/2023-06-02-24884.png,Facebook,Banco do Brasil S.A,1,tagBox1,0.8598224,rytryfgdgfdhgfghdfdf.blogspot.lu
apwg_sample_4190/2023-06/2023-06-13/2023-06-13-14279.png,Facebook,,0,tagBox0,0,improved-protec-users124645.click
apwg_sample_4190/2023-06/2023-06-12/2023-06-12-113740.png,United States Postal Service,,0,tagBox1,0.7475995,ngfkl.top
apwg_sample_4190/2023-06/2023-06-02/2023-06-02-26460.png,Facebook,Banco do Brasil S.A,1,tagBox1,0.85212255,gfjhgfutuyrtfhjgfjghjgjdfj.blogspot.co.za
apwg_sample_4190/2023-06/2023-06-02/2023-06-02-23219.png,Facebook,,0,tagBox1,0.7641245,fgdsgryewrtgfhdgsfhgs.blogspot.sg
apwg_sample_4190/2023-06/2023-06-02/2023-06-02-28304.png,Facebook,Banco do Brasil S.A,1,tagBox1,0.84644413,fhdjfhuertyuertyueytfjdf.blogspot.co.nz
apwg_sample_4190/2023-06/2023-06-02/2023-06-02-23328.png,Facebook,Banco do Brasil S.A,1,tagBox1,0.84644413,dgdfhfdhdfhdfghfdhfh.blogspot.ie
apwg_sample_4190/2023-06/2023-06-02/2023-06-02-17792.png,Facebook,,0,tagBox1,0.6893966,videohotfunnishfsfgsdfjsdfsdfg.blogspot.qa
apwg_sample_4190/2023-06/2023-06-02/2023-06-02-22979.png,Facebook,,0,tagBox1,0.788183,videoxnnnhothfgd.blogspot.com
apwg_sample_4190/2023-06/2023-06-02/2023-06-02-26420.png,Facebook,Facebook,1,tagBox1,0.9223021,fgrtrudhgdfhgjhgdytrutyrutry.blogspot.fr
apwg_sample_4190/2023-06/2023-06-02/2023-06-02-14897.png,Facebook,,0,tagBox1,0.7114693,hjhgtjrytureytuerytureytreutyu.blogspot.md
apwg_sample_4190/2023-06/2023-06-02/2023-06-02-15865.png,Facebook,Banco do Brasil S.A,1,tagBox1,0.84644413,dgdfytytrygfgfghfghgfdgf.blogspot.dk
apwg_sample_4190/2023-06/2023-06-02/2023-06-02-26416.png,Facebook,,0,tagBox1,0.7641245,rgsdguyugfsnvbcnxvnxc.blogspot.com
apwg_sample_4190/2023-06/2023-06-02/2023-06-02-18288.png,Facebook,,0,tagBox1,0.7641245,dgdfhdytryuertgfhgjdg.blogspot.com
apwg_sample_4190/2023-06/2023-06-02/2023-06-02-27720.png,Facebook,Banco do Brasil S.A,1,tagBox1,0.8462318,fgdfgsdurwetyuerythjg.blogspot.com.br
apwg_sample_4190/2023-06/2023-06-02/2023-06-02-26341.png,Facebook,Banco do Brasil S.A,1,tagBox1,0.8526697,cliphot2020funnygirrlfshdfsdn.blogspot.is
apwg_sample_4190/2023-06/2023-06-02/2023-06-02-27734.png,Facebook,Banco do Brasil S.A,1,tagBox1,0.84644413,gjhgffsrgeygfjdbgfndbgvn.blogspot.md
apwg_sample_4190/2023-06/2023-06-02/2023-06-02-18445.png,Facebook,Facebook,1,tagBox1,0.9190276,dgtdtyreyhrfhfhsgsgfs.blogspot.com.uy
apwg_sample_4190/2023-06/2023-06-02/2023-06-02-17834.png,Facebook,Banco do Brasil S.A,1,tagBox1,0.84644413,sdfgdsyhfdhfgjhfghdfdfsd.blogspot.si
apwg_sample_4190/2023-06/2023-06-02/2023-06-02-22131.png,Facebook,Banco do Brasil S.A,1,tagBox1,0.8462318,ryetuethdgfhdghcgv.blogspot.hk
apwg_sample_4190/2023-06/2023-06-02/2023-06-02-20681.png,Facebook,,0,tagBox1,0.6951372,videohot2020girlbfeuref.blogspot.com.cy
apwg_sample_4190/2023-06/2023-06-01/2023-06-01-81067.png,Facebook,Facebook,1,tagBox1,0.8806844,okazje-razem.pl
apwg_sample_4190/2023-06/2023-06-02/2023-06-02-21965.png,Facebook,Facebook,1,tagBox1,0.95937806,ghjhjhjhjhjrryr.blogspot.lt
apwg_sample_4190/2023-06/2023-06-07/2023-06-07-40915.png,Facebook,,0,tagBox1,0.6386149,r7uyy7.blogspot.com
apwg_sample_4190/2023-06/2023-06-02/2023-06-02-17054.png,Facebook,Banco do Brasil S.A,1,tagBox1,0.84130335,fhfgjhfgujyturtfujhfghjgjhgk.blogspot.ie
apwg_sample_4190/2023-06/2023-06-04/2023-06-04-59410.png,Facebook,,0,tagBox1,0.80554575,xzczxcxzsddsad.blogspot.qa
apwg_sample_4190/2023-06/2023-06-05/2023-06-05-88689.png,Facebook,Facebook,1,tagBox1,0.8806844,ogloszenia-dlaciebie.pl
apwg_sample_4190/2023-06/2023-06-07/2023-06-07-38973.png,Facebook,,0,tagBox0,0,329906431177336ar-alg.pages.dev
apwg_sample_4190/2023-06/2023-06-02/2023-06-02-25949.png,Facebook,Facebook,1,tagBox1,0.8806844,samochodowe-forum.pl
apwg_sample_4190/2023-06/2023-06-01/2023-06-01-75707.png,Facebook,Facebook,1,tagBox1,0.8806844,okazje-uzywane.pl
apwg_sample_4190/2023-07/2023-07-16/2023-07-16-93458.png,Facebook,,0,tagBox0,0,facebookaccountrecovery.my.id
apwg_sample_4190/2023-07/2023-07-05/2023-07-05-76417.png,Facebook,Facebook,1,tagBox1,0.9266188,localgbb225.shop
apwg_sample_4190/2023-06/2023-06-28/2023-06-28-30237.png,Facebook,Facebook,1,tagBox1,0.8806844,autokomis-iubiin.pl
apwg_sample_4190/2023-06/2023-06-30/2023-06-30-162362.png,Facebook,Facebook,1,tagBox1,0.8806844,auto-iubiin.pl
apwg_sample_4190/2023-06/2023-06-28/2023-06-28-31499.png,Facebook,,0,tagBox0,0,sv65s416v4s64v16s4v68s46v4sv.blogspot.com
apwg_sample_4190/2023-07/2023-07-07/2023-07-07-110029.png,Facebook,,0,tagBox0,0,whatsappgroup.clicktruez.com
apwg_sample_4190/2023-06/2023-06-29/2023-06-29-119351.png,Facebook,Facebook,1,tagBox1,0.8806844,ogioszenia.net.pl
apwg_sample_4190/2023-06/2023-06-28/2023-06-28-31701.png,Facebook,Facebook,1,tagBox1,0.88066065,poiski-autokomis.pl
apwg_sample_4190/2023-07/2023-07-03/2023-07-03-113151.png,Facebook,Facebook,1,tagBox1,0.8806844,poiska-komis.pl
apwg_sample_4190/2023-06/2023-06-23/2023-06-23-95940.png,Sumitomo Mitsui Banking Corporation,,0,tagBox1,0.6178573,jhgfuht.serveuser.com
apwg_sample_4190/2023-06/2023-06-26/2023-06-26-73184.png,United States Postal Service,nordea,1,tagBox1,0.85649335,notice-usps.com
apwg_sample_4190/2023-06/2023-06-30/2023-06-30-168521.png,Facebook,,0,tagBox1,0.56668055,asdq2wrhgjhgkyukhghersdwaafdhjmuikjhnfgsdw.000webhostapp.com
apwg_sample_4190/2023-06/2023-06-19/2023-06-19-145334.png,Facebook,,0,tagBox1,0.69305694,19689123123.online
apwg_sample_4190/2023-07/2023-07-10/2023-07-10-3067.png,Apple,Apple,1,tagBox1,0.88847953,7758117758.apphkto.com
apwg_sample_4190/2023-06/2023-06-07/2023-06-07-36097.png,Facebook,,0,tagBox0,0,hfdjdrsjhs.blogspot.ie
apwg_sample_4190/2023-07/2023-07-14/2023-07-14-33206.png,WhatsApp,WhatsApp,1,tagBox1,0.8315123,whangpapp.xyz
apwg_sample_4190/2023-07/2023-07-12/2023-07-12-40656.png,Facebook,,0,tagBox1,0.81239456,thanhthanhthanh122.blogspot.ch
apwg_sample_4190/2023-06/2023-06-08/2023-06-08-172952.png,Facebook,,0,tagBox1,0.706727,girlthailandxxxx.blogspot.com.ng
apwg_sample_4190/2023-06/2023-06-08/2023-06-08-173728.png,Facebook,Facebook,1,tagBox1,0.8806844,forum-okazji.pl
apwg_sample_4190/2023-06/2023-06-08/2023-06-08-174299.png,Facebook,Facebook,1,tagBox1,0.8806844,uzywane-samochody.net.pl
apwg_sample_4190/2023-06/2023-06-04/2023-06-04-62925.png,Facebook,Facebook,1,tagBox1,0.9236903,linkvideosxxx3.blogspot.rs
apwg_sample_4190/2023-06/2023-06-23/2023-06-23-111862.png,Facebook,Facebook,1,tagBox1,0.84745723,ryreyhhyrfhgfhfhfh.blogspot.pe
apwg_sample_4190/2023-06/2023-06-24/2023-06-24-69921.png,Facebook,,0,tagBox0,0,huauau51515.blogspot.ro
apwg_sample_4190/2023-06/2023-06-24/2023-06-24-71283.png,Facebook,,0,tagBox1,0.7910925,hihihi123321.blogspot.sn
apwg_sample_4190/2023-06/2023-06-22/2023-06-22-123684.png,Facebook,Facebook,1,tagBox1,0.8806844,ogiaszam.pl
apwg_sample_4190/2023-07/2023-07-16/2023-07-16-93166.png,Facebook,Facebook,1,tagBox1,0.84474814,fbmarket-ad-vehicle-id287818278189.click
apwg_sample_4190/2023-06/2023-06-22/2023-06-22-128416.png,Facebook,Facebook,1,tagBox1,0.8806844,ogiaszamy-poiska.pl
apwg_sample_4190/2023-07/2023-07-31/2023-07-31-18394.png,Mitsubishi UFJ Financial Group,Vodafone,1,tagBox1,0.8483423,www.selftaughtbook.com
apwg_sample_4190/2023-06/2023-06-12/2023-06-12-119191.png,Facebook,Facebook,1,tagBox1,0.8582779,wwwuss.spbussiineshepl.click
apwg_sample_4190/2023-06/2023-06-01/2023-06-01-83195.png,Facebook,,0,tagBox0,0,511.ogpj.my.id
apwg_sample_4190/2023-07/2023-07-03/2023-07-03-113937.png,Facebook,Bankia,1,tagBox1,0.85938966,jhgghjhgjhgjhgjghj.blogspot.it
apwg_sample_4190/2023-06/2023-06-05/2023-06-05-90907.png,Facebook,Facebook,1,tagBox1,0.8973125,photo.lj4k.pics
apwg_sample_4190/2023-06/2023-06-05/2023-06-05-86110.png,Facebook,Facebook,1,tagBox1,0.9452911,psce.pw
apwg_sample_4190/2023-06/2023-06-23/2023-06-23-103080.png,Facebook,Facebook,1,tagBox1,0.90768886,linksdsjdmnmxzkdhasjkf.blogspot.ie
apwg_sample_4190/2023-06/2023-06-23/2023-06-23-112177.png,Facebook,Facebook,1,tagBox1,0.90768886,linkvcvvvczdfdsffsdsdss.blogspot.be
apwg_sample_4190/2023-06/2023-06-22/2023-06-22-124302.png,Sumitomo Mitsui Banking Corporation,SMBC,1,tagBox1,0.948375,vpassmbc-support.loudbrand.cn
apwg_sample_4190/2023-06/2023-06-23/2023-06-23-110165.png,Facebook,Facebook,1,tagBox1,0.9223021,reugjhkjkjgcghhj.blogspot.co.ke
apwg_sample_4190/2023-07/2023-07-10/2023-07-10-5567.png,Facebook,,0,tagBox1,0.81239456,dfyu98.blogspot.com
apwg_sample_4190/2023-06/2023-06-12/2023-06-12-116736.png,Facebook,Facebook,1,tagBox1,0.86593205,nbvgfuyrfghjf56iyt.blogspot.qa
apwg_sample_4190/2023-06/2023-06-12/2023-06-12-115542.png,Facebook,Facebook,1,tagBox1,0.90768886,dfdhdfhdfdfdfh.blogspot.rs
apwg_sample_4190/2023-06/2023-06-12/2023-06-12-116786.png,Facebook,Facebook,1,tagBox1,0.86593205,bvjhgiyt9786jhgnhfnv.blogspot.sn
apwg_sample_4190/2023-06/2023-06-12/2023-06-12-113200.png,Facebook,Facebook,1,tagBox1,0.90768886,hgdghdghhdh.blogspot.be
apwg_sample_4190/2023-06/2023-06-12/2023-06-12-116127.png,Facebook,Facebook,1,tagBox1,0.90768886,hjjjjgjhfgjfgjfj.blogspot.com
apwg_sample_4190/2023-06/2023-06-12/2023-06-12-117618.png,Facebook,Facebook,1,tagBox1,0.86593205,44hjfghf44hgfc44hj44.blogspot.is
apwg_sample_4190/2023-06/2023-06-12/2023-06-12-115690.png,Facebook,Banco do Brasil S.A,1,tagBox1,0.85392165,ndfvbmjsdfhj.blogspot.com.mt
apwg_sample_4190/2023-06/2023-06-12/2023-06-12-113464.png,Facebook,Banco do Brasil S.A,1,tagBox1,0.8644827,xcvfsjhdj.blogspot.hk
apwg_sample_4190/2023-06/2023-06-12/2023-06-12-114103.png,Facebook,Facebook,1,tagBox1,0.9226466,fghfghfgjfghg.blogspot.com.cy
apwg_sample_4190/2023-07/2023-07-07/2023-07-07-106124.png,Facebook,,0,tagBox0,0,helpasccountmanager.com
apwg_sample_4190/2023-06/2023-06-12/2023-06-12-117034.png,Facebook,Banco do Brasil S.A,1,tagBox1,0.8448627,xvnzxmjdh.blogspot.ae
apwg_sample_4190/2023-06/2023-06-12/2023-06-12-117733.png,Facebook,Banco do Brasil S.A,1,tagBox1,0.87324846,dnfsghjdsh.blogspot.ch
apwg_sample_4190/2023-06/2023-06-19/2023-06-19-139337.png,reCAPTCHA,TD Bank Group,1,tagBox1,0.9022026,keydigitalsolution.com
apwg_sample_4190/2023-06/2023-06-12/2023-06-12-116055.png,Facebook,Banco do Brasil S.A,1,tagBox1,0.8862247,xcvmndjj.blogspot.com.br
apwg_sample_4190/2023-06/2023-06-29/2023-06-29-120714.png,Facebook,,0,tagBox0,0,zzqqzzqqzz.blogspot.com
apwg_sample_4190/2023-06/2023-06-22/2023-06-22-123743.png,Facebook,Banco do Brasil S.A,1,tagBox1,0.8935238,hgjg7654.blogspot.dk
apwg_sample_4190/2023-06/2023-06-22/2023-06-22-125035.png,Facebook,Banco do Brasil S.A,1,tagBox1,0.8501994,ghghhgghhg.blogspot.am
apwg_sample_4190/2023-06/2023-06-22/2023-06-22-129241.png,Facebook,Banco do Brasil S.A,1,tagBox1,0.89426583,yhgjhg897676.blogspot.de
apwg_sample_4190/2023-06/2023-06-22/2023-06-22-124579.png,Facebook,Facebook,1,tagBox1,0.9442862,dzfhjfdjhsdhsdhfdfdh.blogspot.co.ke
apwg_sample_4190/2023-06/2023-06-22/2023-06-22-123707.png,Facebook,Banco do Brasil S.A,1,tagBox1,0.8968177,rgere45g5regerg.blogspot.al
apwg_sample_4190/2023-06/2023-06-22/2023-06-22-126251.png,Facebook,Banco do Brasil S.A,1,tagBox1,0.8956034,ghgfhf6564.blogspot.li
apwg_sample_4190/2023-06/2023-06-22/2023-06-22-125389.png,Facebook,Banco do Brasil S.A,1,tagBox1,0.8935238,dsfsdfsdf5sdfsdf.blogspot.nl
apwg_sample_4190/2023-06/2023-06-22/2023-06-22-127948.png,Facebook,Facebook,1,tagBox1,0.90768886,ytdjhyjyutku.blogspot.co.id
apwg_sample_4190/2023-07/2023-07-03/2023-07-03-115690.png,Facebook,Facebook,1,tagBox1,0.9329389,officialnews.tvukvideo.site
apwg_sample_4190/2023-07/2023-07-12/2023-07-12-39147.png,Facebook,Banco do Brasil S.A,1,tagBox1,0.8454442,sanhayanthay.blogspot.com.au
apwg_sample_4190/2023-06/2023-06-19/2023-06-19-144488.png,Facebook,Facebook,1,tagBox1,0.8806844,ogioszenia.pl
apwg_sample_4190/2023-06/2023-06-19/2023-06-19-145990.png,Instagram,,0,tagBox1,0.67955697,instragram45126.nazihostlive.xyz
apwg_sample_4190/2023-06/2023-06-15/2023-06-15-129869.png,Facebook,Facebook,1,tagBox1,0.8806844,autosprzedaz-kolinski.pl
apwg_sample_4190/2023-06/2023-06-06/2023-06-06-178143.png,Robinhood Markets,,0,tagBox1,0.7656513,robinhoudlogine.webador.com
apwg_sample_4190/2023-06/2023-06-14/2023-06-14-150844.png,Facebook,Facebook,1,tagBox1,0.8806844,handelauto-wola.pl
apwg_sample_4190/2023-06/2023-06-14/2023-06-14-150993.png,Facebook,Facebook,1,tagBox1,0.8806844,regionalne-ogloszenia.pl
apwg_sample_4190/2023-06/2023-06-14/2023-06-14-151065.png,Facebook,Facebook,1,tagBox1,0.8806844,forum-uzywane.net.pl
apwg_sample_4190/2023-06/2023-06-19/2023-06-19-139323.png,Facebook,Facebook,1,tagBox1,0.9223021,huyytdf.blogspot.ie
apwg_sample_4190/2023-06/2023-06-19/2023-06-19-136483.png,eToro,,0,tagBox1,0.71856624,www.etorobet563.com
apwg_sample_4190/2023-06/2023-06-19/2023-06-19-141729.png,Facebook,Facebook,1,tagBox1,0.9223021,fdsdfsdfsdfsdfsdfsdf.blogspot.com.ng
apwg_sample_4190/2023-06/2023-06-19/2023-06-19-138458.png,Facebook,Facebook,1,tagBox1,0.90768886,vlxxshow.blogspot.com
apwg_sample_4190/2023-06/2023-06-17/2023-06-17-171159.png,Facebook,Facebook,1,tagBox1,0.8806844,regionaine-ogioszenia.pl
apwg_sample_4190/2023-06/2023-06-20/2023-06-20-158528.png,Facebook,Facebook,1,tagBox1,0.9037555,cvcxbcvsdsd4ds.blogspot.ug
apwg_sample_4190/2023-07/2023-07-31/2023-07-31-16962.png,Facebook,Facebook,1,tagBox1,0.9309268,prblm-checkpoint88151.duckdns.org
apwg_sample_4190/2023-07/2023-07-01/2023-07-01-20352.png,Facebook,Facebook,1,tagBox1,0.8825573,poiskie-auta.pl
apwg_sample_4190/2023-07/2023-07-03/2023-07-03-115642.png,Facebook,Facebook,1,tagBox1,0.9067111,wsecu.banking.portalpsicologico.org
apwg_sample_4190/2023-06/2023-06-30/2023-06-30-167890.png,Facebook,Facebook,1,tagBox1,0.8806844,samochody-poiska.pl
apwg_sample_4190/2023-07/2023-07-02/2023-07-02-92501.png,Facebook,Facebook,1,tagBox1,0.8806844,ogioszenia-komis.pl
apwg_sample_4190/2023-07/2023-07-02/2023-07-02-91814.png,Facebook,Magalu,1,tagBox1,0.86752295,77.91.68.34
apwg_sample_4190/2023-07/2023-07-01/2023-07-01-21519.png,United States Postal Service,nordea,1,tagBox1,0.86020374,mtpack-usps.shop
apwg_sample_4190/2023-06/2023-06-06/2023-06-06-174522.png,Facebook,,0,tagBox1,0.73797244,girl1434.blogspot.be
apwg_sample_4190/2023-06/2023-06-06/2023-06-06-179129.png,Facebook,,0,tagBox1,0.76076066,cutegirl2431.blogspot.am
apwg_sample_4190/2023-06/2023-06-18/2023-06-18-187389.png,Naver Corporation,Naver,1,tagBox1,0.91011775,naver-mail-sex-offenders.vercel.app
apwg_sample_4190/2023-07/2023-07-12/2023-07-12-38899.png,United States Postal Service,,0,tagBox1,0.7475995,uspspea.com
apwg_sample_4190/2023-07/2023-07-10/2023-07-10-6336.png,Yamato Transport,,0,tagBox1,0.72919166,weufew.cn
apwg_sample_4190/2023-07/2023-07-24/2023-07-24-121803.png,Facebook,,0,tagBox1,0.7444416,buoikuoujvcxhvsdjieuofsdufewsd.blogspot.kr
apwg_sample_4190/2023-07/2023-07-10/2023-07-10-37.png,Facebook,Facebook,1,tagBox1,0.8806844,ogloszenia-lokaine.pl
apwg_sample_4190/2023-07/2023-07-10/2023-07-10-4591.png,Apple,Apple,1,tagBox1,0.88847953,7893117893.apphkto.com
apwg_sample_4190/2023-07/2023-07-10/2023-07-10-5307.png,Facebook,Facebook,1,tagBox1,0.8806844,marketplace-bialystok.pl
apwg_sample_4190/2023-07/2023-07-08/2023-07-08-57381.png,Facebook,Facebook,1,tagBox1,0.8806844,auta-opony.pl
apwg_sample_4190/2023-07/2023-07-06/2023-07-06-98453.png,Facebook,Facebook,1,tagBox1,0.8806844,sklep.auto-lokal.pl
apwg_sample_4190/2023-07/2023-07-07/2023-07-07-105102.png,Facebook,Facebook,1,tagBox1,0.8806844,ogioszenia-samochodowe.pl
apwg_sample_4190/2023-07/2023-07-08/2023-07-08-58801.png,Facebook,Facebook,1,tagBox1,0.894161,sprzedalemyauta.biz.pl
apwg_sample_4190/2023-07/2023-07-11/2023-07-11-116871.png,Facebook,Facebook,1,tagBox1,0.8806844,sklep.samochody-ogloszenie.pl
apwg_sample_4190/2023-07/2023-07-11/2023-07-11-116921.png,Facebook,Facebook,1,tagBox1,0.8806844,ogioszenia-lokaine.pl
apwg_sample_4190/2023-07/2023-07-04/2023-07-04-95866.png,Facebook,Facebook,1,tagBox1,0.8806844,auta-handel.pl
apwg_sample_4190/2023-07/2023-07-09/2023-07-09-48514.png,Facebook,Facebook,1,tagBox1,0.8806844,autkokomls.net.pl
apwg_sample_4190/2023-07/2023-07-13/2023-07-13-51513.png,Facebook,Facebook,1,tagBox1,0.8806844,wycieczki-tanie.pl
apwg_sample_4190/2023-07/2023-07-08/2023-07-08-59155.png,Facebook,Facebook,1,tagBox1,0.88066065,lokal-auto.pl
apwg_sample_4190/2023-07/2023-07-06/2023-07-06-97188.png,Facebook,Facebook,1,tagBox1,0.87354803,handeiautomobll.net.pl
apwg_sample_4190/2023-07/2023-07-08/2023-07-08-59164.png,Facebook,Facebook,1,tagBox1,0.8806844,sklep.oglaszajmy-auta.pl
apwg_sample_4190/2023-07/2023-07-06/2023-07-06-96990.png,Facebook,Facebook,1,tagBox1,0.8806844,auto-lokal.pl
apwg_sample_4190/2023-07/2023-07-09/2023-07-09-47480.png,Facebook,Facebook,1,tagBox1,0.88066065,tanie-wycieczki.com.pl
apwg_sample_4190/2023-07/2023-07-09/2023-07-09-47924.png,Facebook,Facebook,1,tagBox1,0.8806844,handiujemy.pl
apwg_sample_4190/2023-07/2023-07-09/2023-07-09-48187.png,Facebook,Facebook,1,tagBox1,0.8825573,lokalne-auta.pl
apwg_sample_4190/2023-07/2023-07-13/2023-07-13-50354.png,Facebook,Facebook,1,tagBox1,0.8806844,auto-lokilnie.pl
apwg_sample_4190/2023-07/2023-07-07/2023-07-07-109000.png,Facebook,Facebook,1,tagBox1,0.8806844,sklep.auta-oglaszanie.pl
apwg_sample_4190/2023-07/2023-07-06/2023-07-06-96563.png,Facebook,Facebook,1,tagBox1,0.8806844,moblleauto.pl
apwg_sample_4190/2023-07/2023-07-07/2023-07-07-111385.png,Facebook,Facebook,1,tagBox1,0.8806844,casklep.auta-oglaszanie.pl
apwg_sample_4190/2023-07/2023-07-06/2023-07-06-96675.png,Facebook,Facebook,1,tagBox1,0.8806844,sklep.lokalne-auta.pl
apwg_sample_4190/2023-07/2023-07-30/2023-07-30-103549.png,Facebook,Facebook,1,tagBox1,0.88066065,komis-mazowieckie.pl
apwg_sample_4190/2023-07/2023-07-29/2023-07-29-80946.png,Namecheap,,0,tagBox1,0.7136771,iyfbodn.com
apwg_sample_4190/2023-07/2023-07-28/2023-07-28-70149.png,Facebook,Facebook,1,tagBox1,0.8806844,auto-michalak.pl
apwg_sample_4190/2023-07/2023-07-31/2023-07-31-12632.png,Namecheap,,0,tagBox1,0.70572925,iyfbodn.com
apwg_sample_4190/2023-07/2023-07-31/2023-07-31-17872.png,Namecheap,,0,tagBox1,0.6709574,ww38.best-targeted-traffic.com
apwg_sample_4190/2023-07/2023-07-30/2023-07-30-102171.png,Facebook,Facebook,1,tagBox1,0.8806844,otomoto.komis-mazowieckie.pl
apwg_sample_4190/2023-07/2023-07-31/2023-07-31-17782.png,Facebook,Facebook,1,tagBox1,0.9067111,otomoto.samochod-mazowieckie.pl
apwg_sample_4190/2023-07/2023-07-30/2023-07-30-103725.png,Namecheap,,0,tagBox1,0.7375947,ww01.conicono.com
apwg_sample_4190/2023-07/2023-07-29/2023-07-29-80884.png,Namecheap,,0,tagBox1,0.7136771,iyfbodn.com
apwg_sample_4190/2023-07/2023-07-28/2023-07-28-69008.png,United States Postal Service,nordea,1,tagBox1,0.89097035,uspspostguide.com
apwg_sample_4190/2023-07/2023-07-31/2023-07-31-12289.png,Facebook,Facebook,1,tagBox1,0.8806844,marketplace-plock.pl
apwg_sample_4190/2023-07/2023-07-31/2023-07-31-15549.png,Facebook,Facebook,1,tagBox1,0.8806844,auto-michalski.pl
apwg_sample_4190/2023-07/2023-07-30/2023-07-30-103397.png,Facebook,Facebook,1,tagBox1,0.8806844,auta-mazowieckie.pl
apwg_sample_4190/2023-07/2023-07-31/2023-07-31-15369.png,Facebook,Facebook,1,tagBox1,0.8806844,auto-sierwiecki.pl
apwg_sample_4190/2023-07/2023-07-30/2023-07-30-103265.png,Facebook,Facebook,1,tagBox1,0.8806844,marketplace-poland.pl
apwg_sample_4190/2023-07/2023-07-31/2023-07-31-16969.png,Namecheap,,0,tagBox1,0.78583634,iyfbodn.com
apwg_sample_4190/2023-07/2023-07-29/2023-07-29-81070.png,Commonwealth Bank of Australia,Commonwealth Bank of Australia,1,tagBox1,0.94953275,commbank.uoe1.com
apwg_sample_4190/2023-07/2023-07-31/2023-07-31-13251.png,Facebook,Facebook,1,tagBox1,0.88066065,gielda-motoryzacyjna24.pl
apwg_sample_4190/2023-07/2023-07-30/2023-07-30-102499.png,Facebook,Facebook,1,tagBox1,0.8806844,www.samochod-mazowieckie.pl
apwg_sample_4190/2023-07/2023-07-31/2023-07-31-17969.png,Facebook,Facebook,1,tagBox1,0.8806844,auto-czarnecki.pl
apwg_sample_4190/2023-07/2023-07-30/2023-07-30-103342.png,Facebook,Facebook,1,tagBox1,0.8806844,www.marketplace-poland.pl
apwg_sample_4190/2023-07/2023-07-30/2023-07-30-103447.png,Facebook,Facebook,1,tagBox1,0.91090846,cadangerousotomoto.motoryzacja-sklep.pl
apwg_sample_4190/2023-07/2023-07-26/2023-07-26-59307.png,Meta,,0,tagBox1,0.7395694,meta-restrictioncase-f9179.web.app
apwg_sample_4190/2023-07/2023-07-29/2023-07-29-78285.png,Interac,,0,tagBox0,0,virmentdepose.com
apwg_sample_4190/2023-07/2023-07-30/2023-07-30-103316.png,Facebook,Facebook,1,tagBox1,0.88066065,auto-handlowe24.net.pl
apwg_sample_4190/2023-07/2023-07-30/2023-07-30-102217.png,Facebook,Facebook,1,tagBox1,0.8806844,otomoto.auta-mazowieckie.pl
apwg_sample_4190/2023-07/2023-07-29/2023-07-29-77395.png,Facebook,Facebook,1,tagBox1,0.88066065,moto-rynek24.net.pl
apwg_sample_4190/2023-07/2023-07-29/2023-07-29-80340.png,Facebook,Facebook,1,tagBox1,0.8806844,auto-siewierski.pl
apwg_sample_4190/2023-07/2023-07-30/2023-07-30-101608.png,Facebook,Facebook,1,tagBox1,0.9067111,otomoto.motoryzacja-sklep.pl
apwg_sample_4190/2023-07/2023-07-02/2023-07-02-91592.png,Facebook,Facebook,1,tagBox1,0.88066065,matteaperrotta.com
apwg_sample_4190/2023-07/2023-07-04/2023-07-04-95029.png,Facebook,Facebook,1,tagBox1,0.8806844,qliento.com
apwg_sample_4190/2023-07/2023-07-17/2023-07-17-83887.png,Meta,,0,tagBox1,0.5842901,business-page-appeal-54834.web.app
apwg_sample_4190/2023-07/2023-07-02/2023-07-02-92614.png,Facebook,Facebook,1,tagBox1,0.894161,supplementpedia.com
apwg_sample_4190/2023-07/2023-07-02/2023-07-02-92971.png,Facebook,Magalu,1,tagBox1,0.86752295,77.91.68.196
apwg_sample_4190/2023-07/2023-07-01/2023-07-01-19920.png,Facebook,Facebook,1,tagBox1,0.894161,withinaforestdark.com
apwg_sample_4190/2023-07/2023-07-25/2023-07-25-71414.png,Facebook,Facebook,1,tagBox1,0.95469475,heartt-touched-beautifull.duckdns.org
apwg_sample_4190/2023-07/2023-07-27/2023-07-27-36968.png,Facebook,,0,tagBox0,0,pubgevent.dnsme.eu.org
apwg_sample_4190/2023-07/2023-07-11/2023-07-11-118431.png,Facebook,Facebook,1,tagBox1,0.8806844,www.samochody-oglaszajmy.pl
apwg_sample_4190/2023-07/2023-07-14/2023-07-14-30433.png,Facebook,Facebook,1,tagBox1,0.88066065,auto-kaminski.net.pl
apwg_sample_4190/2023-07/2023-07-14/2023-07-14-28572.png,Facebook,Facebook,1,tagBox1,0.8806844,sprzedaj-samochody.pl
apwg_sample_4190/2023-07/2023-07-16/2023-07-16-93567.png,Facebook,Facebook,1,tagBox1,0.8806844,market-kielce.pl
apwg_sample_4190/2023-07/2023-07-16/2023-07-16-94033.png,Facebook,Facebook,1,tagBox1,0.8806844,sklep.sprzedaj-samochody.pl
apwg_sample_4190/2023-07/2023-07-14/2023-07-14-29654.png,Facebook,Facebook,1,tagBox1,0.8806844,marketplace-wroclaw.pl
apwg_sample_4190/2023-07/2023-07-16/2023-07-16-93708.png,Facebook,Facebook,1,tagBox1,0.8806844,ogloszenia-samochod.pl
apwg_sample_4190/2023-07/2023-07-14/2023-07-14-24834.png,Facebook,Facebook,1,tagBox1,0.8806844,ogloszenie-samochody.pl
apwg_sample_4190/2023-07/2023-07-16/2023-07-16-93436.png,Facebook,Facebook,1,tagBox1,0.8806844,www.sprzedaj-samochody.pl
apwg_sample_4190/2023-07/2023-07-14/2023-07-14-29675.png,Facebook,Facebook,1,tagBox1,0.8806844,auto-bogacki.net.pl
apwg_sample_4190/2023-07/2023-07-18/2023-07-18-89152.png,Facebook,Facebook,1,tagBox1,0.8806844,sklep.ogloszenie-samochod.pl
apwg_sample_4190/2023-07/2023-07-14/2023-07-14-23843.png,Facebook,Facebook,1,tagBox1,0.88066065,auto-bonkowski.net.pl
apwg_sample_4190/2023-07/2023-07-14/2023-07-14-33527.png,Facebook,Facebook,1,tagBox1,0.8806844,www.market-kielce.pl
apwg_sample_4190/2023-07/2023-07-15/2023-07-15-87827.png,Facebook,Facebook,1,tagBox1,0.8806844,www.marketplace-wroclaw.pl
apwg_sample_4190/2023-07/2023-07-11/2023-07-11-117269.png,Facebook,Facebook,1,tagBox1,0.8806844,marketplace-kielce.pl
apwg_sample_4190/2023-07/2023-07-18/2023-07-18-88838.png,United States Postal Service,nordea,1,tagBox1,0.8780579,usqsia.top
apwg_sample_4190/2023-07/2023-07-15/2023-07-15-85526.png,Facebook,Facebook,1,tagBox1,0.8806844,auto-mojsiuk.net.pl
apwg_sample_4190/2023-07/2023-07-18/2023-07-18-91222.png,Facebook,Facebook,1,tagBox1,0.87354803,ciillq7ijutvtpdli5qg.auto-lokilnie.pl
apwg_sample_4190/2023-07/2023-07-14/2023-07-14-29121.png,Facebook,Facebook,1,tagBox1,0.8806844,mottohandel.pl
apwg_sample_4190/2023-07/2023-07-11/2023-07-11-118688.png,Facebook,Facebook,1,tagBox1,0.8806844,www.marketplace-kielce.pl
apwg_sample_4190/2023-07/2023-07-13/2023-07-13-57122.png,Facebook,Facebook,1,tagBox1,0.8806844,www.ogloszenie-samochod.pl
apwg_sample_4190/2023-07/2023-07-13/2023-07-13-56356.png,Facebook,Facebook,1,tagBox1,0.8806844,ogloszenie-samochod.pl
apwg_sample_4190/2023-07/2023-07-11/2023-07-11-118531.png,Facebook,Facebook,1,tagBox1,0.8806844,samochody-oglaszajmy.pl
apwg_sample_4190/2023-07/2023-07-19/2023-07-19-42887.png,Facebook,youtube,1,tagBox1,0.9222719,safsffafs77.vercel.app
apwg_sample_4190/2023-07/2023-07-25/2023-07-25-72785.png,Facebook,Facebook,1,tagBox1,0.8806844,www.polska-marketplace.pl
apwg_sample_4190/2023-07/2023-07-25/2023-07-25-72232.png,United States Postal Service,nordea,1,tagBox1,0.83988655,check.updatenewpost.com
apwg_sample_4190/2023-07/2023-07-25/2023-07-25-72309.png,Facebook,Facebook,1,tagBox1,0.8806844,nasze-auto.pl
apwg_sample_4190/2023-07/2023-07-24/2023-07-24-120100.png,Facebook,Facebook,1,tagBox1,0.8806844,olx.oglaszajmy-samochody.pl
apwg_sample_4190/2023-07/2023-07-24/2023-07-24-122598.png,Facebook,Facebook,1,tagBox1,0.91535425,ciuo48r9k5vhu9qrdhi0.oglaszanie-samochody.pl
apwg_sample_4190/2023-07/2023-07-28/2023-07-28-69301.png,Facebook,Facebook,1,tagBox1,0.8806844,autocar-listwajan.net.pl
apwg_sample_4190/2023-07/2023-07-28/2023-07-28-69335.png,Facebook,Facebook,1,tagBox1,0.8806844,elektronika-domowa.pl
apwg_sample_4190/2023-07/2023-07-26/2023-07-26-62019.png,Facebook,Facebook,1,tagBox1,0.8806844,auto-brzezinski.pl
apwg_sample_4190/2023-07/2023-07-24/2023-07-24-122438.png,Facebook,Facebook,1,tagBox1,0.8806844,holx.oglaszajmy-samochody.pl
apwg_sample_4190/2023-07/2023-07-24/2023-07-24-121688.png,Facebook,Facebook,1,tagBox1,0.8806844,oglaszajmy-samochody.pl
apwg_sample_4190/2023-07/2023-07-27/2023-07-27-35034.png,Facebook,Facebook,1,tagBox1,0.8806844,motohandel-wolski.pl
apwg_sample_4190/2023-07/2023-07-26/2023-07-26-61096.png,Facebook,Facebook,1,tagBox1,0.8806844,auto-bednarz.pl
apwg_sample_4190/2023-07/2023-07-23/2023-07-23-63172.png,Facebook,Facebook,1,tagBox1,0.8806844,colx.oglaszanie-samochody.pl
apwg_sample_4190/2023-07/2023-07-26/2023-07-26-61785.png,Facebook,Facebook,1,tagBox1,0.8806844,auto-dabrowski.pl
apwg_sample_4190/2023-07/2023-07-27/2023-07-27-35263.png,Facebook,Facebook,1,tagBox1,0.88066065,polska-marketplace.pl
apwg_sample_4190/2023-07/2023-07-24/2023-07-24-119461.png,Facebook,Facebook,1,tagBox1,0.8806844,oglaszanie-samochody.pl
apwg_sample_4190/2023-07/2023-07-27/2023-07-27-36194.png,Facebook,Facebook,1,tagBox1,0.8806844,motoryzacja-auto.pl
apwg_sample_4190/2023-07/2023-07-26/2023-07-26-61245.png,Facebook,Facebook,1,tagBox1,0.9067111,otomoto.motoryzacja-auto.pl
apwg_sample_4190/2023-07/2023-07-26/2023-07-26-60547.png,Facebook,Facebook,1,tagBox1,0.8806844,bonkowski-auto-handel.net.pl
apwg_sample_4190/2023-07/2023-07-25/2023-07-25-72950.png,Facebook,Facebook,1,tagBox1,0.8806844,olx.oglaszanie-samochody.pl
apwg_sample_4190/2023-07/2023-07-23/2023-07-23-62845.png,Facebook,Facebook,1,tagBox1,0.8806844,oglaszamy-warszawa.pl
apwg_sample_4190/2023-07/2023-07-25/2023-07-25-73060.png,Facebook,Facebook,1,tagBox1,0.8806844,olx.nasze-auta.pl
apwg_sample_4190/2023-07/2023-07-24/2023-07-24-121933.png,Facebook,Facebook,1,tagBox1,0.9329389,clickfunellsefdsa.clickfunnels.com
apwg_sample_4190/2023-07/2023-07-12/2023-07-12-41845.png,Facebook,,0,tagBox1,0.7455114,thanhnnhnahnh.blogspot.com
apwg_sample_4190/2023-07/2023-07-12/2023-07-12-37885.png,Facebook,,0,tagBox0,0,subachaynha.blogspot.co.uk
apwg_sample_4190/2023-07/2023-07-12/2023-07-12-37749.png,Facebook,Facebook,1,tagBox1,0.8939324,dfg65d4f5g46d5f4g64df4gfdg.blogspot.kr
apwg_sample_4190/2023-07/2023-07-12/2023-07-12-42037.png,Facebook,,0,tagBox0,0,dfhdfgsdfsadf.blogspot.rs
apwg_sample_4190/2023-07/2023-07-12/2023-07-12-39380.png,Facebook,,0,tagBox1,0.7455114,chaynhanhnaoem.blogspot.al
apwg_sample_4190/2023-07/2023-07-11/2023-07-11-118860.png,Facebook,Facebook,1,tagBox1,0.8806844,sklep.sprawne-auto.pl
apwg_sample_4190/2023-07/2023-07-12/2023-07-12-42149.png,Facebook,Banco do Brasil S.A,1,tagBox1,0.85871685,fkgyil.blogspot.com.ee
apwg_sample_4190/2023-07/2023-07-11/2023-07-11-118600.png,Facebook,Facebook,1,tagBox1,0.8939324,dgdgdgd5656d5g6dgdg.blogspot.is
apwg_sample_4190/2023-07/2023-07-22/2023-07-22-45448.png,Facebook,Facebook,1,tagBox1,0.8806844,otomoto.sklep-samochody.pl
apwg_sample_4190/2023-07/2023-07-19/2023-07-19-43569.png,Facebook,,0,tagBox0,0,lynktree.my.id
apwg_sample_4190/2023-07/2023-07-19/2023-07-19-43537.png,Facebook,Facebook,1,tagBox1,0.8806844,tani-samochod.pl
apwg_sample_4190/2023-07/2023-07-21/2023-07-21-67779.png,Facebook,Facebook,1,tagBox1,0.8806844,otomoto.tani-samochod.pl
apwg_sample_4190/2023-07/2023-07-25/2023-07-25-73218.png,Facebook,youtube,1,tagBox1,0.9222719,me2.kr
apwg_sample_4190/2023-07/2023-07-21/2023-07-21-66173.png,Facebook,Facebook,1,tagBox1,0.8806844,www.sklep-samochody.pl
apwg_sample_4190/2023-07/2023-07-18/2023-07-18-89570.png,Facebook,Facebook,1,tagBox1,0.8806844,marketplace-elblag.pl
apwg_sample_4190/2023-07/2023-07-16/2023-07-16-94010.png,Facebook,Facebook,1,tagBox1,0.8806844,autolato.net.pl
apwg_sample_4190/2023-07/2023-07-24/2023-07-24-119220.png,Facebook,Facebook,1,tagBox1,0.8806844,autohandel-zolkowscy.pl
apwg_sample_4190/2023-07/2023-07-23/2023-07-23-63117.png,Facebook,Facebook,1,tagBox1,0.8806844,ogloszenia-komis.pl
apwg_sample_4190/2023-07/2023-07-21/2023-07-21-67957.png,Facebook,Facebook,1,tagBox1,0.8806844,autohandel-krakowski.net.pl
apwg_sample_4190/2023-07/2023-07-24/2023-07-24-122199.png,Facebook,Facebook,1,tagBox1,0.8806844,ogloszenie-warszawa.pl
apwg_sample_4190/2023-07/2023-07-22/2023-07-22-46381.png,Meta,,0,tagBox0,0,subhelp-80member.duckdns.org
apwg_sample_4190/2023-07/2023-07-22/2023-07-22-46019.png,Facebook,Facebook,1,tagBox1,0.9067111,cisqlor9k5vhu9q70rr0.ogloszenia-komis.pl
apwg_sample_4190/2023-07/2023-07-21/2023-07-21-68350.png,Facebook,Facebook,1,tagBox1,0.8806844,marketplace-gdynia.pl
apwg_sample_4190/2023-07/2023-07-22/2023-07-22-46801.png,Facebook,Facebook,1,tagBox1,0.8806844,grafana.sklep-samochody.pl
apwg_sample_4190/2023-07/2023-07-24/2023-07-24-119736.png,Facebook,Facebook,1,tagBox1,0.8806844,olx.oglaszamy-warszawa.pl
apwg_sample_4190/2023-07/2023-07-21/2023-07-21-67611.png,Facebook,Facebook,1,tagBox1,0.8806844,autohandel-kozlowski.net.pl
apwg_sample_4190/2023-07/2023-07-21/2023-07-21-66014.png,Facebook,Facebook,1,tagBox1,0.88066065,auto-sierakowski.net.pl
apwg_sample_4190/2023-07/2023-07-23/2023-07-23-63368.png,Facebook,Facebook,1,tagBox1,0.8806844,www.oglaszamy-warszawa.pl
apwg_sample_4190/2023-07/2023-07-24/2023-07-24-120050.png,Facebook,Facebook,1,tagBox1,0.8806844,www.ogloszenie-warszawa.pl
apwg_sample_4190/2023-07/2023-07-24/2023-07-24-119156.png,Facebook,Facebook,1,tagBox1,0.8806844,olx.ogloszenia-komis.pl
apwg_sample_4190/2023-07/2023-07-20/2023-07-20-100659.png,Facebook,Facebook,1,tagBox1,0.88066065,auto-majewski.net.pl
apwg_sample_4190/2023-07/2023-07-24/2023-07-24-122092.png,Facebook,Facebook,1,tagBox1,0.91535425,cis0i339k5vhu9q0b2ig.sklep-samochody.pl
apwg_sample_4190/2023-07/2023-07-13/2023-07-13-48944.png,Facebook,Facebook,1,tagBox1,0.86593205,sadsadgjhghjsdasgjhfghjgh.blogspot.mx
apwg_sample_4190/2023-07/2023-07-23/2023-07-23-63489.png,Facebook,Facebook,1,tagBox1,0.8806844,auto-borowski.pl
apwg_sample_4190/2023-07/2023-07-24/2023-07-24-120206.png,Facebook,Facebook,1,tagBox1,0.88066065,auto-michalczewski.pl
apwg_sample_4190/2023-07/2023-07-29/2023-07-29-78243.png,Facebook,Facebook,1,tagBox1,0.9464966,viewsitetoday.com
apwg_sample_4190/2023-07/2023-07-20/2023-07-20-101391.png,Facebook,,0,tagBox0,0,mail.djg.las.work.gd
apwg_sample_4190/2023-07/2023-07-25/2023-07-25-73325.png,Facebook,Facebook,1,tagBox1,0.8806844,autohandel-olczewski.net.pl
apwg_sample_4190/2023-07/2023-07-24/2023-07-24-121308.png,Facebook,Facebook,1,tagBox1,0.8806844,auto-niedzielski.pl
apwg_sample_4190/2023-07/2023-07-24/2023-07-24-121351.png,Facebook,Facebook,1,tagBox1,0.8806844,carhandel-jablonski.pl
apwg_sample_4190/2023-07/2023-07-25/2023-07-25-72180.png,Facebook,Facebook,1,tagBox1,0.8806844,auto-baranowski.pl
apwg_sample_4190/2023-07/2023-07-24/2023-07-24-119021.png,Facebook,Facebook,1,tagBox1,0.8806844,auto-wisniewski.pl
apwg_sample_4190/2023-07/2023-07-03/2023-07-03-113737.png,Facebook,Facebook,1,tagBox1,0.8806844,handei-ogloszenia.pl
apwg_sample_4190/2023-07/2023-07-04/2023-07-04-95040.png,Facebook,Facebook,1,tagBox1,0.8806844,marketplace-szczecin.pl
apwg_sample_4190/2023-07/2023-07-03/2023-07-03-115302.png,Facebook,Facebook,1,tagBox1,0.8806844,ogloszenia-lokalnie.pl
apwg_sample_4190/2023-07/2023-07-29/2023-07-29-77534.png,Facebook,,0,tagBox0,0,obencahem.blogspot.dk
apwg_sample_4190/2023-07/2023-07-29/2023-07-29-78283.png,Facebook,Facebook,1,tagBox1,0.8806844,www.motoryzacje-sklep.pl
apwg_sample_4190/2023-07/2023-07-29/2023-07-29-78798.png,Facebook,Facebook,1,tagBox1,0.8806844,motoryzacje-sklep.pl
apwg_sample_4190/2023-07/2023-07-29/2023-07-29-77917.png,Facebook,Facebook,1,tagBox1,0.8806844,samochodowe-ogloszenia.pl
apwg_sample_4190/2023-07/2023-07-29/2023-07-29-81504.png,Facebook,Facebook,1,tagBox1,0.8806844,warszawa-auto.pl
apwg_sample_4190/2023-07/2023-07-17/2023-07-17-81757.png,Facebook,Facebook,1,tagBox1,0.88066065,okazje-samochod.pl
apwg_sample_4190/2023-07/2023-07-17/2023-07-17-82893.png,"Rakuten Group, Inc.",,0,tagBox1,0.7407521,shop.etxauc.top
apwg_sample_4190/2023-07/2023-07-17/2023-07-17-82686.png,Facebook,Facebook,1,tagBox1,0.9150044,gsdgsdvdsvc.blogspot.sn
apwg_sample_4190/2023-07/2023-07-17/2023-07-17-83463.png,Facebook,,0,tagBox1,0.8090391,love188888.blogspot.com
apwg_sample_4190/2023-07/2023-07-16/2023-07-16-93549.png,Facebook,Facebook,1,tagBox1,0.8806844,skiep.sprzedaj-samochody.pl
apwg_sample_4190/2023-07/2023-07-17/2023-07-17-82810.png,Facebook,Facebook,1,tagBox1,0.8806844,auto-paneek.blog
apwg_sample_4190/2023-07/2023-07-16/2023-07-16-93715.png,Facebook,Facebook,1,tagBox1,0.894161,sklep.samochody.blog
apwg_sample_4190/2023-07/2023-07-16/2023-07-16-93496.png,Facebook,Facebook,1,tagBox1,0.88066065,auto-kaszubski.blog
apwg_sample_4190/2023-07/2023-07-15/2023-07-15-87355.png,Facebook,Facebook,1,tagBox1,0.8806844,sklep.tanie-samochody.com
apwg_sample_4190/2023-07/2023-07-15/2023-07-15-88681.png,Instagram,,0,tagBox0,0,legitsabong.com
apwg_sample_4190/2023-07/2023-07-16/2023-07-16-93849.png,Facebook,Facebook,1,tagBox1,0.91090846,cipec9fijutr7v5vid90.tanie-samochody.com
apwg_sample_4190/2023-07/2023-07-15/2023-07-15-88135.png,Facebook,Facebook,1,tagBox1,0.91090846,cipec9fijutr7v5vid9g.samochody.blog
apwg_sample_4190/2023-07/2023-07-15/2023-07-15-87894.png,Instagram,,0,tagBox1,0.6832752,pureluck999.live
apwg_sample_4190/2023-07/2023-07-15/2023-07-15-87239.png,Facebook,Facebook,1,tagBox1,0.9067111,siesklep.samochody.blog
apwg_sample_4190/2023-07/2023-07-02/2023-07-02-92816.png,Facebook,Facebook,1,tagBox1,0.8806844,market-bialystok.pl
apwg_sample_4190/2023-07/2023-07-04/2023-07-04-95504.png,Meta,,0,tagBox0,0,metaverified.fun
apwg_sample_4190/2023-07/2023-07-04/2023-07-04-95213.png,Meta,,0,tagBox0,0,metaverificado.fun.legitred.com
apwg_sample_4190/2023-07/2023-07-03/2023-07-03-114989.png,Facebook,,0,tagBox1,0.8187727,kjkjkjkkjjkjkhjk.blogspot.com
apwg_sample_4190/2023-07/2023-07-03/2023-07-03-113488.png,Facebook,Banco do Brasil S.A,1,tagBox1,0.8935238,hotcucxxxx.blogspot.lt
apwg_sample_4190/2023-07/2023-07-20/2023-07-20-100028.png,Facebook,,0,tagBox1,0.68728393,kasihpahamdong.github.io
apwg_sample_4190/2023-07/2023-07-03/2023-07-03-113873.png,Facebook,Banco do Brasil S.A,1,tagBox1,0.88315594,hgjghjgfhhjgghj.blogspot.be
apwg_sample_4190/2023-07/2023-07-03/2023-07-03-116369.png,Facebook,Bankia,1,tagBox1,0.8426974,kjhlkjlkjlljkkljkljjkl.blogspot.kr
apwg_sample_4190/2023-07/2023-07-03/2023-07-03-114090.png,Facebook,,0,tagBox1,0.78043014,jhgjgjghjghjghj.blogspot.com.au
apwg_sample_4190/2023-07/2023-07-03/2023-07-03-113664.png,Facebook,,0,tagBox1,0.8090017,fjhgfhjhgjghjgh.blogspot.hk
apwg_sample_4190/2023-07/2023-07-03/2023-07-03-114472.png,Facebook,Bankia,1,tagBox1,0.84717375,sdgsdgffgdhfd.blogspot.sk
apwg_sample_4190/2023-07/2023-07-03/2023-07-03-116367.png,Facebook,,0,tagBox1,0.72129047,ttryryrtyr756rtyurtyu.blogspot.com.es
apwg_sample_4190/2023-07/2023-07-03/2023-07-03-113320.png,Facebook,,0,tagBox1,0.78043014,fghfgjfgjgfjfgjgf.blogspot.ru
